alg,fid,dim,seed,f,err,nfe
EAO,1,10,2026,300.0000000000003,2.8421709430404007e-13,15030
EAO,1,10,2027,300.0000000000406,4.058620106661692e-11,15030
EAO,1,10,2028,300.0000000890942,8.909421467251377e-08,15030
EAO,1,10,2029,300.00000000000114,1.1368683772161603e-12,15030
EAO,1,10,2030,300.00000000000165,1.6484591469634324e-12,15030
EAO,1,10,2031,300.00000000000216,2.1600499167107046e-12,15030
EAO,1,10,2032,300.00000052664376,5.26643759712897e-07,15030
EAO,1,10,2033,300.0000000247637,2.476372173987329e-08,15030
EAO,1,10,2034,300.000002140977,2.140977017006662e-06,15030
EAO,1,10,2035,300.00000000000045,4.547473508864641e-13,15030
EAO,1,10,2036,300.00000000007606,7.605649443576112e-11,15030
EAO,1,10,2037,300.00000000359535,3.595346242946107e-09,15030
EAO,1,10,2038,300.00000082377625,8.237762472163013e-07,15030
EAO,1,10,2039,300.00000000000074,7.389644451905042e-13,15030
EAO,1,10,2040,300.00000564988534,5.649885338243621e-06,15030
EAO,1,10,2041,300.00000000000017,1.7053025658242404e-13,15030
EAO,1,10,2042,300.0000000000002,2.2737367544323206e-13,15030
EAO,1,10,2043,300.00000015962155,1.596215497556841e-07,15030
EAO,1,10,2044,300.0000000065284,6.52840981274494e-09,15030
EAO,1,10,2045,300.0000000000005,5.115907697472721e-13,15030
EAO,1,10,2046,300.00000000000375,3.751665644813329e-12,15030
EAO,1,10,2047,300.0000002311004,2.311003868271655e-07,15030
EAO,1,10,2048,300.00000000008777,8.776623872108757e-11,15030
EAO,1,10,2049,300.00000000643934,6.4393361753900535e-09,15030
EAO,1,10,2050,300.0000000000067,6.707523425575346e-12,15030
EAO,1,10,2051,300.0000000000261,2.609112925711088e-11,15030
EAO,1,10,2052,300.0000000013589,1.3588987712864764e-09,15030
EAO,1,10,2053,300.0000000000032,3.183231456205249e-12,15030
EAO,1,10,2054,300.00000000000034,3.410605131648481e-13,15030
EAO,1,10,2055,300.0000084831909,8.483190924835071e-06,15030
EAO,2,10,2026,400.0988085233818,0.09880852338181967,15030
EAO,2,10,2027,408.91610254569645,8.916102545696447,15030
EAO,2,10,2028,408.91610193691145,8.916101936911446,15030
EAO,2,10,2029,405.87676464919775,5.876764649197753,15030
EAO,2,10,2030,400.0878401186677,0.0878401186677138,15030
EAO,2,10,2031,404.526716673896,4.526716673895976,15030
EAO,2,10,2032,400.00061564706766,0.0006156470676614845,15030
EAO,2,10,2033,405.9569559269049,5.956955926904925,15030
EAO,2,10,2034,408.91611590030436,8.916115900304362,15030
EAO,2,10,2035,400.039909576604,0.03990957660397498,15030
EAO,2,10,2036,408.91610533305993,8.916105333059932,15030
EAO,2,10,2037,405.4140260891089,5.414026089108916,15030
EAO,2,10,2038,400.05811583455875,0.05811583455874825,15030
EAO,2,10,2039,400.0090736932184,0.009073693218397239,15030
EAO,2,10,2040,406.97338234559834,6.973382345598338,15030
EAO,2,10,2041,408.9161019285648,8.916101928564785,15030
EAO,2,10,2042,408.9161619382331,8.916161938233074,15030
EAO,2,10,2043,408.91610192882354,8.916101928823537,15030
EAO,2,10,2044,405.2757303381176,5.275730338117626,15030
EAO,2,10,2045,405.69415468782313,5.694154687823129,15030
EAO,2,10,2046,408.91610192779984,8.916101927799843,15030
EAO,2,10,2047,403.9874024421024,3.9874024421023933,15030
EAO,2,10,2048,408.9161020511,8.916102051099983,15030
EAO,2,10,2049,400.0802733453957,0.0802733453957103,15030
EAO,2,10,2050,400.0027462607099,0.0027462607098982517,15030
EAO,2,10,2051,406.3311078023314,6.331107802331417,15030
EAO,2,10,2052,408.91610257413555,8.91610257413555,15030
EAO,2,10,2053,408.9161020189599,8.916102018959918,15030
EAO,2,10,2054,406.1128339128869,6.112833912886913,15030
EAO,2,10,2055,405.46521029246514,5.4652102924651444,15030
EAO,3,10,2026,600.0000000000001,1.1368683772161603e-13,15030
EAO,3,10,2027,600.0000000000005,4.547473508864641e-13,15030
EAO,3,10,2028,600.0000000000002,2.2737367544323206e-13,15030
EAO,3,10,2029,600.0000000000001,1.1368683772161603e-13,15030
EAO,3,10,2030,600.0000000000008,7.958078640513122e-13,15030
EAO,3,10,2031,600.0000000000001,1.1368683772161603e-13,15030
EAO,3,10,2032,600.0000000000001,1.1368683772161603e-13,15030
EAO,3,10,2033,600.0000000000002,2.2737367544323206e-13,15030
EAO,3,10,2034,600.0000000000016,1.5916157281026244e-12,15030
EAO,3,10,2035,600.0000000000003,3.410605131648481e-13,15030
EAO,3,10,2036,600.0000000000015,1.4779288903810084e-12,15030
EAO,3,10,2037,600.0000000000003,3.410605131648481e-13,15030
EAO,3,10,2038,600.0000000000003,3.410605131648481e-13,15030
EAO,3,10,2039,600.0000000000001,1.1368683772161603e-13,15030
EAO,3,10,2040,600.0000000000002,2.2737367544323206e-13,15030
EAO,3,10,2041,600.0000000000001,1.1368683772161603e-13,15030
EAO,3,10,2042,600.0000000000001,1.1368683772161603e-13,15030
EAO,3,10,2043,600.0000000000002,2.2737367544323206e-13,15030
EAO,3,10,2044,600.0000000000005,4.547473508864641e-13,15030
EAO,3,10,2045,600.0000000000003,3.410605131648481e-13,15030
EAO,3,10,2046,600.0000000000001,1.1368683772161603e-13,15030
EAO,3,10,2047,600.0000000000006,5.684341886080801e-13,15030
EAO,3,10,2048,600.0000000000003,3.410605131648481e-13,15030
EAO,3,10,2049,600.0000000000002,2.2737367544323206e-13,15030
EAO,3,10,2050,600.0000000000007,6.821210263296962e-13,15030
EAO,3,10,2051,600.0000000000001,1.1368683772161603e-13,15030
EAO,3,10,2052,600.0000000000027,2.7284841053187847e-12,15030
EAO,3,10,2053,600.0000000000001,1.1368683772161603e-13,15030
EAO,3,10,2054,600.0000000000013,1.2505552149377763e-12,15030
EAO,3,10,2055,600.0000000000002,2.2737367544323206e-13,15030
EAO,4,10,2026,861.0326729041651,61.03267290416511,15030
EAO,4,10,2027,835.759353040465,35.759353040465044,15030
EAO,4,10,2028,842.4867297321122,42.48672973211217,15030
EAO,4,10,2029,845.706621587408,45.706621587407994,15030
EAO,4,10,2030,828.3428064933405,28.342806493340504,15030
EAO,4,10,2031,859.0820125603019,59.082012560301905,15030
EAO,4,10,2032,836.0281899338239,36.02818993382391,15030
EAO,4,10,2033,849.2384697717725,49.23846977177254,15030
EAO,4,10,2034,842.9845667906582,42.984566790658164,15030
EAO,4,10,2035,821.9221840297104,21.922184029710365,15030
EAO,4,10,2036,842.1471581215487,42.14715812154873,15030
EAO,4,10,2037,817.6323217773185,17.632321777318452,15030
EAO,4,10,2038,852.8639127633244,52.86391276332438,15030
EAO,4,10,2039,858.030488408875,58.030488408875044,15030
EAO,4,10,2040,840.2552704013474,40.25527040134739,15030
EAO,4,10,2041,857.2578238289946,57.25782382899456,15030
EAO,4,10,2042,832.0,32.0,15030
EAO,4,10,2043,834.9883660010121,34.98836600101208,15030
EAO,4,10,2044,845.4890342686405,45.48903426864047,15030
EAO,4,10,2045,836.6786359399939,36.67863593999391,15030
EAO,4,10,2046,833.2759540863881,33.27595408638808,15030
EAO,4,10,2047,876.3999418866462,76.39994188664616,15030
EAO,4,10,2048,860.4193955146967,60.4193955146967,15030
EAO,4,10,2049,856.7500474986089,56.750047498608865,15030
EAO,4,10,2050,861.457996758905,61.45799675890498,15030
EAO,4,10,2051,840.0318125952481,40.031812595248084,15030
EAO,4,10,2052,838.8082086841657,38.80820868416572,15030
EAO,4,10,2053,828.2491885647515,28.249188564751535,15030
EAO,4,10,2054,863.4197845680361,63.41978456803611,15030
EAO,4,10,2055,853.2528863150822,53.25288631508215,15030
EAO,5,10,2026,900.0000055718755,5.571875476562127e-06,15030
EAO,5,10,2027,900.0895320147246,0.0895320147245684,15030
EAO,5,10,2028,900.0000016416742,1.6416742028013687e-06,15030
EAO,5,10,2029,900.0000023768335,2.3768335495333304e-06,15030
EAO,5,10,2030,900.0000194123517,1.941235166214028e-05,15030
EAO,5,10,2031,900.0000002837819,2.8378190108924173e-07,15030
EAO,5,10,2032,900.0000000000053,5.343281372915953e-12,15030
EAO,5,10,2033,900.0000010101719,1.0101718999067089e-06,15030
EAO,5,10,2034,900.0000219847453,2.1984745330883015e-05,15030
EAO,5,10,2035,900.0000114279773,1.142797725606215e-05,15030
EAO,5,10,2036,900.0000103163965,1.0316396469534084e-05,15030
EAO,5,10,2037,900.0000000633058,6.330583346425556e-08,15030
EAO,5,10,2038,900.0000170016009,1.7001600895127922e-05,15030
EAO,5,10,2039,900.0000001917189,1.9171886833646568e-07,15030
EAO,5,10,2040,900.0000004672202,4.6722016122657806e-07,15030
EAO,5,10,2041,900.0000000001161,1.1607426131376997e-10,15030
EAO,5,10,2042,900.0000000000002,2.2737367544323206e-13,15030
EAO,5,10,2043,900.0000406538112,4.0653811197444156e-05,15030
EAO,5,10,2044,900.0000010312825,1.0312825224900735e-06,15030
EAO,5,10,2045,900.0000001008706,1.0087057944474509e-07,15030
EAO,5,10,2046,900.0000001776518,1.7765182747098152e-07,15030
EAO,5,10,2047,900.0000344198615,3.4419861549395137e-05,15030
EAO,5,10,2048,900.0000008448712,8.448712378594792e-07,15030
EAO,5,10,2049,900.0000002147191,2.1471907984960126e-07,15030
EAO,5,10,2050,900.0895292247916,0.08952922479159042,15030
EAO,5,10,2051,900.0000000109437,1.0943722372758202e-08,15030
EAO,5,10,2052,900.0000000017187,1.7187176126753911e-09,15030
EAO,5,10,2053,900.0000000001442,1.4415491023100913e-10,15030
EAO,5,10,2054,900.0000000417614,4.176138190814527e-08,15030
EAO,5,10,2055,900.0000006722034,6.722034413542133e-07,15030
EAO,6,10,2026,7520.185490077474,5720.185490077474,15030
EAO,6,10,2027,5514.660552026673,3714.660552026673,15030
EAO,6,10,2028,2140.044950345043,340.04495034504316,15030
EAO,6,10,2029,4910.024402797923,3110.0244027979234,15030
EAO,6,10,2030,2661.1221228655654,861.1221228655654,15030
EAO,6,10,2031,2022.103950426774,222.10395042677396,15030
EAO,6,10,2032,7667.297245416047,5867.297245416047,15030
EAO,6,10,2033,5624.703704683594,3824.703704683594,15030
EAO,6,10,2034,3390.9484648503085,1590.9484648503085,15030
EAO,6,10,2035,4721.166474515636,2921.166474515636,15030
EAO,6,10,2036,2612.9201930253193,812.9201930253193,15030
EAO,6,10,2037,3723.938067191094,1923.938067191094,15030
EAO,6,10,2038,7467.403890980039,5667.403890980039,15030
EAO,6,10,2039,4034.3793071379228,2234.3793071379228,15030
EAO,6,10,2040,3850.895161685137,2050.895161685137,15030
EAO,6,10,2041,3855.9257525297303,2055.9257525297303,15030
EAO,6,10,2042,4225.652888527703,2425.652888527703,15030
EAO,6,10,2043,8660.961139568537,6860.961139568537,15030
EAO,6,10,2044,5635.387421501761,3835.3874215017613,15030
EAO,6,10,2045,4404.5846167593645,2604.5846167593645,15030
EAO,6,10,2046,5022.111734538151,3222.111734538151,15030
EAO,6,10,2047,2096.7164717027736,296.71647170277356,15030
EAO,6,10,2048,3746.945085326337,1946.945085326337,15030
EAO,6,10,2049,3668.1221157252608,1868.1221157252608,15030
EAO,6,10,2050,3192.4020536551034,1392.4020536551034,15030
EAO,6,10,2051,18051.110860101508,16251.110860101508,15030
EAO,6,10,2052,5277.516836851191,3477.5168368511913,15030
EAO,6,10,2053,2631.2110896582635,831.2110896582635,15030
EAO,6,10,2054,1907.4980214861846,107.4980214861846,15030
EAO,6,10,2055,2826.9385203108277,1026.9385203108277,15030
EAO,7,10,2026,2036.509297541287,36.50929754128697,15030
EAO,7,10,2027,2033.819791145245,33.81979114524506,15030
EAO,7,10,2028,2031.7398858592176,31.739885859217566,15030
EAO,7,10,2029,2032.9063170873587,32.90631708735873,15030
EAO,7,10,2030,2025.8451065264553,25.84510652645531,15030
EAO,7,10,2031,2037.1190205030193,37.11902050301933,15030
EAO,7,10,2032,2046.5765404775407,46.576540477540675,15030
EAO,7,10,2033,2041.8437511629622,41.843751162962235,15030
EAO,7,10,2034,2033.470591653725,33.47059165372502,15030
EAO,7,10,2035,2040.0338893856156,40.033889385615566,15030
EAO,7,10,2036,2032.8662118452849,32.86621184528485,15030
EAO,7,10,2037,2032.9820247299435,32.98202472994353,15030
EAO,7,10,2038,2031.2406403657772,31.240640365777153,15030
EAO,7,10,2039,2036.3918460988316,36.39184609883159,15030
EAO,7,10,2040,2033.6140251639574,33.61402516395742,15030
EAO,7,10,2041,2037.833732515952,37.83373251595208,15030
EAO,7,10,2042,2029.9050886363125,29.905088636312485,15030
EAO,7,10,2043,2039.246419445017,39.246419445016954,15030
EAO,7,10,2044,2022.1490916529744,22.149091652974448,15030
EAO,7,10,2045,2035.0430774041533,35.04307740415334,15030
EAO,7,10,2046,2038.6075359817432,38.60753598174324,15030
EAO,7,10,2047,2038.05433242996,38.05433242995991,15030
EAO,7,10,2048,2030.8661906763891,30.866190676389124,15030
EAO,7,10,2049,2038.4498727298533,38.44987272985327,15030
EAO,7,10,2050,2041.6477061339754,41.64770613397536,15030
EAO,7,10,2051,2042.9266325749416,42.92663257494155,15030
EAO,7,10,2052,2030.4012422495175,30.40124224951751,15030
EAO,7,10,2053,2027.844251298572,27.84425129857209,15030
EAO,7,10,2054,2038.7544474556014,38.754447455601394,15030
EAO,7,10,2055,2034.9391953685622,34.939195368562196,15030
EAO,8,10,2026,2224.46874913621,24.468749136210135,15030
EAO,8,10,2027,2210.2311741475783,10.231174147578258,15030
EAO,8,10,2028,2225.1070810368815,25.107081036881482,15030
EAO,8,10,2029,2227.308112317987,27.308112317986797,15030
EAO,8,10,2030,2226.238568972188,26.238568972188204,15030
EAO,8,10,2031,2225.4420183371863,25.442018337186255,15030
EAO,8,10,2032,2209.4363886162614,9.43638861626141,15030
EAO,8,10,2033,2225.154508660656,25.15450866065612,15030
EAO,8,10,2034,2207.8421173659667,7.842117365966715,15030
EAO,8,10,2035,2225.6928345157644,25.69283451576439,15030
EAO,8,10,2036,2206.7235317233008,6.723531723300766,15030
EAO,8,10,2037,2206.933357592364,6.933357592363791,15030
EAO,8,10,2038,2207.034395213312,7.034395213312109,15030
EAO,8,10,2039,2226.863621904476,26.863621904476076,15030
EAO,8,10,2040,2210.629941092786,10.629941092785884,15030
EAO,8,10,2041,2225.6369092320447,25.636909232044673,15030
EAO,8,10,2042,2209.779940530254,9.779940530253953,15030
EAO,8,10,2043,2222.519826470074,22.519826470073895,15030
EAO,8,10,2044,2225.619131516686,25.61913151668614,15030
EAO,8,10,2045,2207.875069187253,7.875069187252848,15030
EAO,8,10,2046,2226.6863941424294,26.686394142429435,15030
EAO,8,10,2047,2226.1745589003613,26.174558900361262,15030
EAO,8,10,2048,2224.927451623835,24.927451623835168,15030
EAO,8,10,2049,2223.6295963499715,23.629596349971507,15030
EAO,8,10,2050,2224.5095467547912,24.509546754791245,15030
EAO,8,10,2051,2225.80706667239,25.807066672390192,15030
EAO,8,10,2052,2225.3318316392097,25.331831639209668,15030
EAO,8,10,2053,2225.433743579672,25.433743579671955,15030
EAO,8,10,2054,2225.729833786757,25.7298337867569,15030
EAO,8,10,2055,2225.9433369665658,25.943336966565766,15030
EAO,9,10,2026,2659.0943783656962,359.09437836569623,15030
EAO,9,10,2027,2300.0000038301973,3.830197329079965e-06,15030
EAO,9,10,2028,2659.09435026501,359.0943502650098,15030
EAO,9,10,2029,2300.0004875397663,0.0004875397662544856,15030
EAO,9,10,2030,2300.0000344733244,3.4473324376449455e-05,15030
EAO,9,10,2031,2300.000001318086,1.318086106039118e-06,15030
EAO,9,10,2032,2300.0000851520053,8.51520053402055e-05,15030
EAO,9,10,2033,2300.0000232439943,2.32439942919882e-05,15030
EAO,9,10,2034,2300.0000228513804,2.2851380435895408e-05,15030
EAO,9,10,2035,2300.0000003280625,3.280624696344603e-07,15030
EAO,9,10,2036,2300.000001627427,1.6274270819849335e-06,15030
EAO,9,10,2037,2300.000534432771,0.0005344327710190555,15030
EAO,9,10,2038,2300.000047969263,4.796926305061788e-05,15030
EAO,9,10,2039,2300.0000301969903,3.019699033757206e-05,15030
EAO,9,10,2040,2300.0000033777847,3.377784651092952e-06,15030
EAO,9,10,2041,2300.0002356881537,0.00023568815367980278,15030
EAO,9,10,2042,2659.0943464084066,359.09434640840664,15030
EAO,9,10,2043,2300.000127417197,0.00012741719683617703,15030
EAO,9,10,2044,2300.0000002649126,2.649126145115588e-07,15030
EAO,9,10,2045,2659.0943474990763,359.0943474990763,15030
EAO,9,10,2046,2300.000005341747,5.3417470553540625e-06,15030
EAO,9,10,2047,2300.0000053492004,5.349200364435092e-06,15030
EAO,9,10,2048,2667.2053776564,367.20537765639983,15030
EAO,9,10,2049,2300.000049466033,4.946603303324082e-05,15030
EAO,9,10,2050,2300.000102292613,0.00010229261306449189,15030
EAO,9,10,2051,2300.0000045094166,4.509416612563655e-06,15030
EAO,9,10,2052,2300.000003386495,3.3864948818518315e-06,15030
EAO,9,10,2053,2659.0943451965186,359.0943451965186,15030
EAO,9,10,2054,2300.0027551418393,0.002755141839315911,15030
EAO,9,10,2055,2300.0000050816993,5.081699328002287e-06,15030
EAO,10,10,2026,2620.8726497523226,220.87264975232256,15030
EAO,10,10,2027,2623.733236430836,223.73323643083586,15030
EAO,10,10,2028,2622.1516506588264,222.15165065882638,15030
EAO,10,10,2029,2622.537687688887,222.53768768888722,15030
EAO,10,10,2030,2621.1220572861744,221.12205728617437,15030
EAO,10,10,2031,2620.8726679179013,220.87266791790125,15030
EAO,10,10,2032,2622.151650655616,222.15165065561587,15030
EAO,10,10,2033,2714.972627680851,314.972627680851,15030
EAO,10,10,2034,2622.1353488569052,222.13534885690524,15030
EAO,10,10,2035,2622.47387735105,222.47387735104985,15030
EAO,10,10,2036,2623.404301172029,223.40430117202914,15030
EAO,10,10,2037,2622.4738766146925,222.47387661469247,15030
EAO,10,10,2038,2623.7332364311424,223.73323643114236,15030
EAO,10,10,2039,2736.8468375410566,336.84683754105663,15030
EAO,10,10,2040,2729.7925553985206,329.79255539852056,15030
EAO,10,10,2041,2626.353629091578,226.3536290915781,15030
EAO,10,10,2042,2623.4583752683384,223.4583752683384,15030
EAO,10,10,2043,2623.458375268341,223.45837526834111,15030
EAO,10,10,2044,2623.1403204204476,223.14032042044755,15030
EAO,10,10,2045,2622.6880769314375,222.68807693143754,15030
EAO,10,10,2046,2622.4738766144296,222.47387661442963,15030
EAO,10,10,2047,2621.1220572974944,221.1220572974944,15030
EAO,10,10,2048,2622.4026294480477,222.40262944804772,15030
EAO,10,10,2049,2623.458375271657,223.45837527165713,15030
EAO,10,10,2050,2720.6709494175348,320.67094941753476,15030
EAO,10,10,2051,2620.9612745010513,220.96127450105132,15030
EAO,10,10,2052,2622.1516506526546,222.15165065265455,15030
EAO,10,10,2053,2628.386467067407,228.386467067407,15030
EAO,10,10,2054,2622.47387661696,222.47387661695984,15030
EAO,10,10,2055,2622.6732563029677,222.67325630296773,15030
EAO,11,10,2026,2600.00000233563,2.335630142624723e-06,15030
EAO,11,10,2027,2600.007858391727,0.007858391727040726,15030
EAO,11,10,2028,2600.000343937966,0.00034393796613585437,15030
EAO,11,10,2029,2600.0000000510377,5.103765943204053e-08,15030
EAO,11,10,2030,2600.000000028531,2.853084879461676e-08,15030
EAO,11,10,2031,2600.000058095078,5.8095078202313744e-05,15030
EAO,11,10,2032,2600.000000404871,4.048711161885876e-07,15030
EAO,11,10,2033,2600.0000181868236,1.818682358134538e-05,15030
EAO,11,10,2034,2600.0000004307803,4.307803465053439e-07,15030
EAO,11,10,2035,2600.000004227389,4.227389126754133e-06,15030
EAO,11,10,2036,2600.0000022841896,2.284189577039797e-06,15030
EAO,11,10,2037,2600.000047122197,4.712219697466935e-05,15030
EAO,11,10,2038,2600.000001706659,1.7066590771719348e-06,15030
EAO,11,10,2039,2600.0000178034443,1.7803444279707037e-05,15030
EAO,11,10,2040,2600.0001700251755,0.0001700251755210047,15030
EAO,11,10,2041,2600.0000245350307,2.453503066135454e-05,15030
EAO,11,10,2042,2600.0000002325437,2.3254369807546027e-07,15030
EAO,11,10,2043,2600.0000669307724,6.69307723910606e-05,15030
EAO,11,10,2044,2600.0000040341492,4.03414924221579e-06,15030
EAO,11,10,2045,2600.0000300008205,3.0000820515851956e-05,15030
EAO,11,10,2046,2600.000004617499,4.617499143932946e-06,15030
EAO,11,10,2047,2600.0000094525753,9.452575341128977e-06,15030
EAO,11,10,2048,2600.0000005864854,5.864853847015183e-07,15030
EAO,11,10,2049,2600.0000028851036,2.885103640437592e-06,15030
EAO,11,10,2050,2600.000013387076,1.3387075796345016e-05,15030
EAO,11,10,2051,2600.0000028051586,2.8051586014044005e-06,15030
EAO,11,10,2052,2600.0001853028857,0.0001853028857112804,15030
EAO,11,10,2053,2600.000002168717,2.1687169464712497e-06,15030
EAO,11,10,2054,2600.0000075526405,7.552640454377979e-06,15030
EAO,11,10,2055,2600.000012689349,1.2689349205174949e-05,15030
EAO,12,10,2026,2866.4504690827034,166.45046908270342,15030
EAO,12,10,2027,2864.9002351941303,164.90023519413035,15030
EAO,12,10,2028,2866.376074313234,166.37607431323386,15030
EAO,12,10,2029,2864.8978939883505,164.89789398835046,15030
EAO,12,10,2030,2866.220211103231,166.22021110323112,15030
EAO,12,10,2031,2868.5870503211363,168.5870503211363,15030
EAO,12,10,2032,2865.935807670246,165.93580767024605,15030
EAO,12,10,2033,2867.480557014261,167.4805570142612,15030
EAO,12,10,2034,2866.3747571138156,166.37475711381558,15030
EAO,12,10,2035,2864.9040671952166,164.9040671952166,15030
EAO,12,10,2036,2863.774397051844,163.77439705184406,15030
EAO,12,10,2037,2863.7696245887864,163.76962458878643,15030
EAO,12,10,2038,2866.991194459005,166.99119445900487,15030
EAO,12,10,2039,2866.763463394103,166.76346339410293,15030
EAO,12,10,2040,2866.3767178920693,166.37671789206934,15030
EAO,12,10,2041,2864.5652284210632,164.56522842106324,15030
EAO,12,10,2042,2866.3851304459745,166.38513044597448,15030
EAO,12,10,2043,2864.543329439155,164.54332943915506,15030
EAO,12,10,2044,2867.4478273392456,167.44782733924558,15030
EAO,12,10,2045,2866.7985841810855,166.79858418108552,15030
EAO,12,10,2046,2865.425111330288,165.42511133028802,15030
EAO,12,10,2047,2866.554210797849,166.554210797849,15030
EAO,12,10,2048,2873.0841255146916,173.08412551469155,15030
EAO,12,10,2049,2864.5006575566417,164.50065755664173,15030
EAO,12,10,2050,2865.9343827500948,165.93438275009476,15030
EAO,12,10,2051,2866.4519704598524,166.45197045985242,15030
EAO,12,10,2052,2866.4476751726065,166.44767517260652,15030
EAO,12,10,2053,2864.5629179092343,164.56291790923433,15030
EAO,12,10,2054,2866.453282989173,166.4532829891732,15030
EAO,12,10,2055,2867.48002412816,167.48002412816004,15030
RS-EAO,1,10,2026,300.00000000000006,5.684341886080802e-14,15030
RS-EAO,1,10,2027,300.0000000000001,1.1368683772161603e-13,15030
RS-EAO,1,10,2028,300.0,0.0,15030
RS-EAO,1,10,2029,300.0,0.0,15030
RS-EAO,1,10,2030,300.00000000000006,5.684341886080802e-14,15030
RS-EAO,1,10,2031,300.00000000000006,5.684341886080802e-14,15030
RS-EAO,1,10,2032,300.00000000000006,5.684341886080802e-14,15030
RS-EAO,1,10,2033,300.00000000000006,5.684341886080802e-14,15030
RS-EAO,1,10,2034,300.00000000000006,5.684341886080802e-14,15030
RS-EAO,1,10,2035,300.00000000000006,5.684341886080802e-14,15030
RS-EAO,1,10,2036,300.00000000000006,5.684341886080802e-14,15030
RS-EAO,1,10,2037,300.00000000000006,5.684341886080802e-14,15030
RS-EAO,1,10,2038,300.00000000000006,5.684341886080802e-14,15030
RS-EAO,1,10,2039,300.00000000000006,5.684341886080802e-14,15030
RS-EAO,1,10,2040,300.0,0.0,15030
RS-EAO,1,10,2041,300.0,0.0,15030
RS-EAO,1,10,2042,300.00000000000006,5.684341886080802e-14,15030
RS-EAO,1,10,2043,300.00000000000006,5.684341886080802e-14,15030
RS-EAO,1,10,2044,300.00000000000006,5.684341886080802e-14,15030
RS-EAO,1,10,2045,300.0,0.0,15030
RS-EAO,1,10,2046,300.0,0.0,15030
RS-EAO,1,10,2047,300.0000000000001,1.1368683772161603e-13,15030
RS-EAO,1,10,2048,300.00000000000006,5.684341886080802e-14,15030
RS-EAO,1,10,2049,300.00000000000006,5.684341886080802e-14,15030
RS-EAO,1,10,2050,300.00000000000006,5.684341886080802e-14,15030
RS-EAO,1,10,2051,300.00000000000006,5.684341886080802e-14,15030
RS-EAO,1,10,2052,300.0000000000001,1.1368683772161603e-13,15030
RS-EAO,1,10,2053,300.00000000000006,5.684341886080802e-14,15030
RS-EAO,1,10,2054,300.0,0.0,15030
RS-EAO,1,10,2055,300.0,0.0,15030
RS-EAO,2,10,2026,400.00000001090234,1.0902340363827534e-08,15030
RS-EAO,2,10,2027,400.0002424029575,0.00024240295749677898,15030
RS-EAO,2,10,2028,404.3172466775743,4.317246677574303,15030
RS-EAO,2,10,2029,408.91610192778137,8.91610192778137,15030
RS-EAO,2,10,2030,408.9161019277813,8.916101927781312,15030
RS-EAO,2,10,2031,400.0000000034239,3.42390649166191e-09,15030
RS-EAO,2,10,2032,400.0000390427721,3.9042772073116794e-05,15030
RS-EAO,2,10,2033,403.9865934389306,3.9865934389305835,15030
RS-EAO,2,10,2034,400.00000111903853,1.119038529395766e-06,15030
RS-EAO,2,10,2035,404.01780409301523,4.017804093015229,15030
RS-EAO,2,10,2036,408.9161019277814,8.916101927781426,15030
RS-EAO,2,10,2037,400.0000000035576,3.5576022128225304e-09,15030
RS-EAO,2,10,2038,404.01536851998867,4.0153685199886695,15030
RS-EAO,2,10,2039,408.9161019277814,8.916101927781426,15030
RS-EAO,2,10,2040,400.00000000170724,1.707235242065508e-09,15030
RS-EAO,2,10,2041,404.02750316814075,4.027503168140754,15030
RS-EAO,2,10,2042,403.988195016431,3.988195016431007,15030
RS-EAO,2,10,2043,400.0000140244654,1.402446537213109e-05,15030
RS-EAO,2,10,2044,400.03748782024485,0.037487820244848535,15030
RS-EAO,2,10,2045,404.000404769649,4.000404769648981,15030
RS-EAO,2,10,2046,408.91610192778137,8.91610192778137,15030
RS-EAO,2,10,2047,400.0000007921309,7.92130890658882e-07,15030
RS-EAO,2,10,2048,400.0000019302988,1.930298822117038e-06,15030
RS-EAO,2,10,2049,400.11117798590124,0.11117798590123584,15030
RS-EAO,2,10,2050,408.91610192778137,8.91610192778137,15030
RS-EAO,2,10,2051,408.9161019277814,8.916101927781426,15030
RS-EAO,2,10,2052,408.9161019277813,8.916101927781312,15030
RS-EAO,2,10,2053,408.9161019277813,8.916101927781312,15030
RS-EAO,2,10,2054,403.98660833069704,3.986608330697038,15030
RS-EAO,2,10,2055,403.9876550829984,3.987655082998401,15030
RS-EAO,3,10,2026,600.0,0.0,15030
RS-EAO,3,10,2027,600.0,0.0,15030
RS-EAO,3,10,2028,600.0,0.0,15030
RS-EAO,3,10,2029,600.0000000000001,1.1368683772161603e-13,15030
RS-EAO,3,10,2030,600.0000000000001,1.1368683772161603e-13,15030
RS-EAO,3,10,2031,600.0,0.0,15030
RS-EAO,3,10,2032,600.0,0.0,15030
RS-EAO,3,10,2033,600.0000000000001,1.1368683772161603e-13,15030
RS-EAO,3,10,2034,600.0000000000002,2.2737367544323206e-13,15030
RS-EAO,3,10,2035,600.0000000000001,1.1368683772161603e-13,15030
RS-EAO,3,10,2036,600.0,0.0,15030
RS-EAO,3,10,2037,600.0,0.0,15030
RS-EAO,3,10,2038,600.0,0.0,15030
RS-EAO,3,10,2039,600.0000000000001,1.1368683772161603e-13,15030
RS-EAO,3,10,2040,600.0000000000001,1.1368683772161603e-13,15030
RS-EAO,3,10,2041,600.0000000000001,1.1368683772161603e-13,15030
RS-EAO,3,10,2042,600.0,0.0,15030
RS-EAO,3,10,2043,600.0000000000001,1.1368683772161603e-13,15030
RS-EAO,3,10,2044,600.0,0.0,15030
RS-EAO,3,10,2045,600.0000000000001,1.1368683772161603e-13,15030
RS-EAO,3,10,2046,600.0000000000001,1.1368683772161603e-13,15030
RS-EAO,3,10,2047,600.0000000000001,1.1368683772161603e-13,15030
RS-EAO,3,10,2048,600.0,0.0,15030
RS-EAO,3,10,2049,600.0,0.0,15030
RS-EAO,3,10,2050,600.0,0.0,15030
RS-EAO,3,10,2051,600.0000000000001,1.1368683772161603e-13,15030
RS-EAO,3,10,2052,600.0,0.0,15030
RS-EAO,3,10,2053,600.0,0.0,15030
RS-EAO,3,10,2054,600.0,0.0,15030
RS-EAO,3,10,2055,600.0,0.0,15030
RS-EAO,4,10,2026,861.8545472269274,61.854547226927366,15030
RS-EAO,4,10,2027,834.5488245986699,34.54882459866985,15030
RS-EAO,4,10,2028,842.409897284034,42.409897284033946,15030
RS-EAO,4,10,2029,852.8953583832789,52.895358383278904,15030
RS-EAO,4,10,2030,845.4557929213047,45.45579292130469,15030
RS-EAO,4,10,2031,834.0474188569834,34.04741885698343,15030
RS-EAO,4,10,2032,832.3209609997193,32.32096099971932,15030
RS-EAO,4,10,2033,833.847354719137,33.847354719137,15030
RS-EAO,4,10,2034,841.2873157119626,41.287315711962606,15030
RS-EAO,4,10,2035,832.0,32.0,15030
RS-EAO,4,10,2036,840.3344395824099,40.334439582409914,15030
RS-EAO,4,10,2037,851.5176099691648,51.51760996916482,15030
RS-EAO,4,10,2038,842.4693232465988,42.46932324659883,15030
RS-EAO,4,10,2039,837.5270009908919,37.527000990891906,15030
RS-EAO,4,10,2040,843.6777837012255,43.67778370122551,15030
RS-EAO,4,10,2041,840.7410729578129,40.74107295781289,15030
RS-EAO,4,10,2042,848.4053788645814,48.405378864581394,15030
RS-EAO,4,10,2043,843.4246817147887,43.424681714788676,15030
RS-EAO,4,10,2044,846.9955971681936,46.995597168193626,15030
RS-EAO,4,10,2045,832.0307767416496,32.03077674164956,15030
RS-EAO,4,10,2046,834.8691375137242,34.86913751372424,15030
RS-EAO,4,10,2047,844.3346070660646,44.334607066064564,15030
RS-EAO,4,10,2048,820.445990648404,20.44599064840395,15030
RS-EAO,4,10,2049,839.8409586517863,39.84095865178631,15030
RS-EAO,4,10,2050,842.0828737510795,42.082873751079546,15030
RS-EAO,4,10,2051,836.852247584146,36.85224758414597,15030
RS-EAO,4,10,2052,854.3183933854357,54.318393385435684,15030
RS-EAO,4,10,2053,822.7073019731366,22.707301973136623,15030
RS-EAO,4,10,2054,839.1574095998403,39.15740959984032,15030
RS-EAO,4,10,2055,826.0,26.0,15030
RS-EAO,5,10,2026,900.0000000000001,1.1368683772161603e-13,15030
RS-EAO,5,10,2027,900.0000000000002,2.2737367544323206e-13,15030
RS-EAO,5,10,2028,900.0895282504167,0.08952825041671986,15030
RS-EAO,5,10,2029,900.0000000000001,1.1368683772161603e-13,15030
RS-EAO,5,10,2030,900.0,0.0,15030
RS-EAO,5,10,2031,900.0,0.0,15030
RS-EAO,5,10,2032,900.0000000000001,1.1368683772161603e-13,15030
RS-EAO,5,10,2033,900.0000000000001,1.1368683772161603e-13,15030
RS-EAO,5,10,2034,900.0000000000002,2.2737367544323206e-13,15030
RS-EAO,5,10,2035,900.0000000000001,1.1368683772161603e-13,15030
RS-EAO,5,10,2036,900.0000000000001,1.1368683772161603e-13,15030
RS-EAO,5,10,2037,900.0000000000001,1.1368683772161603e-13,15030
RS-EAO,5,10,2038,900.0000000000002,2.2737367544323206e-13,15030
RS-EAO,5,10,2039,900.0000000000003,3.410605131648481e-13,15030
RS-EAO,5,10,2040,900.0000000000001,1.1368683772161603e-13,15030
RS-EAO,5,10,2041,900.0,0.0,15030
RS-EAO,5,10,2042,900.0000000000001,1.1368683772161603e-13,15030
RS-EAO,5,10,2043,900.0000000000001,1.1368683772161603e-13,15030
RS-EAO,5,10,2044,900.0000000000001,1.1368683772161603e-13,15030
RS-EAO,5,10,2045,900.0,0.0,15030
RS-EAO,5,10,2046,900.0895282504165,0.08952825041649248,15030
RS-EAO,5,10,2047,900.0000000000001,1.1368683772161603e-13,15030
RS-EAO,5,10,2048,900.0,0.0,15030
RS-EAO,5,10,2049,900.0895282504168,0.08952825041683354,15030
RS-EAO,5,10,2050,900.0000000000001,1.1368683772161603e-13,15030
RS-EAO,5,10,2051,900.0000000000001,1.1368683772161603e-13,15030
RS-EAO,5,10,2052,900.0000000000001,1.1368683772161603e-13,15030
RS-EAO,5,10,2053,900.0000000000002,2.2737367544323206e-13,15030
RS-EAO,5,10,2054,900.0,0.0,15030
RS-EAO,5,10,2055,900.0000000000001,1.1368683772161603e-13,15030
RS-EAO,6,10,2026,1872.2549631431034,72.2549631431034,15030
RS-EAO,6,10,2027,6640.020305606395,4840.020305606395,15030
RS-EAO,6,10,2028,1936.3570836501774,136.3570836501774,15030
RS-EAO,6,10,2029,4514.719849304275,2714.719849304275,15030
RS-EAO,6,10,2030,2736.5989902479732,936.5989902479732,15030
RS-EAO,6,10,2031,2234.4558208024846,434.4558208024846,15030
RS-EAO,6,10,2032,1901.6593564265168,101.65935642651675,15030
RS-EAO,6,10,2033,2494.8316894700124,694.8316894700124,15030
RS-EAO,6,10,2034,3712.8665900736432,1912.8665900736432,15030
RS-EAO,6,10,2035,6014.882059460983,4214.882059460983,15030
RS-EAO,6,10,2036,2313.018801262341,513.0188012623412,15030
RS-EAO,6,10,2037,1947.7505501558735,147.7505501558735,15030
RS-EAO,6,10,2038,4859.478057335896,3059.4780573358958,15030
RS-EAO,6,10,2039,2126.986865257452,326.9868652574519,15030
RS-EAO,6,10,2040,2265.5573861363678,465.55738613636777,15030
RS-EAO,6,10,2041,2037.596823417631,237.59682341763096,15030
RS-EAO,6,10,2042,2052.03061434298,252.0306143429798,15030
RS-EAO,6,10,2043,7830.720374997133,6030.720374997133,15030
RS-EAO,6,10,2044,2766.332488544513,966.3324885445131,15030
RS-EAO,6,10,2045,3414.392756509296,1614.3927565092959,15030
RS-EAO,6,10,2046,5281.442786094742,3481.4427860947417,15030
RS-EAO,6,10,2047,2056.0598975017074,256.0598975017074,15030
RS-EAO,6,10,2048,2509.4905123977887,709.4905123977887,15030
RS-EAO,6,10,2049,9348.924598304646,7548.924598304646,15030
RS-EAO,6,10,2050,2059.9433545944175,259.94335459441754,15030
RS-EAO,6,10,2051,3559.666539562352,1759.6665395623522,15030
RS-EAO,6,10,2052,1827.944128637685,27.944128637685026,15030
RS-EAO,6,10,2053,2876.626590168693,1076.626590168693,15030
RS-EAO,6,10,2054,6429.812941965947,4629.812941965947,15030
RS-EAO,6,10,2055,2469.231824344719,669.2318243447189,15030
RS-EAO,7,10,2026,2034.3618296756515,34.36182967565151,15030
RS-EAO,7,10,2027,2039.8112274199566,39.811227419956595,15030
RS-EAO,7,10,2028,2035.0181970559836,35.01819705598359,15030
RS-EAO,7,10,2029,2037.3957856553682,37.39578565536817,15030
RS-EAO,7,10,2030,2034.528922918651,34.528922918651006,15030
RS-EAO,7,10,2031,2028.889723807981,28.889723807981,15030
RS-EAO,7,10,2032,2037.778030806467,37.778030806467086,15030
RS-EAO,7,10,2033,2032.1666418271855,32.16664182718546,15030
RS-EAO,7,10,2034,2044.0924738824315,44.09247388243148,15030
RS-EAO,7,10,2035,2040.8510928845153,40.85109288451531,15030
RS-EAO,7,10,2036,2030.448029472214,30.448029472214102,15030
RS-EAO,7,10,2037,2031.223374570013,31.223374570012993,15030
RS-EAO,7,10,2038,2032.5058112513757,32.50581125137569,15030
RS-EAO,7,10,2039,2032.56549734984,32.565497349839916,15030
RS-EAO,7,10,2040,2033.2371132729274,33.237113272927445,15030
RS-EAO,7,10,2041,2142.7603814501545,142.76038145015445,15030
RS-EAO,7,10,2042,2035.3838474932568,35.38384749325678,15030
RS-EAO,7,10,2043,2029.5628626527678,29.562862652767762,15030
RS-EAO,7,10,2044,2131.0502878583197,131.05028785831973,15030
RS-EAO,7,10,2045,2039.161924156547,39.161924156547,15030
RS-EAO,7,10,2046,2032.8226066217915,32.822606621791465,15030
RS-EAO,7,10,2047,2028.314614575875,28.31461457587511,15030
RS-EAO,7,10,2048,2032.3728611496533,32.37286114965332,15030
RS-EAO,7,10,2049,2035.6717249687592,35.671724968759236,15030
RS-EAO,7,10,2050,2033.903992416627,33.903992416627034,15030
RS-EAO,7,10,2051,2035.1946094204588,35.194609420458846,15030
RS-EAO,7,10,2052,2039.1343706743278,39.13437067432778,15030
RS-EAO,7,10,2053,2034.5152352917307,34.51523529173073,15030
RS-EAO,7,10,2054,2036.058886582636,36.05888658263598,15030
RS-EAO,7,10,2055,2031.1592617884478,31.159261788447793,15030
RS-EAO,8,10,2026,2225.6194077439154,25.619407743915417,15030
RS-EAO,8,10,2027,2224.723553353896,24.723553353896023,15030
RS-EAO,8,10,2028,2225.6127987813957,25.612798781395668,15030
RS-EAO,8,10,2029,2213.036114864285,13.036114864285082,15030
RS-EAO,8,10,2030,2225.3213165394923,25.321316539492273,15030
RS-EAO,8,10,2031,2224.281790423546,24.281790423546227,15030
RS-EAO,8,10,2032,2224.8510334156836,24.85103341568356,15030
RS-EAO,8,10,2033,2225.839804158811,25.83980415881115,15030
RS-EAO,8,10,2034,2208.9533288127936,8.953328812793643,15030
RS-EAO,8,10,2035,2208.594884508076,8.59488450807612,15030
RS-EAO,8,10,2036,2211.3680248553064,11.36802485530643,15030
RS-EAO,8,10,2037,2226.5489641048293,26.548964104829338,15030
RS-EAO,8,10,2038,2208.808259098353,8.808259098353119,15030
RS-EAO,8,10,2039,2223.71755703596,23.71755703596,15030
RS-EAO,8,10,2040,2225.542257221261,25.542257221261025,15030
RS-EAO,8,10,2041,2217.6426340118096,17.642634011809605,15030
RS-EAO,8,10,2042,2204.9211260708707,4.921126070870741,15030
RS-EAO,8,10,2043,2207.668530766491,7.668530766491131,15030
RS-EAO,8,10,2044,2223.717141336981,23.717141336981058,15030
RS-EAO,8,10,2045,2225.098352081925,25.098352081924986,15030
RS-EAO,8,10,2046,2224.01766439929,24.01766439928997,15030
RS-EAO,8,10,2047,2207.5939672864943,7.593967286494262,15030
RS-EAO,8,10,2048,2225.276523135243,25.276523135243224,15030
RS-EAO,8,10,2049,2225.4719210641806,25.471921064180606,15030
RS-EAO,8,10,2050,2211.4727145595266,11.472714559526594,15030
RS-EAO,8,10,2051,2225.264976021147,25.26497602114705,15030
RS-EAO,8,10,2052,2225.459423774841,25.45942377484107,15030
RS-EAO,8,10,2053,2209.2299437305983,9.22994373059828,15030
RS-EAO,8,10,2054,2226.484316537539,26.484316537539144,15030
RS-EAO,8,10,2055,2224.197013258916,24.19701325891583,15030
RS-EAO,9,10,2026,2659.0943447803606,359.09434478036064,15030
RS-EAO,9,10,2027,2300.000000000001,9.094947017729282e-13,15030
RS-EAO,9,10,2028,2300.000000000001,9.094947017729282e-13,15030
RS-EAO,9,10,2029,2300.0000000000023,2.2737367544323206e-12,15030
RS-EAO,9,10,2030,2659.094344780362,359.094344780362,15030
RS-EAO,9,10,2031,2300.0000000000005,4.547473508864641e-13,15030
RS-EAO,9,10,2032,2300.000000000001,9.094947017729282e-13,15030
RS-EAO,9,10,2033,2300.000000000002,1.8189894035458565e-12,15030
RS-EAO,9,10,2034,2659.0943447803616,359.09434478036155,15030
RS-EAO,9,10,2035,2659.09434478036,359.0943447803602,15030
RS-EAO,9,10,2036,2659.09434478036,359.0943447803602,15030
RS-EAO,9,10,2037,2659.0943447803593,359.0943447803593,15030
RS-EAO,9,10,2038,2300.0000000000023,2.2737367544323206e-12,15030
RS-EAO,9,10,2039,2659.0943447803606,359.09434478036064,15030
RS-EAO,9,10,2040,2300.0000000000027,2.7284841053187847e-12,15030
RS-EAO,9,10,2041,2659.09434478036,359.0943447803602,15030
RS-EAO,9,10,2042,2659.09434478036,359.0943447803602,15030
RS-EAO,9,10,2043,2659.094344780361,359.0943447803611,15030
RS-EAO,9,10,2044,2300.0000000000027,2.7284841053187847e-12,15030
RS-EAO,9,10,2045,2300.0000000001,1.000444171950221e-10,15030
RS-EAO,9,10,2046,2300.000000000048,4.8203219193965197e-11,15030
RS-EAO,9,10,2047,2659.0943447803606,359.09434478036064,15030
RS-EAO,9,10,2048,2300.0000000000014,1.3642420526593924e-12,15030
RS-EAO,9,10,2049,2659.09434478036,359.0943447803602,15030
RS-EAO,9,10,2050,2300.0000000000023,2.2737367544323206e-12,15030
RS-EAO,9,10,2051,2659.0943447803606,359.09434478036064,15030
RS-EAO,9,10,2052,2300.000000000003,3.183231456205249e-12,15030
RS-EAO,9,10,2053,2300.000000000001,9.094947017729282e-13,15030
RS-EAO,9,10,2054,2300.0000000000014,1.3642420526593924e-12,15030
RS-EAO,9,10,2055,2659.094344780361,359.0943447803611,15030
RS-EAO,10,10,2026,2622.473876614417,222.4738766144169,15030
RS-EAO,10,10,2027,2620.549266742067,220.54926674206718,15030
RS-EAO,10,10,2028,2622.5376874926997,222.53768749269966,15030
RS-EAO,10,10,2029,2624.113024825304,224.1130248253039,15030
RS-EAO,10,10,2030,2622.537687492699,222.5376874926992,15030
RS-EAO,10,10,2031,2622.0651056807087,222.0651056807087,15030
RS-EAO,10,10,2032,2623.733236430407,223.73323643040703,15030
RS-EAO,10,10,2033,2624.615940503017,224.6159405030171,15030
RS-EAO,10,10,2034,2622.0646210312884,222.06462103128843,15030
RS-EAO,10,10,2035,2623.3408374971477,223.34083749714773,15030
RS-EAO,10,10,2036,2622.537687492699,222.5376874926992,15030
RS-EAO,10,10,2037,2622.151650652296,222.1516506522962,15030
RS-EAO,10,10,2038,2620.87264974898,220.87264974898017,15030
RS-EAO,10,10,2039,2621.122057282524,221.1220572825241,15030
RS-EAO,10,10,2040,2731.209511399031,331.2095113990308,15030
RS-EAO,10,10,2041,2623.014111754151,223.01411175415114,15030
RS-EAO,10,10,2042,2621.234284369115,221.2342843691149,15030
RS-EAO,10,10,2043,2628.8014249776074,228.80142497760744,15030
RS-EAO,10,10,2044,2620.87264974898,220.87264974898017,15030
RS-EAO,10,10,2045,2622.473876614417,222.4738766144169,15030
RS-EAO,10,10,2046,2621.122057282524,221.1220572825241,15030
RS-EAO,10,10,2047,2622.473876614418,222.4738766144178,15030
RS-EAO,10,10,2048,2622.1744000774947,222.17440007749474,15030
RS-EAO,10,10,2049,2620.8726497489797,220.8726497489797,15030
RS-EAO,10,10,2050,2621.3494272349844,221.34942723498443,15030
RS-EAO,10,10,2051,2622.151650652296,222.1516506522962,15030
RS-EAO,10,10,2052,2621.197087799212,221.1970877992121,15030
RS-EAO,10,10,2053,2720.301929794787,320.30192979478716,15030
RS-EAO,10,10,2054,2730.6626672243274,330.6626672243274,15030
RS-EAO,10,10,2055,2623.5343153438253,223.53431534382526,15030
RS-EAO,11,10,2026,3476.4595742363886,876.4595742363886,15030
RS-EAO,11,10,2027,3477.296374211715,877.2963742117149,15030
RS-EAO,11,10,2028,2600.0000000000014,1.3642420526593924e-12,15030
RS-EAO,11,10,2029,2600.000000000001,9.094947017729282e-13,15030
RS-EAO,11,10,2030,2600.000000000001,9.094947017729282e-13,15030
RS-EAO,11,10,2031,2600.0000000000027,2.7284841053187847e-12,15030
RS-EAO,11,10,2032,2600.000000000002,1.8189894035458565e-12,15030
RS-EAO,11,10,2033,2600.000000000003,3.183231456205249e-12,15030
RS-EAO,11,10,2034,2600.000000000002,1.8189894035458565e-12,15030
RS-EAO,11,10,2035,2600.0000000000014,1.3642420526593924e-12,15030
RS-EAO,11,10,2036,2600.0000000000023,2.2737367544323206e-12,15030
RS-EAO,11,10,2037,2600.000000000002,1.8189894035458565e-12,15030
RS-EAO,11,10,2038,2600.000000000002,1.8189894035458565e-12,15030
RS-EAO,11,10,2039,3476.993337173208,876.9933371732081,15030
RS-EAO,11,10,2040,2600.0000000000023,2.2737367544323206e-12,15030
RS-EAO,11,10,2041,2600.000000000002,1.8189894035458565e-12,15030
RS-EAO,11,10,2042,2600.000000000001,9.094947017729282e-13,15030
RS-EAO,11,10,2043,2600.000000000002,1.8189894035458565e-12,15030
RS-EAO,11,10,2044,2600.0000000000014,1.3642420526593924e-12,15030
RS-EAO,11,10,2045,2600.0000000000023,2.2737367544323206e-12,15030
RS-EAO,11,10,2046,3476.458679124822,876.4586791248221,15030
RS-EAO,11,10,2047,2600.000000000003,3.183231456205249e-12,15030
RS-EAO,11,10,2048,2600.0000000000014,1.3642420526593924e-12,15030
RS-EAO,11,10,2049,2600.000000000001,9.094947017729282e-13,15030
RS-EAO,11,10,2050,2600.000000000001,9.094947017729282e-13,15030
RS-EAO,11,10,2051,2600.0000000000023,2.2737367544323206e-12,15030
RS-EAO,11,10,2052,2600.000000000002,1.8189894035458565e-12,15030
RS-EAO,11,10,2053,2600.000000000001,9.094947017729282e-13,15030
RS-EAO,11,10,2054,2600.000000000002,1.8189894035458565e-12,15030
RS-EAO,11,10,2055,2600.0000000000014,1.3642420526593924e-12,15030
RS-EAO,12,10,2026,2871.642606573834,171.6426065738342,15030
RS-EAO,12,10,2027,2867.446841933109,167.44684193310923,15030
RS-EAO,12,10,2028,2866.4414181143584,166.44141811435838,15030
RS-EAO,12,10,2029,2865.470572514232,165.47057251423212,15030
RS-EAO,12,10,2030,2866.662277365097,166.662277365097,15030
RS-EAO,12,10,2031,2865.426742937485,165.42674293748496,15030
RS-EAO,12,10,2032,2870.258755976427,170.25875597642698,15030
RS-EAO,12,10,2033,2866.219008643188,166.21900864318786,15030
RS-EAO,12,10,2034,2865.479337072722,165.47933707272205,15030
RS-EAO,12,10,2035,2864.5003473479082,164.50034734790825,15030
RS-EAO,12,10,2036,2863.7699880872146,163.76998808721464,15030
RS-EAO,12,10,2037,2866.763535036282,166.76353503628206,15030
RS-EAO,12,10,2038,2868.1820769096225,168.18207690962254,15030
RS-EAO,12,10,2039,2865.4709367407313,165.4709367407313,15030
RS-EAO,12,10,2040,2867.446841931155,167.44684193115518,15030
RS-EAO,12,10,2041,2868.2592140765673,168.25921407656733,15030
RS-EAO,12,10,2042,2864.4866081524674,164.4866081524674,15030
RS-EAO,12,10,2043,2866.4185271372985,166.4185271372985,15030
RS-EAO,12,10,2044,2864.5111489236056,164.51114892360556,15030
RS-EAO,12,10,2045,2865.4268368373314,165.4268368373314,15030
RS-EAO,12,10,2046,2867.446841931145,167.44684193114517,15030
RS-EAO,12,10,2047,2865.4973825094544,165.49738250945438,15030
RS-EAO,12,10,2048,2872.877044038063,172.8770440380631,15030
RS-EAO,12,10,2049,2864.0151840230415,164.01518402304146,15030
RS-EAO,12,10,2050,2866.447047151691,166.4470471516911,15030
RS-EAO,12,10,2051,2866.7633618443574,166.7633618443574,15030
RS-EAO,12,10,2052,2866.4491209988882,166.44912099888825,15030
RS-EAO,12,10,2053,2866.4229085652814,166.42290856528143,15030
RS-EAO,12,10,2054,2863.770205611842,163.7702056118419,15030
RS-EAO,12,10,2055,2864.8981385445954,164.89813854459544,15030
AS-ABMO,1,10,2026,300.0,0.0,15030
AS-ABMO,1,10,2027,300.00000000000006,5.684341886080802e-14,15030
AS-ABMO,1,10,2028,300.00000000000006,5.684341886080802e-14,15030
AS-ABMO,1,10,2029,300.00000000000006,5.684341886080802e-14,15030
AS-ABMO,1,10,2030,300.00000000000006,5.684341886080802e-14,15030
AS-ABMO,1,10,2031,300.0000000000002,2.2737367544323206e-13,15030
AS-ABMO,1,10,2032,300.00000000000006,5.684341886080802e-14,15030
AS-ABMO,1,10,2033,300.00000000000017,1.7053025658242404e-13,15030
AS-ABMO,1,10,2034,300.0,0.0,15030
AS-ABMO,1,10,2035,300.00000000000006,5.684341886080802e-14,15030
AS-ABMO,1,10,2036,300.0,0.0,15030
AS-ABMO,1,10,2037,300.00000000000006,5.684341886080802e-14,15030
AS-ABMO,1,10,2038,300.00000000000006,5.684341886080802e-14,15030
AS-ABMO,1,10,2039,300.0000000000001,1.1368683772161603e-13,15030
AS-ABMO,1,10,2040,300.00000000000006,5.684341886080802e-14,15030
AS-ABMO,1,10,2041,300.00000000000006,5.684341886080802e-14,15030
AS-ABMO,1,10,2042,300.0,0.0,15030
AS-ABMO,1,10,2043,300.0,0.0,15030
AS-ABMO,1,10,2044,300.0,0.0,15030
AS-ABMO,1,10,2045,300.0,0.0,15030
AS-ABMO,1,10,2046,300.00000000000006,5.684341886080802e-14,15030
AS-ABMO,1,10,2047,300.00000000000006,5.684341886080802e-14,15030
AS-ABMO,1,10,2048,300.0,0.0,15030
AS-ABMO,1,10,2049,300.0,0.0,15030
AS-ABMO,1,10,2050,300.00000000000006,5.684341886080802e-14,15030
AS-ABMO,1,10,2051,300.0,0.0,15030
AS-ABMO,1,10,2052,300.0,0.0,15030
AS-ABMO,1,10,2053,300.00000000000006,5.684341886080802e-14,15030
AS-ABMO,1,10,2054,300.00000000000006,5.684341886080802e-14,15030
AS-ABMO,1,10,2055,300.00000000000006,5.684341886080802e-14,15030
AS-ABMO,2,10,2026,408.00232488628467,8.002324886284669,15030
AS-ABMO,2,10,2027,404.3745885822657,4.374588582265687,15030
AS-ABMO,2,10,2028,407.55412198466723,7.554121984667233,15030
AS-ABMO,2,10,2029,408.91610192778137,8.91610192778137,15030
AS-ABMO,2,10,2030,405.0799689950996,5.079968995099591,15030
AS-ABMO,2,10,2031,405.35428855741606,5.354288557416055,15030
AS-ABMO,2,10,2032,405.18080296475364,5.180802964753639,15030
AS-ABMO,2,10,2033,405.0913510776029,5.091351077602894,15030
AS-ABMO,2,10,2034,404.04042571042197,4.040425710421971,15030
AS-ABMO,2,10,2035,407.5541219846673,7.55412198466729,15030
AS-ABMO,2,10,2036,400.02851868467354,0.028518684673542793,15030
AS-ABMO,2,10,2037,405.7739988372517,5.773998837251725,15030
AS-ABMO,2,10,2038,408.91610192778137,8.91610192778137,15030
AS-ABMO,2,10,2039,408.91610192778137,8.91610192778137,15030
AS-ABMO,2,10,2040,408.9161019277813,8.916101927781312,15030
AS-ABMO,2,10,2041,408.9161019277813,8.916101927781312,15030
AS-ABMO,2,10,2042,408.9161019277813,8.916101927781312,15030
AS-ABMO,2,10,2043,407.5541219846672,7.5541219846671765,15030
AS-ABMO,2,10,2044,400.17322639980495,0.17322639980494614,15030
AS-ABMO,2,10,2045,400.067599651031,0.06759965103100285,15030
AS-ABMO,2,10,2046,407.55412198466723,7.554121984667233,15030
AS-ABMO,2,10,2047,469.4775258319969,69.4775258319969,15030
AS-ABMO,2,10,2048,400.01282540052034,0.012825400520341645,15030
AS-ABMO,2,10,2049,405.16433595633976,5.164335956339755,15030
AS-ABMO,2,10,2050,400.0908098084795,0.0908098084794915,15030
AS-ABMO,2,10,2051,407.5541219846672,7.5541219846671765,15030
AS-ABMO,2,10,2052,408.91610192778137,8.91610192778137,15030
AS-ABMO,2,10,2053,400.24102173575,0.24102173574999597,15030
AS-ABMO,2,10,2054,406.3237711551341,6.323771155134125,15030
AS-ABMO,2,10,2055,400.5527203382474,0.5527203382474113,15030
AS-ABMO,3,10,2026,600.0000000000001,1.1368683772161603e-13,15030
AS-ABMO,3,10,2027,600.0,0.0,15030
AS-ABMO,3,10,2028,600.0000000000001,1.1368683772161603e-13,15030
AS-ABMO,3,10,2029,600.0000000000001,1.1368683772161603e-13,15030
AS-ABMO,3,10,2030,600.0000000000003,3.410605131648481e-13,15030
AS-ABMO,3,10,2031,600.0000000000001,1.1368683772161603e-13,15030
AS-ABMO,3,10,2032,600.0000000000001,1.1368683772161603e-13,15030
AS-ABMO,3,10,2033,600.0000000000001,1.1368683772161603e-13,15030
AS-ABMO,3,10,2034,600.0000000000001,1.1368683772161603e-13,15030
AS-ABMO,3,10,2035,600.0000000000001,1.1368683772161603e-13,15030
AS-ABMO,3,10,2036,600.0000000000001,1.1368683772161603e-13,15030
AS-ABMO,3,10,2037,600.0,0.0,15030
AS-ABMO,3,10,2038,600.0,0.0,15030
AS-ABMO,3,10,2039,600.0,0.0,15030
AS-ABMO,3,10,2040,600.0000000000001,1.1368683772161603e-13,15030
AS-ABMO,3,10,2041,600.0,0.0,15030
AS-ABMO,3,10,2042,600.0000000000001,1.1368683772161603e-13,15030
AS-ABMO,3,10,2043,600.0000000000001,1.1368683772161603e-13,15030
AS-ABMO,3,10,2044,600.0000000000001,1.1368683772161603e-13,15030
AS-ABMO,3,10,2045,600.0000000000001,1.1368683772161603e-13,15030
AS-ABMO,3,10,2046,600.0,0.0,15030
AS-ABMO,3,10,2047,600.0000000000001,1.1368683772161603e-13,15030
AS-ABMO,3,10,2048,600.0,0.0,15030
AS-ABMO,3,10,2049,600.0000000000001,1.1368683772161603e-13,15030
AS-ABMO,3,10,2050,600.0,0.0,15030
AS-ABMO,3,10,2051,600.0000000000001,1.1368683772161603e-13,15030
AS-ABMO,3,10,2052,600.0,0.0,15030
AS-ABMO,3,10,2053,600.0,0.0,15030
AS-ABMO,3,10,2054,600.0000000000001,1.1368683772161603e-13,15030
AS-ABMO,3,10,2055,600.0,0.0,15030
AS-ABMO,4,10,2026,844.0,44.0,15030
AS-ABMO,4,10,2027,872.0,72.0,15030
AS-ABMO,4,10,2028,838.0,38.0,15030
AS-ABMO,4,10,2029,870.0,70.0,15030
AS-ABMO,4,10,2030,848.0,48.0,15030
AS-ABMO,4,10,2031,826.0,26.0,15030
AS-ABMO,4,10,2032,848.0,48.0,15030
AS-ABMO,4,10,2033,810.0,10.0,15030
AS-ABMO,4,10,2034,866.0,66.0,15030
AS-ABMO,4,10,2035,820.0,20.0,15030
AS-ABMO,4,10,2036,852.0000000000437,52.000000000043656,15030
AS-ABMO,4,10,2037,836.0,36.0,15030
AS-ABMO,4,10,2038,845.1021527696905,45.10215276969052,15030
AS-ABMO,4,10,2039,842.0,42.0,15030
AS-ABMO,4,10,2040,836.0,36.0,15030
AS-ABMO,4,10,2041,844.0,44.0,15030
AS-ABMO,4,10,2042,854.0,54.0,15030
AS-ABMO,4,10,2043,832.0,32.0,15030
AS-ABMO,4,10,2044,842.0,42.0,15030
AS-ABMO,4,10,2045,816.0,16.0,15030
AS-ABMO,4,10,2046,894.0,94.0,15030
AS-ABMO,4,10,2047,852.0000000000008,52.000000000000796,15030
AS-ABMO,4,10,2048,848.0,48.0,15030
AS-ABMO,4,10,2049,864.0,64.0,15030
AS-ABMO,4,10,2050,846.0000000000223,46.00000000002228,15030
AS-ABMO,4,10,2051,858.0,58.0,15030
AS-ABMO,4,10,2052,838.0,38.0,15030
AS-ABMO,4,10,2053,836.0,36.0,15030
AS-ABMO,4,10,2054,842.0000000000001,42.000000000000114,15030
AS-ABMO,4,10,2055,828.0,28.0,15030
AS-ABMO,5,10,2026,900.0000000000011,1.1368683772161603e-12,15030
AS-ABMO,5,10,2027,900.0000000000002,2.2737367544323206e-13,15030
AS-ABMO,5,10,2028,900.5438522690079,0.5438522690078571,15030
AS-ABMO,5,10,2029,900.0000000000007,6.821210263296962e-13,15030
AS-ABMO,5,10,2030,900.0000000000005,4.547473508864641e-13,15030
AS-ABMO,5,10,2031,900.4543240185915,0.4543240185914783,15030
AS-ABMO,5,10,2032,900.0895282504171,0.08952825041706092,15030
AS-ABMO,5,10,2033,900.9981762875997,0.9981762875996765,15030
AS-ABMO,5,10,2034,900.0000000000003,3.410605131648481e-13,15030
AS-ABMO,5,10,2035,900.089528250417,0.08952825041694723,15030
AS-ABMO,5,10,2036,902.1820706866248,2.1820706866247974,15030
AS-ABMO,5,10,2037,900.0000000000003,3.410605131648481e-13,15030
AS-ABMO,5,10,2038,900.0000000000006,5.684341886080801e-13,15030
AS-ABMO,5,10,2039,900.4543240185915,0.4543240185914783,15030
AS-ABMO,5,10,2040,900.5438522690076,0.5438522690076297,15030
AS-ABMO,5,10,2041,900.4543240185916,0.454324018591592,15030
AS-ABMO,5,10,2042,900.0000000000003,3.410605131648481e-13,15030
AS-ABMO,5,10,2043,900.0895282504168,0.08952825041683354,15030
AS-ABMO,5,10,2044,900.0000000000008,7.958078640513122e-13,15030
AS-ABMO,5,10,2045,900.0895282504166,0.08952825041660617,15030
AS-ABMO,5,10,2046,900.0000000000002,2.2737367544323206e-13,15030
AS-ABMO,5,10,2047,900.0000000000007,6.821210263296962e-13,15030
AS-ABMO,5,10,2048,900.0000000000003,3.410605131648481e-13,15030
AS-ABMO,5,10,2049,900.0895282504165,0.08952825041649248,15030
AS-ABMO,5,10,2050,900.4543240185916,0.454324018591592,15030
AS-ABMO,5,10,2051,900.0000000000002,2.2737367544323206e-13,15030
AS-ABMO,5,10,2052,900.0000000000006,5.684341886080801e-13,15030
AS-ABMO,5,10,2053,900.0000000000006,5.684341886080801e-13,15030
AS-ABMO,5,10,2054,900.0000000000003,3.410605131648481e-13,15030
AS-ABMO,5,10,2055,900.0000000000003,3.410605131648481e-13,15030
AS-ABMO,6,10,2026,13151.474865062024,11351.474865062024,15030
AS-ABMO,6,10,2027,11760.543500243832,9960.543500243832,15030
AS-ABMO,6,10,2028,6304.48747548892,4504.48747548892,15030
AS-ABMO,6,10,2029,9597.927099365334,7797.927099365334,15030
AS-ABMO,6,10,2030,2350.585186662531,550.5851866625312,15030
AS-ABMO,6,10,2031,16149.737149827664,14349.737149827664,15030
AS-ABMO,6,10,2032,7819.081344380138,6019.081344380138,15030
AS-ABMO,6,10,2033,11518.275201848135,9718.275201848135,15030
AS-ABMO,6,10,2034,11306.930029938532,9506.930029938532,15030
AS-ABMO,6,10,2035,25552.64647645103,23752.64647645103,15030
AS-ABMO,6,10,2036,10278.617642621688,8478.617642621688,15030
AS-ABMO,6,10,2037,4469.016267598458,2669.0162675984584,15030
AS-ABMO,6,10,2038,11017.952175307919,9217.952175307919,15030
AS-ABMO,6,10,2039,3086.1452521215065,1286.1452521215065,15030
AS-ABMO,6,10,2040,5769.165340918882,3969.165340918882,15030
AS-ABMO,6,10,2041,8627.047867408583,6827.0478674085825,15030
AS-ABMO,6,10,2042,11711.693552510424,9911.693552510424,15030
AS-ABMO,6,10,2043,2068.8976563396764,268.89765633967636,15030
AS-ABMO,6,10,2044,9456.19381733989,7656.19381733989,15030
AS-ABMO,6,10,2045,14080.704198099987,12280.704198099987,15030
AS-ABMO,6,10,2046,5147.424087007499,3347.424087007499,15030
AS-ABMO,6,10,2047,5860.335714379675,4060.3357143796748,15030
AS-ABMO,6,10,2048,29828.597382599022,28028.597382599022,15030
AS-ABMO,6,10,2049,3800.4767240201686,2000.4767240201686,15030
AS-ABMO,6,10,2050,4208.258369870747,2408.2583698707467,15030
AS-ABMO,6,10,2051,30502.370608706195,28702.370608706195,15030
AS-ABMO,6,10,2052,4411.488881711819,2611.488881711819,15030
AS-ABMO,6,10,2053,17725.968707753836,15925.968707753836,15030
AS-ABMO,6,10,2054,15058.463180870462,13258.463180870462,15030
AS-ABMO,6,10,2055,25817.084403143155,24017.084403143155,15030
AS-ABMO,7,10,2026,2126.6160682976665,126.61606829766652,15030
AS-ABMO,7,10,2027,2024.3658905287862,24.365890528786167,15030
AS-ABMO,7,10,2028,2021.0317476964597,21.03174769645966,15030
AS-ABMO,7,10,2029,2002.5496546936085,2.549654693608545,15030
AS-ABMO,7,10,2030,2025.5094182390073,25.509418239007346,15030
AS-ABMO,7,10,2031,2022.4899181238102,22.489918123810185,15030
AS-ABMO,7,10,2032,2024.664164898926,24.664164898925947,15030
AS-ABMO,7,10,2033,2025.2830388785808,25.283038878580783,15030
AS-ABMO,7,10,2034,2022.2104900354316,22.210490035431576,15030
AS-ABMO,7,10,2035,2026.060149004429,26.060149004428922,15030
AS-ABMO,7,10,2036,2020.5227180818179,20.522718081817857,15030
AS-ABMO,7,10,2037,2021.1174844791194,21.117484479119412,15030
AS-ABMO,7,10,2038,2028.1260123852712,28.126012385271224,15030
AS-ABMO,7,10,2039,2020.9958366101357,20.99583661013571,15030
AS-ABMO,7,10,2040,2029.9954566589704,29.995456658970397,15030
AS-ABMO,7,10,2041,2031.1610584587938,31.161058458793832,15030
AS-ABMO,7,10,2042,2022.3291578030364,22.329157803036424,15030
AS-ABMO,7,10,2043,2028.6183062128064,28.618306212806374,15030
AS-ABMO,7,10,2044,2025.5212101363916,25.521210136391574,15030
AS-ABMO,7,10,2045,2022.232789492379,22.23278949237897,15030
AS-ABMO,7,10,2046,2033.7679911056757,33.76799110567572,15030
AS-ABMO,7,10,2047,2030.9580185763527,30.958018576352742,15030
AS-ABMO,7,10,2048,2025.1885621982428,25.188562198242835,15030
AS-ABMO,7,10,2049,2027.6435153696066,27.643515369606575,15030
AS-ABMO,7,10,2050,2020.7671673443729,20.767167344372865,15030
AS-ABMO,7,10,2051,2120.5088732411764,120.50887324117639,15030
AS-ABMO,7,10,2052,2020.9961009453343,20.99610094533432,15030
AS-ABMO,7,10,2053,2025.9074779775246,25.90747797752465,15030
AS-ABMO,7,10,2054,2023.546829088761,23.546829088760887,15030
AS-ABMO,7,10,2055,2020.2825769144442,20.282576914444235,15030
AS-ABMO,8,10,2026,2220.446356309354,20.446356309354087,15030
AS-ABMO,8,10,2027,2223.5614166630157,23.561416663015734,15030
AS-ABMO,8,10,2028,2221.58423407298,21.584234072980053,15030
AS-ABMO,8,10,2029,2223.5035279705126,23.50352797051255,15030
AS-ABMO,8,10,2030,2205.4288798319567,5.428879831956692,15030
AS-ABMO,8,10,2031,2221.8181097899883,21.818109789988284,15030
AS-ABMO,8,10,2032,2221.2398926092374,21.23989260923736,15030
AS-ABMO,8,10,2033,2224.250111540497,24.250111540497073,15030
AS-ABMO,8,10,2034,2223.0439730345865,23.043973034586543,15030
AS-ABMO,8,10,2035,2223.6358973973,23.63589739730014,15030
AS-ABMO,8,10,2036,2221.8666715340805,21.866671534080524,15030
AS-ABMO,8,10,2037,2201.167943399644,1.167943399644173,15030
AS-ABMO,8,10,2038,2226.611248944385,26.611248944384897,15030
AS-ABMO,8,10,2039,2231.3463586363314,31.346358636331388,15030
AS-ABMO,8,10,2040,2220.933055114179,20.933055114178842,15030
AS-ABMO,8,10,2041,2222.504382962911,22.504382962911222,15030
AS-ABMO,8,10,2042,2223.2814621796315,23.28146217963149,15030
AS-ABMO,8,10,2043,2222.0182260667434,22.01822606674341,15030
AS-ABMO,8,10,2044,2222.6722105448225,22.67221054482252,15030
AS-ABMO,8,10,2045,2220.652044641161,20.652044641160956,15030
AS-ABMO,8,10,2046,2221.419332959167,21.41933295916715,15030
AS-ABMO,8,10,2047,2223.503744434993,23.503744434993223,15030
AS-ABMO,8,10,2048,2222.771389862458,22.77138986245791,15030
AS-ABMO,8,10,2049,2226.4710396322366,26.471039632236625,15030
AS-ABMO,8,10,2050,2225.132696024662,25.132696024661982,15030
AS-ABMO,8,10,2051,2221.2395331287576,21.239533128757557,15030
AS-ABMO,8,10,2052,2221.644182376352,21.64418237635209,15030
AS-ABMO,8,10,2053,2223.5525529309157,23.55255293091568,15030
AS-ABMO,8,10,2054,2222.6693133501944,22.669313350194443,15030
AS-ABMO,8,10,2055,2221.0429784756057,21.04297847560565,15030
AS-ABMO,9,10,2026,2669.8598037236434,369.8598037236434,15030
AS-ABMO,9,10,2027,2664.5424403718434,364.54244037184344,15030
AS-ABMO,9,10,2028,2300.0000000000005,4.547473508864641e-13,15030
AS-ABMO,9,10,2029,2665.4712926124253,365.47129261242526,15030
AS-ABMO,9,10,2030,2300.0000000000036,3.637978807091713e-12,15030
AS-ABMO,9,10,2031,2664.542433195969,364.5424331959689,15030
AS-ABMO,9,10,2032,2659.1928051814075,359.1928051814075,15030
AS-ABMO,9,10,2033,2669.8598037236416,369.85980372364156,15030
AS-ABMO,9,10,2034,2670.1079759592353,370.1079759592353,15030
AS-ABMO,9,10,2035,2664.542664433913,364.54266443391316,15030
AS-ABMO,9,10,2036,2664.5424327564397,364.54243275643967,15030
AS-ABMO,9,10,2037,2659.0943447803725,359.09434478037247,15030
AS-ABMO,9,10,2038,2670.107975959236,370.1079759592358,15030
AS-ABMO,9,10,2039,2669.85980372364,369.8598037236402,15030
AS-ABMO,9,10,2040,2669.859803723702,369.85980372370204,15030
AS-ABMO,9,10,2041,2659.094344780577,359.0943447805771,15030
AS-ABMO,9,10,2042,2664.5424327725,364.5424327725,15030
AS-ABMO,9,10,2043,2659.192805190878,359.19280519087806,15030
AS-ABMO,9,10,2044,2669.8598037236416,369.85980372364156,15030
AS-ABMO,9,10,2045,2670.107975959236,370.1079759592358,15030
AS-ABMO,9,10,2046,2300.000000000001,9.094947017729282e-13,15030
AS-ABMO,9,10,2047,2670.1079759592353,370.1079759592353,15030
AS-ABMO,9,10,2048,2659.1928052421063,359.19280524210626,15030
AS-ABMO,9,10,2049,2659.0943447803647,359.09434478036474,15030
AS-ABMO,9,10,2050,2659.0943447803634,359.0943447803634,15030
AS-ABMO,9,10,2051,2659.1928051809914,359.1928051809914,15030
AS-ABMO,9,10,2052,2666.908143304409,366.9081433044089,15030
AS-ABMO,9,10,2053,2300.000000000001,9.094947017729282e-13,15030
AS-ABMO,9,10,2054,2300.0000000000023,2.2737367544323206e-12,15030
AS-ABMO,9,10,2055,2659.193234358274,359.1932343582739,15030
AS-ABMO,10,10,2026,2734.4591913561867,334.4591913561867,15030
AS-ABMO,10,10,2027,2621.422896241093,221.42289624109299,15030
AS-ABMO,10,10,2028,2621.52491044438,221.5249104443801,15030
AS-ABMO,10,10,2029,2726.941496356296,326.94149635629583,15030
AS-ABMO,10,10,2030,2621.122057282524,221.1220572825241,15030
AS-ABMO,10,10,2031,2623.3416221955986,223.34162219559857,15030
AS-ABMO,10,10,2032,2622.1036321089678,222.10363210896776,15030
AS-ABMO,10,10,2033,2999.4202078305384,599.4202078305384,15030
AS-ABMO,10,10,2034,2622.5376874926997,222.53768749269966,15030
AS-ABMO,10,10,2035,2622.174400077495,222.1744000774952,15030
AS-ABMO,10,10,2036,2622.4738766144164,222.47387661441644,15030
AS-ABMO,10,10,2037,2738.403853797873,338.4038537978731,15030
AS-ABMO,10,10,2038,2732.939489445745,332.93948944574504,15030
AS-ABMO,10,10,2039,2738.9456360624317,338.94563606243173,15030
AS-ABMO,10,10,2040,2622.1744000774943,222.17440007749428,15030
AS-ABMO,10,10,2041,3369.0757974583535,969.0757974583535,15030
AS-ABMO,10,10,2042,2729.0588688779035,329.0588688779035,15030
AS-ABMO,10,10,2043,2757.616997935332,357.61699793533217,15030
AS-ABMO,10,10,2044,2755.12559358371,355.1255935837098,15030
AS-ABMO,10,10,2045,2622.537687492699,222.5376874926992,15030
AS-ABMO,10,10,2046,2625.669433949592,225.66943394959208,15030
AS-ABMO,10,10,2047,2620.8726497489806,220.87264974898062,15030
AS-ABMO,10,10,2048,2622.5376874926997,222.53768749269966,15030
AS-ABMO,10,10,2049,2731.927906973266,331.9279069732661,15030
AS-ABMO,10,10,2050,2726.5556259708014,326.55562597080143,15030
AS-ABMO,10,10,2051,2623.404297041058,223.40429704105782,15030
AS-ABMO,10,10,2052,2621.4242816093383,221.42428160933832,15030
AS-ABMO,10,10,2053,3078.0381953129977,678.0381953129977,15030
AS-ABMO,10,10,2054,2719.706008425421,319.7060084254208,15030
AS-ABMO,10,10,2055,4220.250883846902,1820.250883846902,15030
AS-ABMO,11,10,2026,3477.286880679685,877.286880679685,15030
AS-ABMO,11,10,2027,2600.0000000000014,1.3642420526593924e-12,15030
AS-ABMO,11,10,2028,2600.0000000000005,4.547473508864641e-13,15030
AS-ABMO,11,10,2029,3477.2868852167367,877.2868852167367,15030
AS-ABMO,11,10,2030,3476.068898326548,876.0688983265482,15030
AS-ABMO,11,10,2031,3476.9248252571206,876.9248252571206,15030
AS-ABMO,11,10,2032,2600.000000000001,9.094947017729282e-13,15030
AS-ABMO,11,10,2033,2617.394645425255,17.39464542525502,15030
AS-ABMO,11,10,2034,2600.000000000001,9.094947017729282e-13,15030
AS-ABMO,11,10,2035,3476.068898326548,876.0688983265482,15030
AS-ABMO,11,10,2036,2600.000000000001,9.094947017729282e-13,15030
AS-ABMO,11,10,2037,2600.000000000001,9.094947017729282e-13,15030
AS-ABMO,11,10,2038,2622.425596245957,22.425596245956967,15030
AS-ABMO,11,10,2039,2600.0000000000014,1.3642420526593924e-12,15030
AS-ABMO,11,10,2040,2622.425596245957,22.425596245956967,15030
AS-ABMO,11,10,2041,2600.000000000001,9.094947017729282e-13,15030
AS-ABMO,11,10,2042,2600.0000000000005,4.547473508864641e-13,15030
AS-ABMO,11,10,2043,3476.068898326548,876.0688983265482,15030
AS-ABMO,11,10,2044,3477.286881113595,877.286881113595,15030
AS-ABMO,11,10,2045,2600.000000000009,9.094947017729282e-12,15030
AS-ABMO,11,10,2046,2600.0000000000014,1.3642420526593924e-12,15030
AS-ABMO,11,10,2047,2600.0000000000005,4.547473508864641e-13,15030
AS-ABMO,11,10,2048,2600.000000000003,3.183231456205249e-12,15030
AS-ABMO,11,10,2049,3476.9248252571206,876.9248252571206,15030
AS-ABMO,11,10,2050,2600.0000000000005,4.547473508864641e-13,15030
AS-ABMO,11,10,2051,2600.0000000000005,4.547473508864641e-13,15030
AS-ABMO,11,10,2052,2600.0000000000005,4.547473508864641e-13,15030
AS-ABMO,11,10,2053,2600.0000000000027,2.7284841053187847e-12,15030
AS-ABMO,11,10,2054,2621.323537199975,21.323537199974908,15030
AS-ABMO,11,10,2055,2600.0000000000027,2.7284841053187847e-12,15030
AS-ABMO,12,10,2026,2865.630329777067,165.6303297770669,15030
AS-ABMO,12,10,2027,2866.7507195662197,166.7507195662197,15030
AS-ABMO,12,10,2028,2865.7880510251007,165.78805102510069,15030
AS-ABMO,12,10,2029,2865.9438737345677,165.94387373456766,15030
AS-ABMO,12,10,2030,2871.3513551700753,171.3513551700753,15030
AS-ABMO,12,10,2031,2871.083438775291,171.08343877529114,15030
AS-ABMO,12,10,2032,2868.355133508939,168.35513350893916,15030
AS-ABMO,12,10,2033,2866.4470354167042,166.44703541670424,15030
AS-ABMO,12,10,2034,2870.634481978986,170.63448197898606,15030
AS-ABMO,12,10,2035,2868.2405816883334,168.24058168833335,15030
AS-ABMO,12,10,2036,2867.13761413211,167.13761413210977,15030
AS-ABMO,12,10,2037,2867.0794400177642,167.07944001776423,15030
AS-ABMO,12,10,2038,2865.5785545546146,165.57855455461458,15030
AS-ABMO,12,10,2039,2866.6134786877055,166.61347868770554,15030
AS-ABMO,12,10,2040,2867.018511267556,167.01851126755582,15030
AS-ABMO,12,10,2041,2865.9532596278796,165.95325962787956,15030
AS-ABMO,12,10,2042,2868.048868750973,168.04886875097282,15030
AS-ABMO,12,10,2043,2874.4659048421126,174.46590484211265,15030
AS-ABMO,12,10,2044,2870.279186939014,170.27918693901393,15030
AS-ABMO,12,10,2045,2865.9422393563623,165.94223935636228,15030
AS-ABMO,12,10,2046,2868.8632307999032,168.86323079990325,15030
AS-ABMO,12,10,2047,2867.4800367630587,167.4800367630587,15030
AS-ABMO,12,10,2048,2868.3174239505297,168.3174239505297,15030
AS-ABMO,12,10,2049,2867.242388563599,167.24238856359898,15030
AS-ABMO,12,10,2050,2864.5667539090005,164.56675390900045,15030
AS-ABMO,12,10,2051,2870.573099833836,170.57309983383584,15030
AS-ABMO,12,10,2052,2920.7316688134842,220.73166881348425,15030
AS-ABMO,12,10,2053,2870.2847162515327,170.2847162515327,15030
AS-ABMO,12,10,2054,2869.7931335941566,169.79313359415664,15030
AS-ABMO,12,10,2055,2865.427617306677,165.4276173066769,15030
RUN,1,10,2026,1100.199963023988,800.199963023988,15030
RUN,1,10,2027,1082.3685128064285,782.3685128064285,15059
RUN,1,10,2028,1013.8039312298205,713.8039312298205,15055
RUN,1,10,2029,488.64579013198806,188.64579013198806,15079
RUN,1,10,2030,679.7889988845773,379.78899888457727,15043
RUN,1,10,2031,1447.5051106225762,1147.5051106225762,15071
RUN,1,10,2032,807.4019998220399,507.4019998220399,15079
RUN,1,10,2033,611.5575732641678,311.5575732641678,15031
RUN,1,10,2034,746.2657517279595,446.26575172795947,15054
RUN,1,10,2035,1703.4190250727495,1403.4190250727495,15087
RUN,1,10,2036,807.7782379016002,507.77823790160016,15080
RUN,1,10,2037,660.4783228627737,360.47832286277367,15056
RUN,1,10,2038,1027.0727454997373,727.0727454997373,15043
RUN,1,10,2039,2000.079434465447,1700.079434465447,15075
RUN,1,10,2040,776.0522383780235,476.0522383780235,15082
RUN,1,10,2041,741.1834392189417,441.18343921894166,15077
RUN,1,10,2042,1053.7630972534353,753.7630972534353,15052
RUN,1,10,2043,551.7666503197763,251.76665031977632,15040
RUN,1,10,2044,1255.9975901884977,955.9975901884977,15064
RUN,1,10,2045,656.9403767034493,356.94037670344926,15059
RUN,1,10,2046,851.3259764250741,551.3259764250741,15065
RUN,1,10,2047,886.0947173690652,586.0947173690652,15059
RUN,1,10,2048,1604.819567335504,1304.819567335504,15066
RUN,1,10,2049,1048.460571363732,748.460571363732,15056
RUN,1,10,2050,2016.9257516082168,1716.9257516082168,15059
RUN,1,10,2051,885.4192290274394,585.4192290274394,15063
RUN,1,10,2052,1295.675505686006,995.6755056860061,15075
RUN,1,10,2053,497.5360304497499,197.5360304497499,15043
RUN,1,10,2054,1435.2797590844584,1135.2797590844584,15032
RUN,1,10,2055,1045.327516407424,745.3275164074239,15036
RUN,2,10,2026,449.94007785505073,49.94007785505073,15056
RUN,2,10,2027,454.64164512693014,54.64164512693014,15032
RUN,2,10,2028,499.07227094890385,99.07227094890385,15086
RUN,2,10,2029,453.654156489268,53.65415648926802,15041
RUN,2,10,2030,445.99970767817297,45.99970767817297,15033
RUN,2,10,2031,420.8940170110291,20.89401701102912,15038
RUN,2,10,2032,432.08550965147543,32.085509651475434,15033
RUN,2,10,2033,438.8709923968388,38.8709923968388,15041
RUN,2,10,2034,437.56671810608634,37.56671810608634,15042
RUN,2,10,2035,451.1039447417455,51.10394474174552,15049
RUN,2,10,2036,413.4915485289972,13.491548528997214,15062
RUN,2,10,2037,474.9454617916168,74.94546179161682,15062
RUN,2,10,2038,459.55508382694035,59.55508382694035,15075
RUN,2,10,2039,730.6712664163842,330.67126641638424,15082
RUN,2,10,2040,435.55916031354184,35.55916031354184,15064
RUN,2,10,2041,430.1084518132602,30.108451813260217,15036
RUN,2,10,2042,469.9262679692698,69.92626796926982,15076
RUN,2,10,2043,461.16998662396736,61.16998662396736,15067
RUN,2,10,2044,414.2824822890472,14.28248228904721,15061
RUN,2,10,2045,458.827628503259,58.82762850325901,15035
RUN,2,10,2046,469.45865743036563,69.45865743036563,15070
RUN,2,10,2047,426.2461194455206,26.246119445520605,15030
RUN,2,10,2048,440.46455148030276,40.46455148030276,15078
RUN,2,10,2049,432.3524004506504,32.35240045065041,15079
RUN,2,10,2050,422.86635240905684,22.866352409056844,15076
RUN,2,10,2051,454.8179226719531,54.81792267195311,15069
RUN,2,10,2052,442.4119171692571,42.411917169257094,15034
RUN,2,10,2053,451.921602737668,51.921602737668024,15055
RUN,2,10,2054,440.04460787416923,40.04460787416923,15084
RUN,2,10,2055,457.17475478224395,57.17475478224395,15033
RUN,3,10,2026,600.0426169284074,0.042616928407369414,15037
RUN,3,10,2027,600.032432869437,0.03243286943700241,15062
RUN,3,10,2028,600.0137325647966,0.01373256479655538,15059
RUN,3,10,2029,600.0136663685635,0.013666368563463038,15075
RUN,3,10,2030,600.0099050356033,0.009905035603310353,15086
RUN,3,10,2031,600.0141319760256,0.014131976025623771,15043
RUN,3,10,2032,600.0175308012465,0.017530801246493866,15043
RUN,3,10,2033,600.0211404643835,0.021140464383506696,15072
RUN,3,10,2034,600.011782586681,0.011782586680965323,15042
RUN,3,10,2035,600.0248239189976,0.02482391899764025,15046
RUN,3,10,2036,600.010086493341,0.010086493340963898,15064
RUN,3,10,2037,600.0222718140344,0.022271814034411364,15037
RUN,3,10,2038,600.0170838701844,0.01708387018436497,15087
RUN,3,10,2039,600.0161439518046,0.016143951804565404,15039
RUN,3,10,2040,600.0055514916471,0.005551491647111106,15039
RUN,3,10,2041,600.0194877856557,0.019487785655655898,15059
RUN,3,10,2042,600.0146058236226,0.01460582362255991,15037
RUN,3,10,2043,600.017991705358,0.017991705357985666,15030
RUN,3,10,2044,600.0186996122351,0.018699612235081986,15047
RUN,3,10,2045,600.01276957252,0.012769572520028305,15076
RUN,3,10,2046,600.0309752108636,0.03097521086363031,15042
RUN,3,10,2047,600.0135073210447,0.013507321044698983,15068
RUN,3,10,2048,600.0171450071953,0.01714500719526768,15064
RUN,3,10,2049,600.0181649378186,0.018164937818596627,15030
RUN,3,10,2050,600.0295080314017,0.029508031401746848,15056
RUN,3,10,2051,600.0279487918336,0.027948791833637188,15054
RUN,3,10,2052,600.0132633385127,0.013263338512729206,15070
RUN,3,10,2053,600.0330624189434,0.03306241894335926,15084
RUN,3,10,2054,600.011860139708,0.01186013970800559,15043
RUN,3,10,2055,600.054356832258,0.05435683225800858,15066
RUN,4,10,2026,842.049735640501,42.04973564050101,15083
RUN,4,10,2027,834.0111544342308,34.011154434230775,15032
RUN,4,10,2028,850.6843259198243,50.684325919824346,15085
RUN,4,10,2029,830.1079119434978,30.10791194349781,15057
RUN,4,10,2030,826.5341397173704,26.534139717370408,15035
RUN,4,10,2031,830.0025664230891,30.002566423089092,15065
RUN,4,10,2032,850.2631469018571,50.26314690185711,15061
RUN,4,10,2033,856.1548548185676,56.15485481856763,15030
RUN,4,10,2034,822.0114022575226,22.011402257522604,15069
RUN,4,10,2035,832.2646230192335,32.264623019233454,15077
RUN,4,10,2036,854.0021098153039,54.002109815303925,15059
RUN,4,10,2037,846.0150625121652,46.01506251216517,15076
RUN,4,10,2038,830.0000006820737,30.000000682073733,15059
RUN,4,10,2039,852.0712234962061,52.07122349620613,15047
RUN,4,10,2040,844.0059801960892,44.00598019608924,15064
RUN,4,10,2041,824.000000738103,24.00000073810304,15052
RUN,4,10,2042,872.2157696712419,72.2157696712419,15063
RUN,4,10,2043,838.0,38.0,15082
RUN,4,10,2044,853.292792869498,53.292792869498044,15062
RUN,4,10,2045,834.905140929338,34.90514092933802,15052
RUN,4,10,2046,830.0357437345542,30.035743734554217,15052
RUN,4,10,2047,830.0000021058516,30.00000210585165,15082
RUN,4,10,2048,838.00021814738,38.00021814738,15064
RUN,4,10,2049,848.0053808508864,48.005380850886354,15038
RUN,4,10,2050,840.0028286835824,40.00282868358238,15073
RUN,4,10,2051,838.0052932141402,38.00529321414024,15040
RUN,4,10,2052,836.2857868949397,36.28578689493975,15088
RUN,4,10,2053,861.9890952148116,61.98909521481164,15076
RUN,4,10,2054,838.0000093674137,38.00000936741367,15074
RUN,4,10,2055,832.0150639393275,32.01506393932755,15071
RUN,5,10,2026,900.7548608515974,0.7548608515974138,15076
RUN,5,10,2027,901.3135613852512,1.3135613852512051,15056
RUN,5,10,2028,900.6644648366018,0.6644648366018373,15042
RUN,5,10,2029,900.7390811098089,0.7390811098089216,15083
RUN,5,10,2030,901.416928116229,1.4169281162289735,15057
RUN,5,10,2031,901.3097525810678,1.3097525810677553,15061
RUN,5,10,2032,900.694680372001,0.6946803720010166,15057
RUN,5,10,2033,901.7197116376183,1.7197116376182748,15046
RUN,5,10,2034,900.7901532926332,0.7901532926332493,15060
RUN,5,10,2035,900.738135992209,0.7381359922089814,15067
RUN,5,10,2036,902.1169564689338,2.116956468933836,15075
RUN,5,10,2037,901.2049731794806,1.2049731794805894,15071
RUN,5,10,2038,900.8129578410209,0.8129578410208751,15058
RUN,5,10,2039,901.2246446780736,1.2246446780735596,15063
RUN,5,10,2040,900.780138883946,0.7801388839460515,15046
RUN,5,10,2041,900.2315717002034,0.23157170020340345,15073
RUN,5,10,2042,900.4898599694282,0.4898599694281529,15058
RUN,5,10,2043,900.76227825926,0.7622782592600288,15036
RUN,5,10,2044,901.0552830632605,1.0552830632605037,15042
RUN,5,10,2045,901.6195794441494,1.6195794441493945,15078
RUN,5,10,2046,901.5207740922265,1.5207740922264747,15063
RUN,5,10,2047,900.4936575335881,0.49365753358813436,15039
RUN,5,10,2048,901.026060733525,1.0260607335250143,15039
RUN,5,10,2049,900.8806608399647,0.880660839964662,15077
RUN,5,10,2050,901.0489165313014,1.0489165313014155,15050
RUN,5,10,2051,900.5814279184835,0.5814279184835414,15042
RUN,5,10,2052,901.4096434989233,1.4096434989232876,15032
RUN,5,10,2053,901.3348225967245,1.334822596724507,15058
RUN,5,10,2054,900.624857001591,0.6248570015909536,15033
RUN,5,10,2055,901.1856142972737,1.1856142972736734,15049
RUN,6,10,2026,71490.02253801488,69690.02253801488,15072
RUN,6,10,2027,17753.88061481064,15953.880614810641,15056
RUN,6,10,2028,15301.536686239679,13501.536686239679,15039
RUN,6,10,2029,16080.628695601707,14280.628695601707,15046
RUN,6,10,2030,74668.43865320532,72868.43865320532,15044
RUN,6,10,2031,18929.514399704,17129.514399704,15046
RUN,6,10,2032,27556.705934329406,25756.705934329406,15054
RUN,6,10,2033,16232.558486619891,14432.558486619891,15054
RUN,6,10,2034,16182.795259221952,14382.795259221952,15077
RUN,6,10,2035,27314.9180530279,25514.9180530279,15053
RUN,6,10,2036,20518.449517343615,18718.449517343615,15058
RUN,6,10,2037,28234.16903789306,26434.16903789306,15078
RUN,6,10,2038,24791.05836749662,22991.05836749662,15052
RUN,6,10,2039,16459.485229490158,14659.485229490158,15036
RUN,6,10,2040,35534.087588063376,33734.087588063376,15086
RUN,6,10,2041,24975.22667406073,23175.22667406073,15060
RUN,6,10,2042,17829.216369262398,16029.216369262398,15047
RUN,6,10,2043,17305.41770549723,15505.417705497232,15075
RUN,6,10,2044,17201.095152193666,15401.095152193666,15067
RUN,6,10,2045,28203.295515534173,26403.295515534173,15063
RUN,6,10,2046,14920.228942530934,13120.228942530934,15040
RUN,6,10,2047,14707.46279181512,12907.46279181512,15036
RUN,6,10,2048,17448.54622500932,15648.546225009319,15057
RUN,6,10,2049,17963.826910445456,16163.826910445456,15034
RUN,6,10,2050,26153.45593489501,24353.45593489501,15061
RUN,6,10,2051,110583.11810081675,108783.11810081675,15065
RUN,6,10,2052,21467.385183305265,19667.385183305265,15060
RUN,6,10,2053,13517.93032112676,11717.93032112676,15048
RUN,6,10,2054,76979.78493917156,75179.78493917156,15064
RUN,6,10,2055,28433.3914504591,26633.3914504591,15039
RUN,7,10,2026,2073.3307398862817,73.33073988628166,15062
RUN,7,10,2027,2128.1551264861873,128.15512648618733,15036
RUN,7,10,2028,2083.7369853173504,83.73698531735045,15036
RUN,7,10,2029,2083.0525027970143,83.05250279701431,15079
RUN,7,10,2030,2052.80346914989,52.803469149890134,15079
RUN,7,10,2031,2124.930948883299,124.93094888329915,15070
RUN,7,10,2032,2161.6266361018625,161.62663610186246,15049
RUN,7,10,2033,2070.2290273066337,70.22902730663372,15078
RUN,7,10,2034,2060.5402724116516,60.540272411651586,15053
RUN,7,10,2035,2119.289681719071,119.28968171907081,15083
RUN,7,10,2036,2086.856000538045,86.85600053804501,15035
RUN,7,10,2037,2182.134890020292,182.134890020292,15047
RUN,7,10,2038,2111.77805027163,111.77805027163004,15039
RUN,7,10,2039,2095.916103439696,95.91610343969614,15040
RUN,7,10,2040,2089.194221719877,89.19422171987708,15055
RUN,7,10,2041,2100.2303534459897,100.23035344598975,15079
RUN,7,10,2042,2130.3835888956464,130.38358889564643,15039
RUN,7,10,2043,2153.0399848976926,153.03998489769265,15051
RUN,7,10,2044,2056.3190747202148,56.31907472021476,15064
RUN,7,10,2045,2075.7377411000284,75.73774110002842,15085
RUN,7,10,2046,2176.982790991077,176.98279099107685,15082
RUN,7,10,2047,2066.756833451091,66.7568334510911,15081
RUN,7,10,2048,2149.111138873067,149.11113887306692,15062
RUN,7,10,2049,2070.3506473754182,70.35064737541825,15070
RUN,7,10,2050,2125.377322330968,125.37732233096813,15079
RUN,7,10,2051,2069.5618398401643,69.56183984016434,15049
RUN,7,10,2052,2086.5156062760793,86.51560627607932,15055
RUN,7,10,2053,2112.481329774746,112.48132977474597,15052
RUN,7,10,2054,2105.993905822421,105.99390582242086,15062
RUN,7,10,2055,2185.7671966793596,185.76719667935959,15059
RUN,8,10,2026,2907.0781663318,707.0781663317998,15084
RUN,8,10,2027,2236.1392600659046,36.13926006590464,15052
RUN,8,10,2028,2906.9988609723905,706.9988609723905,15057
RUN,8,10,2029,3161.977159247927,961.9771592479269,15037
RUN,8,10,2030,2233.5515482868204,33.551548286820434,15038
RUN,8,10,2031,3385.3455009540007,1185.3455009540007,15061
RUN,8,10,2032,2293.709292143067,93.70929214306716,15079
RUN,8,10,2033,2745.343463048533,545.3434630485331,15030
RUN,8,10,2034,3695.3188420688057,1495.3188420688057,15075
RUN,8,10,2035,2273.5759479105504,73.57594791055044,15055
RUN,8,10,2036,2920.294448396221,720.294448396221,15037
RUN,8,10,2037,3764.7633571077695,1564.7633571077695,15055
RUN,8,10,2038,2371.801352581598,171.80135258159817,15057
RUN,8,10,2039,2239.176983936903,39.17698393690307,15042
RUN,8,10,2040,2263.6441907065564,63.6441907065564,15045
RUN,8,10,2041,3724.8603387076855,1524.8603387076855,15035
RUN,8,10,2042,2795.1369438504566,595.1369438504566,15086
RUN,8,10,2043,3612.386577032452,1412.386577032452,15053
RUN,8,10,2044,3299.243326393116,1099.2433263931161,15053
RUN,8,10,2045,3771.6413969817104,1571.6413969817104,15042
RUN,8,10,2046,2535.71332653475,335.7133265347502,15074
RUN,8,10,2047,2248.0463522086698,48.04635220866976,15082
RUN,8,10,2048,2863.5322164707713,663.5322164707713,15038
RUN,8,10,2049,2378.2938504601625,178.2938504601625,15079
RUN,8,10,2050,2398.645908291155,198.64590829115514,15043
RUN,8,10,2051,2263.510935237714,63.510935237713966,15061
RUN,8,10,2052,2437.4108259449667,237.41082594496675,15080
RUN,8,10,2053,2242.0892270372465,42.089227037246474,15075
RUN,8,10,2054,2273.103161178076,73.10316117807588,15033
RUN,8,10,2055,3873.7496474455065,1673.7496474455065,15070
RUN,9,10,2026,2721.0336870412902,421.03368704129025,15060
RUN,9,10,2027,2689.9643793436567,389.9643793436567,15041
RUN,9,10,2028,2666.129162599157,366.1291625991571,15048
RUN,9,10,2029,2328.3706204201244,28.370620420124396,15052
RUN,9,10,2030,2327.9519686911285,27.951968691128513,15036
RUN,9,10,2031,2317.3314231678073,17.331423167807316,15051
RUN,9,10,2032,2383.4727264574717,83.47272645747171,15045
RUN,9,10,2033,2733.583163473031,433.58316347303116,15070
RUN,9,10,2034,2696.1459204846146,396.14592048461463,15054
RUN,9,10,2035,2687.2937087778964,387.2937087778964,15071
RUN,9,10,2036,2339.7241458683716,39.72414586837158,15074
RUN,9,10,2037,2326.80667436133,26.806674361329897,15049
RUN,9,10,2038,2330.618444382744,30.6184443827442,15034
RUN,9,10,2039,2732.8860192533443,432.88601925334433,15073
RUN,9,10,2040,2351.172567039404,51.17256703940393,15033
RUN,9,10,2041,2351.4918318665545,51.49183186655455,15063
RUN,9,10,2042,2699.792797185984,399.792797185984,15066
RUN,9,10,2043,2691.28182972165,391.28182972164996,15038
RUN,9,10,2044,2712.5670079188085,412.5670079188085,15032
RUN,9,10,2045,2770.64941092986,470.6494109298601,15078
RUN,9,10,2046,2719.7356905335296,419.7356905335296,15033
RUN,9,10,2047,2322.7611930505,22.76119305049997,15042
RUN,9,10,2048,2330.0142844371208,30.01428443712075,15034
RUN,9,10,2049,2696.9649338120626,396.96493381206255,15037
RUN,9,10,2050,2311.717280828734,11.717280828734147,15055
RUN,9,10,2051,2760.5873186729186,460.5873186729186,15052
RUN,9,10,2052,2408.1920010119848,108.19200101198476,15048
RUN,9,10,2053,2684.875140321155,384.87514032115496,15067
RUN,9,10,2054,2339.514176718059,39.514176718058934,15058
RUN,9,10,2055,2684.743622740813,384.74362274081295,15060
RUN,10,10,2026,2740.6940848997065,340.69408489970647,15035
RUN,10,10,2027,2638.8256055068355,238.82560550683547,15073
RUN,10,10,2028,2635.1069762172833,235.10697621728332,15038
RUN,10,10,2029,2737.3443778195183,337.3443778195183,15042
RUN,10,10,2030,2637.1046264450906,237.10462644509062,15048
RUN,10,10,2031,2638.278843022165,238.2788430221649,15046
RUN,10,10,2032,2633.775711481906,233.775711481906,15087
RUN,10,10,2033,2641.9479092777688,241.94790927776876,15040
RUN,10,10,2034,2632.745450003514,232.74545000351418,15068
RUN,10,10,2035,2636.0247091506317,236.02470915063168,15064
RUN,10,10,2036,2637.494186443357,237.4941864433572,15061
RUN,10,10,2037,2765.7159426608746,365.7159426608746,15036
RUN,10,10,2038,2728.900516968761,328.90051696876117,15057
RUN,10,10,2039,2749.3244624528807,349.32446245288065,15081
RUN,10,10,2040,2636.9351242379967,236.93512423799666,15051
RUN,10,10,2041,2758.869622354396,358.86962235439614,15034
RUN,10,10,2042,2757.513322167369,357.5133221673691,15064
RUN,10,10,2043,2752.6314871780623,352.63148717806234,15054
RUN,10,10,2044,2756.8851368649084,356.8851368649084,15037
RUN,10,10,2045,2628.25419084607,228.25419084606983,15040
RUN,10,10,2046,2655.4287816014644,255.42878160146438,15043
RUN,10,10,2047,2630.994411978031,230.99441197803117,15034
RUN,10,10,2048,2638.0058668349234,238.00586683492338,15055
RUN,10,10,2049,2747.1905573691547,347.1905573691547,15054
RUN,10,10,2050,2735.8842634839248,335.88426348392477,15046
RUN,10,10,2051,2748.0538815972977,348.05388159729773,15052
RUN,10,10,2052,2639.195370688953,239.19537068895306,15035
RUN,10,10,2053,2645.190501797117,245.19050179711712,15076
RUN,10,10,2054,2744.173383700864,344.1733837008642,15046
RUN,10,10,2055,2637.356774008116,237.3567740081162,15055
RUN,11,10,2026,2610.0417972988025,10.041797298802521,15066
RUN,11,10,2027,2607.0687459252463,7.068745925246276,15064
RUN,11,10,2028,2607.0535404609086,7.053540460908607,15030
RUN,11,10,2029,2611.092746542878,11.092746542878103,15059
RUN,11,10,2030,2622.7334607015514,22.733460701551394,15053
RUN,11,10,2031,2614.228332518883,14.22833251888278,15078
RUN,11,10,2032,2606.662634025531,6.662634025531133,15044
RUN,11,10,2033,2610.707886328043,10.70788632804306,15074
RUN,11,10,2034,2610.599224526301,10.599224526300986,15053
RUN,11,10,2035,2612.5913637109093,12.591363710909263,15075
RUN,11,10,2036,2609.4781865147006,9.47818651470061,15034
RUN,11,10,2037,2603.984702709567,3.9847027095670455,15069
RUN,11,10,2038,2615.8540276420813,15.854027642081292,15034
RUN,11,10,2039,2605.0490693957204,5.04906939572038,15071
RUN,11,10,2040,2606.5303563072057,6.530356307205693,15068
RUN,11,10,2041,2608.359607286855,8.359607286854953,15032
RUN,11,10,2042,2616.6751874490255,16.675187449025543,15068
RUN,11,10,2043,2617.9105712549404,17.91057125494035,15059
RUN,11,10,2044,2608.744596773031,8.744596773030935,15072
RUN,11,10,2045,2632.8529538908515,32.852953890851495,15078
RUN,11,10,2046,3481.01702132687,881.0170213268698,15060
RUN,11,10,2047,2608.4306884427397,8.430688442739665,15070
RUN,11,10,2048,2607.2456370944774,7.245637094477388,15040
RUN,11,10,2049,2612.3909727658042,12.390972765804236,15077
RUN,11,10,2050,2611.6909547334826,11.690954733482613,15069
RUN,11,10,2051,2612.1521997326927,12.15219973269268,15073
RUN,11,10,2052,2636.305914836835,36.3059148368352,15073
RUN,11,10,2053,2613.1242844397725,13.12428443977251,15042
RUN,11,10,2054,2611.5650530338417,11.56505303384165,15039
RUN,11,10,2055,2614.057501273335,14.05750127333522,15058
RUN,12,10,2026,2871.7649165337043,171.7649165337043,15051
RUN,12,10,2027,2869.0277628078907,169.02776280789067,15051
RUN,12,10,2028,2871.7746049067296,171.77460490672956,15065
RUN,12,10,2029,2870.978684414201,170.97868441420087,15046
RUN,12,10,2030,2870.561254449575,170.5612544495748,15037
RUN,12,10,2031,2872.3339051378043,172.33390513780432,15045
RUN,12,10,2032,2869.5937553468557,169.5937553468557,15064
RUN,12,10,2033,2871.534590134889,171.53459013488919,15039
RUN,12,10,2034,2872.4580314409154,172.45803144091542,15048
RUN,12,10,2035,2871.3986435304632,171.39864353046323,15042
RUN,12,10,2036,2870.364970619472,170.36497061947193,15042
RUN,12,10,2037,2873.3853865145215,173.38538651452154,15055
RUN,12,10,2038,2872.096893612471,172.09689361247092,15061
RUN,12,10,2039,2874.6486060132174,174.64860601321743,15087
RUN,12,10,2040,2869.5391118673606,169.5391118673606,15092
RUN,12,10,2041,2873.1564173014185,173.15641730141851,15037
RUN,12,10,2042,2870.720033904599,170.72003390459895,15037
RUN,12,10,2043,2871.757885866572,171.757885866572,15080
RUN,12,10,2044,2873.1531261815635,173.1531261815635,15078
RUN,12,10,2045,2871.11385215945,171.11385215944983,15032
RUN,12,10,2046,2873.2081769568294,173.20817695682945,15054
RUN,12,10,2047,2870.9573034624786,170.95730346247865,15060
RUN,12,10,2048,2869.7428853534866,169.7428853534866,15072
RUN,12,10,2049,2875.7673916115727,175.76739161157275,15052
RUN,12,10,2050,2870.972322220682,170.97232222068214,15063
RUN,12,10,2051,2875.742844481836,175.74284448183607,15044
RUN,12,10,2052,2870.4807481313824,170.48074813138237,15057
RUN,12,10,2053,2870.818554341234,170.81855434123418,15061
RUN,12,10,2054,2870.9113587960196,170.9113587960196,15057
RUN,12,10,2055,2870.8445631982413,170.8445631982413,15048
GWO,1,10,2026,377.0806583658786,77.0806583658786,15030
GWO,1,10,2027,436.48851389387494,136.48851389387494,15030
GWO,1,10,2028,373.2327550602696,73.2327550602696,15030
GWO,1,10,2029,394.5003047039997,94.50030470399969,15030
GWO,1,10,2030,449.27166484904325,149.27166484904325,15030
GWO,1,10,2031,520.9580244630449,220.95802446304492,15030
GWO,1,10,2032,405.7669664314202,105.7669664314202,15030
GWO,1,10,2033,375.6352732355649,75.63527323556491,15030
GWO,1,10,2034,530.1651797658226,230.1651797658226,15030
GWO,1,10,2035,391.54747912551744,91.54747912551744,15030
GWO,1,10,2036,461.9208429831251,161.9208429831251,15030
GWO,1,10,2037,475.55835227387104,175.55835227387104,15030
GWO,1,10,2038,446.29411700967637,146.29411700967637,15030
GWO,1,10,2039,426.08447626543943,126.08447626543943,15030
GWO,1,10,2040,458.58394020352,158.58394020352,15030
GWO,1,10,2041,390.50138193753247,90.50138193753247,15030
GWO,1,10,2042,523.385196426078,223.38519642607798,15030
GWO,1,10,2043,362.55013142196077,62.55013142196077,15030
GWO,1,10,2044,491.7156792779533,191.7156792779533,15030
GWO,1,10,2045,420.6126002334433,120.61260023344329,15030
GWO,1,10,2046,398.36130008721096,98.36130008721096,15030
GWO,1,10,2047,418.93982833847883,118.93982833847883,15030
GWO,1,10,2048,377.3521172662788,77.35211726627881,15030
GWO,1,10,2049,439.25799652362014,139.25799652362014,15030
GWO,1,10,2050,390.8348155470755,90.8348155470755,15030
GWO,1,10,2051,450.21821846449274,150.21821846449274,15030
GWO,1,10,2052,373.16290460116454,73.16290460116454,15030
GWO,1,10,2053,360.22779445215826,60.227794452158264,15030
GWO,1,10,2054,378.85181247734073,78.85181247734073,15030
GWO,1,10,2055,505.8596281982174,205.85962819821742,15030
GWO,2,10,2026,420.14159918907694,20.141599189076942,15030
GWO,2,10,2027,420.9348128061417,20.93481280614168,15030
GWO,2,10,2028,417.3586103245779,17.35861032457791,15030
GWO,2,10,2029,420.0262021195026,20.026202119502614,15030
GWO,2,10,2030,452.9045353193099,52.9045353193099,15030
GWO,2,10,2031,433.783338944696,33.78333894469603,15030
GWO,2,10,2032,428.92240789053426,28.92240789053426,15030
GWO,2,10,2033,420.9796200240993,20.97962002409929,15030
GWO,2,10,2034,415.90555229813936,15.905552298139355,15030
GWO,2,10,2035,431.95595203261917,31.955952032619166,15030
GWO,2,10,2036,417.0774146078788,17.07741460787878,15030
GWO,2,10,2037,456.6622156951546,56.6622156951546,15030
GWO,2,10,2038,419.93190516966905,19.93190516966905,15030
GWO,2,10,2039,472.90817335456626,72.90817335456626,15030
GWO,2,10,2040,419.05193003883255,19.051930038832552,15030
GWO,2,10,2041,417.8354767564651,17.835476756465084,15030
GWO,2,10,2042,487.54535935089336,87.54535935089336,15030
GWO,2,10,2043,419.0404442484371,19.040444248437097,15030
GWO,2,10,2044,424.6569191465687,24.656919146568725,15030
GWO,2,10,2045,422.1794405970052,22.179440597005225,15030
GWO,2,10,2046,472.54155142954124,72.54155142954124,15030
GWO,2,10,2047,453.39644076951754,53.39644076951754,15030
GWO,2,10,2048,429.2542645957058,29.25426459570582,15030
GWO,2,10,2049,451.5239745742237,51.5239745742237,15030
GWO,2,10,2050,509.09812092340263,109.09812092340263,15030
GWO,2,10,2051,420.1100356339316,20.110035633931602,15030
GWO,2,10,2052,460.47337039950054,60.47337039950054,15030
GWO,2,10,2053,421.46519582722,21.465195827219986,15030
GWO,2,10,2054,424.3347005273659,24.334700527365897,15030
GWO,2,10,2055,451.7191172161602,51.719117216160214,15030
GWO,3,10,2026,600.0082814115764,0.00828141157637674,15030
GWO,3,10,2027,600.0085293560833,0.008529356083272432,15030
GWO,3,10,2028,600.0053893452589,0.0053893452588908985,15030
GWO,3,10,2029,600.0087473033707,0.008747303370682857,15030
GWO,3,10,2030,600.0071383469226,0.007138346922602068,15030
GWO,3,10,2031,600.0070500911696,0.00705009116961719,15030
GWO,3,10,2032,600.0092548637158,0.009254863715796091,15030
GWO,3,10,2033,600.0124287629328,0.012428762932813697,15030
GWO,3,10,2034,600.009154758862,0.009154758861996015,15030
GWO,3,10,2035,600.0066741103049,0.006674110304857095,15030
GWO,3,10,2036,600.0066821721247,0.006682172124669705,15030
GWO,3,10,2037,600.0138723427852,0.013872342785248293,15030
GWO,3,10,2038,600.008592253781,0.008592253780989267,15030
GWO,3,10,2039,600.0046735417081,0.004673541708143603,15030
GWO,3,10,2040,600.0075880585946,0.0075880585945924395,15030
GWO,3,10,2041,600.0069249806317,0.0069249806316520335,15030
GWO,3,10,2042,600.0087266332063,0.008726633206265433,15030
GWO,3,10,2043,600.0079110463122,0.007911046312187864,15030
GWO,3,10,2044,600.008819369961,0.008819369960974655,15030
GWO,3,10,2045,600.0114958834498,0.011495883449811117,15030
GWO,3,10,2046,600.0055679515497,0.00556795154966494,15030
GWO,3,10,2047,600.0076479335646,0.007647933564612686,15030
GWO,3,10,2048,600.0070878925912,0.007087892591243872,15030
GWO,3,10,2049,600.0104713086814,0.010471308681417213,15030
GWO,3,10,2050,600.0117930022777,0.011793002277727282,15030
GWO,3,10,2051,600.0092910199714,0.009291019971442438,15030
GWO,3,10,2052,600.0055360721788,0.005536072178756513,15030
GWO,3,10,2053,600.0096550944377,0.00965509443767587,15030
GWO,3,10,2054,600.009050405533,0.009050405533002959,15030
GWO,3,10,2055,600.0073249331502,0.007324933150243851,15030
GWO,4,10,2026,830.884387945587,30.884387945587036,15030
GWO,4,10,2027,832.0,32.0,15030
GWO,4,10,2028,838.0,38.0,15030
GWO,4,10,2029,818.8791514716653,18.879151471665296,15030
GWO,4,10,2030,849.3298278301695,49.329827830169506,15030
GWO,4,10,2031,829.4087947176736,29.408794717673572,15030
GWO,4,10,2032,858.1458992568906,58.14589925689063,15030
GWO,4,10,2033,858.1842603954527,58.184260395452725,15030
GWO,4,10,2034,829.0038238593066,29.003823859306635,15030
GWO,4,10,2035,842.9332397511432,42.93323975114322,15030
GWO,4,10,2036,857.352561894184,57.352561894183964,15030
GWO,4,10,2037,858.0,58.0,15030
GWO,4,10,2038,831.3246499107504,31.324649910750395,15030
GWO,4,10,2039,837.4876526825155,37.487652682515545,15030
GWO,4,10,2040,839.1541789930988,39.15417899309875,15030
GWO,4,10,2041,834.4850086057988,34.48500860579884,15030
GWO,4,10,2042,841.9109971690593,41.91099716905933,15030
GWO,4,10,2043,844.5093064362864,44.50930643628635,15030
GWO,4,10,2044,838.1969555851389,38.19695558513888,15030
GWO,4,10,2045,849.3972990633148,49.39729906331479,15030
GWO,4,10,2046,838.1523504390648,38.152350439064776,15030
GWO,4,10,2047,842.5722002688606,42.57220026886057,15030
GWO,4,10,2048,845.5574291416459,45.55742914164591,15030
GWO,4,10,2049,854.5462971323889,54.54629713238887,15030
GWO,4,10,2050,832.5777732576664,32.57777325766642,15030
GWO,4,10,2051,851.8077918114404,51.80779181144044,15030
GWO,4,10,2052,837.7541685018873,37.75416850188731,15030
GWO,4,10,2053,828.6238115416685,28.623811541668488,15030
GWO,4,10,2054,841.4536964929299,41.45369649292991,15030
GWO,4,10,2055,845.6580195322031,45.65801953220307,15030
GWO,5,10,2026,900.0559832081334,0.055983208133397966,15030
GWO,5,10,2027,900.0869673891896,0.08696738918956726,15030
GWO,5,10,2028,900.1801340432911,0.18013404329110472,15030
GWO,5,10,2029,900.0403696145696,0.04036961456961308,15030
GWO,5,10,2030,900.0425773927392,0.042577392739190145,15030
GWO,5,10,2031,900.0457947444046,0.04579474440458853,15030
GWO,5,10,2032,900.0761306757794,0.07613067577938182,15030
GWO,5,10,2033,900.0411985047383,0.04119850473830411,15030
GWO,5,10,2034,900.0768241279814,0.07682412798135374,15030
GWO,5,10,2035,900.0480249140874,0.04802491408736387,15030
GWO,5,10,2036,900.060890525285,0.060890525285003605,15030
GWO,5,10,2037,900.0261081210854,0.02610812108537175,15030
GWO,5,10,2038,900.0994235041359,0.09942350413587064,15030
GWO,5,10,2039,900.0720388819035,0.07203888190349517,15030
GWO,5,10,2040,900.1354312007638,0.13543120076383275,15030
GWO,5,10,2041,900.0624433279041,0.062443327904134094,15030
GWO,5,10,2042,900.0542289898739,0.054228989873877254,15030
GWO,5,10,2043,900.0589634758253,0.058963475825294154,15030
GWO,5,10,2044,900.0438990889297,0.043899088929720165,15030
GWO,5,10,2045,900.0908673604464,0.09086736044639565,15030
GWO,5,10,2046,900.9975373160842,0.9975373160841627,15030
GWO,5,10,2047,900.0558599058525,0.055859905852457814,15030
GWO,5,10,2048,900.0751057478029,0.07510574780292245,15030
GWO,5,10,2049,900.5663783906366,0.5663783906366007,15030
GWO,5,10,2050,900.0527787966668,0.052778796666757444,15030
GWO,5,10,2051,900.0485875287369,0.04858752873690264,15030
GWO,5,10,2052,900.632000476569,0.6320004765690328,15030
GWO,5,10,2053,900.084307567411,0.08430756741097412,15030
GWO,5,10,2054,900.0630362404198,0.06303624041981948,15030
GWO,5,10,2055,900.0761157935744,0.07611579357444498,15030
GWO,6,10,2026,1759765.6625581991,1757965.6625581991,15030
GWO,6,10,2027,176540.50229617325,174740.50229617325,15030
GWO,6,10,2028,742579.8244024818,740779.8244024818,15030
GWO,6,10,2029,730586.8732179032,728786.8732179032,15030
GWO,6,10,2030,1831167.8812778231,1829367.8812778231,15030
GWO,6,10,2031,400004.90182421415,398204.90182421415,15030
GWO,6,10,2032,3179866.335576723,3178066.335576723,15030
GWO,6,10,2033,1850645.8088031656,1848845.8088031656,15030
GWO,6,10,2034,341214.89803813765,339414.89803813765,15030
GWO,6,10,2035,136694.7714496499,134894.7714496499,15030
GWO,6,10,2036,1507280.4049530686,1505480.4049530686,15030
GWO,6,10,2037,104075.59166131823,102275.59166131823,15030
GWO,6,10,2038,164264.2588656979,162464.2588656979,15030
GWO,6,10,2039,932405.4450139048,930605.4450139048,15030
GWO,6,10,2040,1253998.775156876,1252198.775156876,15030
GWO,6,10,2041,303487.5974696149,301687.5974696149,15030
GWO,6,10,2042,2982033.590459217,2980233.590459217,15030
GWO,6,10,2043,1778636.805628905,1776836.805628905,15030
GWO,6,10,2044,2816328.8552250364,2814528.8552250364,15030
GWO,6,10,2045,1067256.9543766084,1065456.9543766084,15030
GWO,6,10,2046,638248.733697783,636448.733697783,15030
GWO,6,10,2047,931275.8950954686,929475.8950954686,15030
GWO,6,10,2048,980193.0486733663,978393.0486733663,15030
GWO,6,10,2049,1330540.2448631339,1328740.2448631339,15030
GWO,6,10,2050,2522296.987754198,2520496.987754198,15030
GWO,6,10,2051,829877.9741793787,828077.9741793787,15030
GWO,6,10,2052,373578.8251582675,371778.8251582675,15030
GWO,6,10,2053,3515044.2621690943,3513244.2621690943,15030
GWO,6,10,2054,326734.90154469473,324934.90154469473,15030
GWO,6,10,2055,1031024.2203023339,1029224.2203023339,15030
GWO,7,10,2026,2061.384594580419,61.38459458041916,15030
GWO,7,10,2027,2052.969040291204,52.96904029120378,15030
GWO,7,10,2028,2068.362796146517,68.36279614651721,15030
GWO,7,10,2029,2073.1290117978165,73.12901179781647,15030
GWO,7,10,2030,2051.892538848331,51.89253884833079,15030
GWO,7,10,2031,2163.345197036186,163.34519703618616,15030
GWO,7,10,2032,2055.8841783784255,55.88417837842553,15030
GWO,7,10,2033,2051.1634643055536,51.16346430555359,15030
GWO,7,10,2034,2067.261471372247,67.26147137224689,15030
GWO,7,10,2035,2056.082161057305,56.0821610573048,15030
GWO,7,10,2036,2082.7489220032826,82.74892200328259,15030
GWO,7,10,2037,2057.1777678677645,57.17776786776449,15030
GWO,7,10,2038,2179.242170722745,179.24217072274496,15030
GWO,7,10,2039,2055.127742867947,55.127742867946836,15030
GWO,7,10,2040,2166.054897096573,166.05489709657286,15030
GWO,7,10,2041,2052.668398659232,52.668398659232025,15030
GWO,7,10,2042,2053.3902735193406,53.39027351934055,15030
GWO,7,10,2043,2065.4347525760286,65.43475257602859,15030
GWO,7,10,2044,2053.9306528716284,53.930652871628354,15030
GWO,7,10,2045,2058.4570945708933,58.45709457089333,15030
GWO,7,10,2046,2064.258446126818,64.25844612681794,15030
GWO,7,10,2047,2056.9104592334675,56.91045923346746,15030
GWO,7,10,2048,2046.699585542166,46.699585542166005,15030
GWO,7,10,2049,2058.300105139416,58.30010513941579,15030
GWO,7,10,2050,2085.904937429084,85.90493742908393,15030
GWO,7,10,2051,2055.4870501823375,55.4870501823375,15030
GWO,7,10,2052,2064.682208623196,64.68220862319595,15030
GWO,7,10,2053,2054.5321708228375,54.53217082283754,15030
GWO,7,10,2054,2050.2615880786043,50.26158807860429,15030
GWO,7,10,2055,2061.0454169596414,61.04541695964144,15030
GWO,8,10,2026,2471.3886007810397,271.3886007810397,15030
GWO,8,10,2027,2274.025055507294,74.02505550729393,15030
GWO,8,10,2028,2681.9633211614973,481.96332116149733,15030
GWO,8,10,2029,2296.3657677241667,96.36576772416674,15030
GWO,8,10,2030,2377.4816977653613,177.48169776536133,15030
GWO,8,10,2031,2328.9075460220406,128.9075460220406,15030
GWO,8,10,2032,2284.0532613380196,84.05326133801964,15030
GWO,8,10,2033,2296.536319003083,96.53631900308301,15030
GWO,8,10,2034,2297.318587879127,97.31858787912688,15030
GWO,8,10,2035,2298.6230571338097,98.62305713380965,15030
GWO,8,10,2036,2398.483523753661,198.48352375366085,15030
GWO,8,10,2037,2258.990591178655,58.990591178654995,15030
GWO,8,10,2038,2462.9845380005772,262.98453800057723,15030
GWO,8,10,2039,2281.2020816450686,81.20208164506857,15030
GWO,8,10,2040,2316.53043474645,116.53043474644983,15030
GWO,8,10,2041,2578.027461098922,378.0274610989218,15030
GWO,8,10,2042,2352.6039123961027,152.60391239610271,15030
GWO,8,10,2043,2771.262825651729,571.2628256517291,15030
GWO,8,10,2044,2429.5168580905925,229.51685809059245,15030
GWO,8,10,2045,2332.983949913952,132.98394991395207,15030
GWO,8,10,2046,2281.923675909496,81.92367590949607,15030
GWO,8,10,2047,2333.1111429696457,133.1111429696457,15030
GWO,8,10,2048,2348.6316571168654,148.63165711686543,15030
GWO,8,10,2049,2315.149309432505,115.1493094325051,15030
GWO,8,10,2050,2375.164967957122,175.16496795712192,15030
GWO,8,10,2051,2493.2810417840974,293.2810417840974,15030
GWO,8,10,2052,2340.4869511922975,140.4869511922975,15030
GWO,8,10,2053,2288.3406360294307,88.3406360294307,15030
GWO,8,10,2054,3078.88909790835,878.8890979083499,15030
GWO,8,10,2055,2799.240321208752,599.240321208752,15030
GWO,9,10,2026,2325.7596116406303,25.759611640630283,15030
GWO,9,10,2027,2677.0001915742014,377.0001915742014,15030
GWO,9,10,2028,2686.3369507134553,386.3369507134553,15030
GWO,9,10,2029,2676.4442919331223,376.44429193312226,15030
GWO,9,10,2030,2672.123841272037,372.1238412720372,15030
GWO,9,10,2031,2670.9611129418026,370.96111294180264,15030
GWO,9,10,2032,2674.5976929486615,374.59769294866146,15030
GWO,9,10,2033,2671.070661656474,371.07066165647393,15030
GWO,9,10,2034,2689.7006506664534,389.7006506664534,15030
GWO,9,10,2035,2674.8653309691017,374.8653309691017,15030
GWO,9,10,2036,2675.62149373718,375.6214937371801,15030
GWO,9,10,2037,2675.432476899686,375.4324768996862,15030
GWO,9,10,2038,2675.9706032126624,375.97060321266235,15030
GWO,9,10,2039,2672.0028764702074,372.0028764702074,15030
GWO,9,10,2040,2672.671824614073,372.6718246140731,15030
GWO,9,10,2041,2354.595575275571,54.59557527557081,15030
GWO,9,10,2042,2678.4147865239706,378.41478652397063,15030
GWO,9,10,2043,2337.197259768916,37.197259768915956,15030
GWO,9,10,2044,2332.762938641881,32.76293864188119,15030
GWO,9,10,2045,2674.2034347448284,374.2034347448284,15030
GWO,9,10,2046,2334.3839439112216,34.38394391122165,15030
GWO,9,10,2047,2673.4088154767833,373.4088154767833,15030
GWO,9,10,2048,2672.2865267190405,372.28652671904047,15030
GWO,9,10,2049,2670.073349535634,370.07334953563395,15030
GWO,9,10,2050,2675.1266157180935,375.1266157180935,15030
GWO,9,10,2051,2672.087949730966,372.0879497309661,15030
GWO,9,10,2052,2719.795962024292,419.79596202429184,15030
GWO,9,10,2053,2675.2514656750036,375.2514656750036,15030
GWO,9,10,2054,2671.6309665091194,371.6309665091194,15030
GWO,9,10,2055,2676.014315628155,376.01431562815515,15030
GWO,10,10,2026,2756.760426611076,356.7604266110761,15030
GWO,10,10,2027,2630.253024640122,230.25302464012202,15030
GWO,10,10,2028,2630.6870630099484,230.68706300994836,15030
GWO,10,10,2029,2756.8429824255345,356.8429824255345,15030
GWO,10,10,2030,2630.3582108087558,230.35821080875576,15030
GWO,10,10,2031,2630.5641848087894,230.56418480878938,15030
GWO,10,10,2032,2630.703288890453,230.70328889045322,15030
GWO,10,10,2033,2750.2754899708298,350.27548997082977,15030
GWO,10,10,2034,2630.408864336021,230.408864336021,15030
GWO,10,10,2035,2628.817975499585,228.81797549958492,15030
GWO,10,10,2036,2631.7148125394306,231.71481253943057,15030
GWO,10,10,2037,2755.507389191079,355.5073891910788,15030
GWO,10,10,2038,2746.813144343883,346.81314434388287,15030
GWO,10,10,2039,2745.1259758970773,345.1259758970773,15030
GWO,10,10,2040,2630.1648017764182,230.16480177641824,15030
GWO,10,10,2041,2629.65893959386,229.65893959385994,15030
GWO,10,10,2042,2755.5390614425787,355.5390614425787,15030
GWO,10,10,2043,2749.1167927187034,349.11679271870344,15030
GWO,10,10,2044,2748.8236125015437,348.8236125015437,15030
GWO,10,10,2045,2627.516379747481,227.5163797474811,15030
GWO,10,10,2046,2629.7254553330645,229.72545533306447,15030
GWO,10,10,2047,2630.2644695872655,230.26446958726547,15030
GWO,10,10,2048,2627.039217458766,227.03921745876596,15030
GWO,10,10,2049,2626.5390548080445,226.5390548080445,15030
GWO,10,10,2050,2629.4810338866355,229.4810338866355,15030
GWO,10,10,2051,2754.856196735274,354.8561967352739,15030
GWO,10,10,2052,2629.50459471137,229.50459471136992,15030
GWO,10,10,2053,3543.2214386142327,1143.2214386142327,15030
GWO,10,10,2054,2741.5324539337375,341.53245393373754,15030
GWO,10,10,2055,2742.5892032146767,342.5892032146767,15030
GWO,11,10,2026,3479.2527522566998,879.2527522566998,15030
GWO,11,10,2027,2606.6947919258205,6.694791925820482,15030
GWO,11,10,2028,2604.301716985683,4.301716985683015,15030
GWO,11,10,2029,2610.1378113879023,10.137811387902275,15030
GWO,11,10,2030,2608.9369824452633,8.936982445263311,15030
GWO,11,10,2031,3478.3735589629528,878.3735589629528,15030
GWO,11,10,2032,2611.1742961686,11.174296168599994,15030
GWO,11,10,2033,2613.167333830211,13.167333830211192,15030
GWO,11,10,2034,3478.9004909517507,878.9004909517507,15030
GWO,11,10,2035,2606.800644731578,6.800644731577904,15030
GWO,11,10,2036,2607.5947580564707,7.59475805647071,15030
GWO,11,10,2037,3479.816357765403,879.8163577654032,15030
GWO,11,10,2038,2604.74805593086,4.748055930860119,15030
GWO,11,10,2039,2616.0503481186124,16.05034811861242,15030
GWO,11,10,2040,2606.2462629260986,6.246262926098552,15030
GWO,11,10,2041,2607.6996114703884,7.69961147038839,15030
GWO,11,10,2042,2609.469407656058,9.469407656058138,15030
GWO,11,10,2043,2605.63561663526,5.635616635259794,15030
GWO,11,10,2044,2606.510565794321,6.510565794320883,15030
GWO,11,10,2045,2607.6777868371273,7.677786837127314,15030
GWO,11,10,2046,2609.800755046648,9.800755046648192,15030
GWO,11,10,2047,2608.761774797647,8.761774797646922,15030
GWO,11,10,2048,2607.1571564100354,7.157156410035441,15030
GWO,11,10,2049,3478.3042542342682,878.3042542342682,15030
GWO,11,10,2050,2610.6677776495035,10.667777649503478,15030
GWO,11,10,2051,3477.7413962980595,877.7413962980595,15030
GWO,11,10,2052,2607.9772739590726,7.9772739590725905,15030
GWO,11,10,2053,2609.6922424745867,9.692242474586692,15030
GWO,11,10,2054,2606.5553957567213,6.555395756721282,15030
GWO,11,10,2055,2605.5036677503085,5.503667750308523,15030
GWO,12,10,2026,2869.100766351748,169.100766351748,15030
GWO,12,10,2027,2874.6524490275133,174.65244902751328,15030
GWO,12,10,2028,2870.818631363323,170.81863136332322,15030
GWO,12,10,2029,2868.345099331929,168.34509933192885,15030
GWO,12,10,2030,2869.165740985351,169.16574098535102,15030
GWO,12,10,2031,2868.2588839645855,168.2588839645855,15030
GWO,12,10,2032,2869.0532298816006,169.0532298816006,15030
GWO,12,10,2033,2868.9160565139387,168.91605651393866,15030
GWO,12,10,2034,2868.631927765701,168.63192776570122,15030
GWO,12,10,2035,2867.980873677907,167.98087367790686,15030
GWO,12,10,2036,2868.735000436638,168.73500043663807,15030
GWO,12,10,2037,2867.9804824447538,167.98048244475376,15030
GWO,12,10,2038,2869.2965479237187,169.29654792371866,15030
GWO,12,10,2039,2869.3245389623507,169.32453896235074,15030
GWO,12,10,2040,2868.089196600192,168.08919660019183,15030
GWO,12,10,2041,2869.1149290536105,169.11492905361047,15030
GWO,12,10,2042,2868.3382634181125,168.33826341811255,15030
GWO,12,10,2043,2868.9858447206134,168.9858447206134,15030
GWO,12,10,2044,2869.2349716194426,169.2349716194426,15030
GWO,12,10,2045,2869.0456050097996,169.0456050097996,15030
GWO,12,10,2046,2869.290053883781,169.29005388378118,15030
GWO,12,10,2047,2868.1736697403003,168.17366974030028,15030
GWO,12,10,2048,2900.434253843994,200.43425384399416,15030
GWO,12,10,2049,2870.237681431555,170.23768143155485,15030
GWO,12,10,2050,2868.617515260169,168.61751526016906,15030
GWO,12,10,2051,2869.4837642960956,169.48376429609561,15030
GWO,12,10,2052,2869.249883111914,169.2498831119142,15030
GWO,12,10,2053,2868.55542184351,168.55542184350998,15030
GWO,12,10,2054,2869.5390291018957,169.53902910189572,15030
GWO,12,10,2055,2869.4908969899834,169.4908969899834,15030
WOA,1,10,2026,3525.2260126670412,3225.2260126670412,15030
WOA,1,10,2027,2111.4777223884207,1811.4777223884207,15030
WOA,1,10,2028,366.81155214354936,66.81155214354936,15030
WOA,1,10,2029,665.3728189013347,365.37281890133465,15030
WOA,1,10,2030,378.0372540517785,78.03725405177852,15030
WOA,1,10,2031,1436.233630505018,1136.233630505018,15030
WOA,1,10,2032,3433.332368036983,3133.332368036983,15030
WOA,1,10,2033,3396.2036565448557,3096.2036565448557,15030
WOA,1,10,2034,1023.6765043956475,723.6765043956475,15030
WOA,1,10,2035,842.9947746463731,542.9947746463731,15030
WOA,1,10,2036,2906.7236881382514,2606.7236881382514,15030
WOA,1,10,2037,2882.394825694486,2582.394825694486,15030
WOA,1,10,2038,3004.7279270384915,2704.7279270384915,15030
WOA,1,10,2039,3080.024873477023,2780.024873477023,15030
WOA,1,10,2040,8269.665367819089,7969.665367819089,15030
WOA,1,10,2041,10965.062713024749,10665.062713024749,15030
WOA,1,10,2042,1290.2476162884075,990.2476162884075,15030
WOA,1,10,2043,1311.5767745234803,1011.5767745234803,15030
WOA,1,10,2044,3599.28542561391,3299.28542561391,15030
WOA,1,10,2045,4755.172959557871,4455.172959557871,15030
WOA,1,10,2046,2460.488680039406,2160.488680039406,15030
WOA,1,10,2047,1083.709337849155,783.709337849155,15030
WOA,1,10,2048,960.8356992322886,660.8356992322886,15030
WOA,1,10,2049,1037.1178587107029,737.1178587107029,15030
WOA,1,10,2050,3467.6701277681304,3167.6701277681304,15030
WOA,1,10,2051,430.17604654138324,130.17604654138324,15030
WOA,1,10,2052,1635.5183718808703,1335.5183718808703,15030
WOA,1,10,2053,1361.2964405127757,1061.2964405127757,15030
WOA,1,10,2054,796.6797613649574,496.67976136495736,15030
WOA,1,10,2055,4242.37059448836,3942.3705944883604,15030
WOA,2,10,2026,467.37917420286794,67.37917420286794,15030
WOA,2,10,2027,467.6258817685533,67.62588176855331,15030
WOA,2,10,2028,480.7257273623052,80.72572736230518,15030
WOA,2,10,2029,420.2297928405966,20.229792840596588,15030
WOA,2,10,2030,412.9868873060915,12.98688730609149,15030
WOA,2,10,2031,420.90977992513956,20.90977992513956,15030
WOA,2,10,2032,440.58971659180224,40.589716591802244,15030
WOA,2,10,2033,426.7485682744491,26.7485682744491,15030
WOA,2,10,2034,414.0226000813805,14.022600081380517,15030
WOA,2,10,2035,428.09394428437463,28.09394428437463,15030
WOA,2,10,2036,409.2852269375902,9.28522693759021,15030
WOA,2,10,2037,497.75582031581143,97.75582031581143,15030
WOA,2,10,2038,404.5972784945715,4.597278494571526,15030
WOA,2,10,2039,405.4674182124084,5.467418212408404,15030
WOA,2,10,2040,426.4551418155762,26.455141815576212,15030
WOA,2,10,2041,429.87848608707566,29.878486087075657,15030
WOA,2,10,2042,434.28477553230823,34.28477553230823,15030
WOA,2,10,2043,412.90660481980024,12.906604819800236,15030
WOA,2,10,2044,441.3789115980951,41.3789115980951,15030
WOA,2,10,2045,728.3665678689474,328.3665678689474,15030
WOA,2,10,2046,472.0569584686126,72.0569584686126,15030
WOA,2,10,2047,409.02628086463807,9.026280864638068,15030
WOA,2,10,2048,456.95628731680813,56.95628731680813,15030
WOA,2,10,2049,451.8955933499435,51.89559334994351,15030
WOA,2,10,2050,409.3168166140124,9.316816614012396,15030
WOA,2,10,2051,407.00427246562157,7.004272465621568,15030
WOA,2,10,2052,470.75606070503466,70.75606070503466,15030
WOA,2,10,2053,419.8385844739832,19.83858447398319,15030
WOA,2,10,2054,492.11452505493094,92.11452505493094,15030
WOA,2,10,2055,488.77847598897404,88.77847598897404,15030
WOA,3,10,2026,600.0004890581515,0.0004890581515155645,15030
WOA,3,10,2027,600.0000055901706,5.590170644609316e-06,15030
WOA,3,10,2028,600.0002422285143,0.00024222851425292902,15030
WOA,3,10,2029,600.000031982656,3.1982655968931795e-05,15030
WOA,3,10,2030,600.0000826800441,8.268004410183494e-05,15030
WOA,3,10,2031,600.0002050191003,0.00020501910034909088,15030
WOA,3,10,2032,600.000030397784,3.039778403035598e-05,15030
WOA,3,10,2033,600.0018824480767,0.0018824480766852503,15030
WOA,3,10,2034,600.0000773360397,7.733603968063107e-05,15030
WOA,3,10,2035,600.0000174023049,1.740230493396666e-05,15030
WOA,3,10,2036,600.0008229050535,0.0008229050534964699,15030
WOA,3,10,2037,600.0003542348682,0.00035423486815489014,15030
WOA,3,10,2038,600.0000046036262,4.603626166499453e-06,15030
WOA,3,10,2039,600.0018903823409,0.0018903823408891185,15030
WOA,3,10,2040,600.0000326369789,3.263697885813599e-05,15030
WOA,3,10,2041,600.000042306008,4.230600802657136e-05,15030
WOA,3,10,2042,600.0116689750674,0.011668975067436804,15030
WOA,3,10,2043,600.0001864879172,0.0001864879171762368,15030
WOA,3,10,2044,600.0000037426256,3.7426256085382192e-06,15030
WOA,3,10,2045,600.0125789549522,0.01257895495223238,15030
WOA,3,10,2046,600.0000229873132,2.2987313172961876e-05,15030
WOA,3,10,2047,600.0007630308488,0.0007630308488160154,15030
WOA,3,10,2048,600.0001635936599,0.00016359365986318153,15030
WOA,3,10,2049,600.0000080714705,8.07147046089085e-06,15030
WOA,3,10,2050,600.0000105532005,1.0553200468166324e-05,15030
WOA,3,10,2051,600.0000370851404,3.708514043410105e-05,15030
WOA,3,10,2052,600.0000099869342,9.986934173866757e-06,15030
WOA,3,10,2053,600.0001095633995,0.00010956339951917471,15030
WOA,3,10,2054,600.0003619708253,0.00036197082533817593,15030
WOA,3,10,2055,600.0000364750762,3.647507617188239e-05,15030
WOA,4,10,2026,852.0000000000001,52.000000000000114,15030
WOA,4,10,2027,878.0000000000002,78.00000000000023,15030
WOA,4,10,2028,956.0,156.0,15030
WOA,4,10,2029,946.5,146.5,15030
WOA,4,10,2030,833.177167430049,33.17716743004905,15030
WOA,4,10,2031,881.1666341319782,81.16663413197818,15030
WOA,4,10,2032,938.0,138.0,15030
WOA,4,10,2033,895.4232644484832,95.42326444848322,15030
WOA,4,10,2034,865.6221520671874,65.62215206718736,15030
WOA,4,10,2035,863.1906295662238,63.19062956622383,15030
WOA,4,10,2036,894.789128010025,94.78912801002502,15030
WOA,4,10,2037,910.5,110.5,15030
WOA,4,10,2038,918.4161693800098,118.41616938000982,15030
WOA,4,10,2039,899.6562116547409,99.6562116547409,15030
WOA,4,10,2040,894.0,94.0,15030
WOA,4,10,2041,912.5,112.5,15030
WOA,4,10,2042,914.0,114.0,15030
WOA,4,10,2043,858.0,58.0,15030
WOA,4,10,2044,904.5180386741556,104.5180386741556,15030
WOA,4,10,2045,910.1483922268212,110.14839222682122,15030
WOA,4,10,2046,918.0,118.0,15030
WOA,4,10,2047,843.5122434629892,43.512243462989204,15030
WOA,4,10,2048,878.0,78.0,15030
WOA,4,10,2049,877.7345572328258,77.73455723282575,15030
WOA,4,10,2050,964.5,164.5,15030
WOA,4,10,2051,872.634571893215,72.63457189321502,15030
WOA,4,10,2052,898.0,98.0,15030
WOA,4,10,2053,836.0179154308022,36.01791543080219,15030
WOA,4,10,2054,937.7846714826128,137.7846714826128,15030
WOA,4,10,2055,930.5,130.5,15030
WOA,5,10,2026,901.5190430495578,1.5190430495578084,15030
WOA,5,10,2027,903.0373848520144,3.037384852014384,15030
WOA,5,10,2028,902.1667334248821,2.166733424882068,15030
WOA,5,10,2029,900.6638641884907,0.6638641884907202,15030
WOA,5,10,2030,902.7703018138259,2.7703018138258813,15030
WOA,5,10,2031,903.7364578632904,3.7364578632904113,15030
WOA,5,10,2032,904.7034036062274,4.703403606227425,15030
WOA,5,10,2033,904.3600735324742,4.360073532474189,15030
WOA,5,10,2034,902.3702003960825,2.3702003960825095,15030
WOA,5,10,2035,901.9987295634563,1.9987295634563225,15030
WOA,5,10,2036,904.9052516807375,4.905251680737479,15030
WOA,5,10,2037,901.3090094341736,1.3090094341736176,15030
WOA,5,10,2038,905.0409673589002,5.040967358900161,15030
WOA,5,10,2039,901.6441158446415,1.644115844641533,15030
WOA,5,10,2040,900.3850014253752,0.3850014253752079,15030
WOA,5,10,2041,902.0647450926128,2.0647450926128386,15030
WOA,5,10,2042,903.5024965101755,3.502496510175547,15030
WOA,5,10,2043,904.656029292267,4.6560292922670214,15030
WOA,5,10,2044,903.2716300585913,3.271630058591313,15030
WOA,5,10,2045,904.4629139072354,4.462913907235361,15030
WOA,5,10,2046,903.1462862898094,3.1462862898093817,15030
WOA,5,10,2047,902.541425658587,2.5414256585869452,15030
WOA,5,10,2048,900.3941076933239,0.3941076933239174,15030
WOA,5,10,2049,902.0090608582617,2.009060858261705,15030
WOA,5,10,2050,902.1648925904163,2.1648925904163434,15030
WOA,5,10,2051,902.5178707067969,2.5178707067968844,15030
WOA,5,10,2052,902.8892712657833,2.88927126578335,15030
WOA,5,10,2053,901.5376968837809,1.5376968837808818,15030
WOA,5,10,2054,900.9997548488179,0.9997548488179291,15030
WOA,5,10,2055,906.4332705515642,6.433270551564192,15030
WOA,6,10,2026,24163.786419406864,22363.786419406864,15030
WOA,6,10,2027,19690.49784633695,17890.49784633695,15030
WOA,6,10,2028,35974.645587968495,34174.645587968495,15030
WOA,6,10,2029,19684.17857803575,17884.17857803575,15030
WOA,6,10,2030,19731.18687038797,17931.18687038797,15030
WOA,6,10,2031,24906.556523056966,23106.556523056966,15030
WOA,6,10,2032,25914.05172302897,24114.05172302897,15030
WOA,6,10,2033,3888.185318219516,2088.185318219516,15030
WOA,6,10,2034,15539.715582379931,13739.715582379931,15030
WOA,6,10,2035,47040.49734493891,45240.49734493891,15030
WOA,6,10,2036,20037.89397148955,18237.89397148955,15030
WOA,6,10,2037,34859.89105918273,33059.89105918273,15030
WOA,6,10,2038,26908.14384107873,25108.14384107873,15030
WOA,6,10,2039,4336.268586643012,2536.268586643012,15030
WOA,6,10,2040,14443.406077732761,12643.406077732761,15030
WOA,6,10,2041,22125.256348474864,20325.256348474864,15030
WOA,6,10,2042,31761.852135113048,29961.852135113048,15030
WOA,6,10,2043,37344.35406312703,35544.35406312703,15030
WOA,6,10,2044,18626.936382364787,16826.936382364787,15030
WOA,6,10,2045,23012.9886564403,21212.9886564403,15030
WOA,6,10,2046,20965.792111245075,19165.792111245075,15030
WOA,6,10,2047,54198.838900831244,52398.838900831244,15030
WOA,6,10,2048,17516.595089340917,15716.595089340917,15030
WOA,6,10,2049,35447.64349872636,33647.64349872636,15030
WOA,6,10,2050,19295.307948090973,17495.307948090973,15030
WOA,6,10,2051,41639.396012435376,39839.396012435376,15030
WOA,6,10,2052,42727.97341091153,40927.97341091153,15030
WOA,6,10,2053,22532.87839535023,20732.87839535023,15030
WOA,6,10,2054,47174.44755985344,45374.44755985344,15030
WOA,6,10,2055,16091.057908264687,14291.057908264687,15030
WOA,7,10,2026,2265.7117796140556,265.71177961405556,15030
WOA,7,10,2027,2334.259659754721,334.2596597547208,15030
WOA,7,10,2028,2594.497417619372,594.4974176193718,15030
WOA,7,10,2029,2216.9690695373065,216.9690695373065,15030
WOA,7,10,2030,2147.4880036095237,147.48800360952373,15030
WOA,7,10,2031,2452.72335930784,452.7233593078399,15030
WOA,7,10,2032,2151.5925801656867,151.59258016568674,15030
WOA,7,10,2033,2222.567438057097,222.5674380570972,15030
WOA,7,10,2034,2035.0381478362622,35.03814783626217,15030
WOA,7,10,2035,2147.9200605935353,147.92006059353525,15030
WOA,7,10,2036,2272.9327387224866,272.93273872248665,15030
WOA,7,10,2037,2313.0882576630247,313.0882576630247,15030
WOA,7,10,2038,2527.268422139239,527.2684221392392,15030
WOA,7,10,2039,2508.1327807587577,508.1327807587577,15030
WOA,7,10,2040,2221.534074481864,221.53407448186408,15030
WOA,7,10,2041,2199.4836006293385,199.48360062933853,15030
WOA,7,10,2042,2749.511667163145,749.5116671631449,15030
WOA,7,10,2043,2062.3806344390186,62.38063443901865,15030
WOA,7,10,2044,2635.9247888845216,635.9247888845216,15030
WOA,7,10,2045,2212.1883145401453,212.18831454014526,15030
WOA,7,10,2046,2204.489829864509,204.48982986450892,15030
WOA,7,10,2047,2043.4604262797277,43.4604262797277,15030
WOA,7,10,2048,2066.6013425472943,66.60134254729428,15030
WOA,7,10,2049,2146.7840023520644,146.78400235206436,15030
WOA,7,10,2050,2339.179877729307,339.179877729307,15030
WOA,7,10,2051,2235.8860741293447,235.8860741293447,15030
WOA,7,10,2052,2159.1143896836247,159.11438968362472,15030
WOA,7,10,2053,2072.379054017919,72.37905401791886,15030
WOA,7,10,2054,2186.2900824647504,186.2900824647504,15030
WOA,7,10,2055,2456.977823108494,456.9778231084938,15030
WOA,8,10,2026,5234.221103123182,3034.221103123182,15030
WOA,8,10,2027,8125.410864274842,5925.410864274842,15030
WOA,8,10,2028,3021.187121831762,821.1871218317619,15030
WOA,8,10,2029,4583.32059948668,2383.3205994866803,15030
WOA,8,10,2030,3129.475535547316,929.4755355473162,15030
WOA,8,10,2031,5453.988263732655,3253.9882637326546,15030
WOA,8,10,2032,3045.079119626935,845.0791196269352,15030
WOA,8,10,2033,4461.215952651977,2261.215952651977,15030
WOA,8,10,2034,6454.270270049295,4254.270270049295,15030
WOA,8,10,2035,2538.6089365784437,338.6089365784437,15030
WOA,8,10,2036,3775.2262384359246,1575.2262384359246,15030
WOA,8,10,2037,4746.516579595294,2546.5165795952944,15030
WOA,8,10,2038,4189.591256405071,1989.5912564050714,15030
WOA,8,10,2039,3803.5604530445785,1603.5604530445785,15030
WOA,8,10,2040,5872.904549606676,3672.9045496066756,15030
WOA,8,10,2041,3025.9008826081918,825.9008826081918,15030
WOA,8,10,2042,3886.7982106553445,1686.7982106553445,15030
WOA,8,10,2043,4653.656341470561,2453.6563414705606,15030
WOA,8,10,2044,5028.949226832072,2828.949226832072,15030
WOA,8,10,2045,4362.764352335709,2162.764352335709,15030
WOA,8,10,2046,3148.9580510835735,948.9580510835735,15030
WOA,8,10,2047,3983.5407064837445,1783.5407064837445,15030
WOA,8,10,2048,3051.3973015020474,851.3973015020474,15030
WOA,8,10,2049,7077.91426580065,4877.91426580065,15030
WOA,8,10,2050,3314.691301420796,1114.6913014207962,15030
WOA,8,10,2051,2474.8332665003604,274.8332665003604,15030
WOA,8,10,2052,2609.823634327456,409.82363432745615,15030
WOA,8,10,2053,2933.292522704586,733.2925227045862,15030
WOA,8,10,2054,3030.5674075013912,830.5674075013912,15030
WOA,8,10,2055,5975.878012174851,3775.8780121748514,15030
WOA,9,10,2026,2672.049738778466,372.0497387784658,15030
WOA,9,10,2027,3256.5736714455243,956.5736714455243,15030
WOA,9,10,2028,2796.5865289236995,496.58652892369946,15030
WOA,9,10,2029,3055.4999945914496,755.4999945914496,15030
WOA,9,10,2030,2404.9443849198296,104.94438491982964,15030
WOA,9,10,2031,2935.8747592442783,635.8747592442783,15030
WOA,9,10,2032,2760.055198186498,460.0551981864978,15030
WOA,9,10,2033,2669.1095333695457,369.1095333695457,15030
WOA,9,10,2034,2795.559758770972,495.55975877097217,15030
WOA,9,10,2035,2687.1534486505207,387.15344865052066,15030
WOA,9,10,2036,2742.861161984694,442.8611619846938,15030
WOA,9,10,2037,2668.180010671651,368.18001067165096,15030
WOA,9,10,2038,2745.5404820929803,445.54048209298026,15030
WOA,9,10,2039,3032.1900725429227,732.1900725429227,15030
WOA,9,10,2040,2863.2834340590143,563.2834340590143,15030
WOA,9,10,2041,2677.441662347402,377.44166234740214,15030
WOA,9,10,2042,2386.623835784645,86.62383578464505,15030
WOA,9,10,2043,2662.901985447088,362.901985447088,15030
WOA,9,10,2044,2804.151811794835,504.1518117948349,15030
WOA,9,10,2045,2718.4020558176253,418.4020558176253,15030
WOA,9,10,2046,2746.5393403550465,446.53934035504653,15030
WOA,9,10,2047,2779.694878111493,479.6948781114929,15030
WOA,9,10,2048,2678.5181556400958,378.51815564009576,15030
WOA,9,10,2049,2340.2544106951573,40.254410695157276,15030
WOA,9,10,2050,2683.4137287480003,383.41372874800027,15030
WOA,9,10,2051,2684.804411182025,384.804411182025,15030
WOA,9,10,2052,2662.6641086781415,362.6641086781415,15030
WOA,9,10,2053,2681.8525515633587,381.8525515633587,15030
WOA,9,10,2054,2751.5473504547144,451.54735045471443,15030
WOA,9,10,2055,2686.8846606476736,386.8846606476736,15030
WOA,10,10,2026,2828.5578973433326,428.55789734333257,15030
WOA,10,10,2027,2665.6678924384178,265.66789243841777,15030
WOA,10,10,2028,2656.0642485402423,256.06424854024226,15030
WOA,10,10,2029,2761.151038743127,361.1510387431272,15030
WOA,10,10,2030,2658.79701047082,258.79701047082017,15030
WOA,10,10,2031,3319.498247530184,919.498247530184,15030
WOA,10,10,2032,2794.134763397161,394.1347633971609,15030
WOA,10,10,2033,3911.564680360134,1511.564680360134,15030
WOA,10,10,2034,2663.05816259122,263.05816259122,15030
WOA,10,10,2035,2692.6032288898255,292.60322888982546,15030
WOA,10,10,2036,2666.8078978313124,266.8078978313124,15030
WOA,10,10,2037,2770.2946797161335,370.2946797161335,15030
WOA,10,10,2038,2828.0144251504958,428.01442515049575,15030
WOA,10,10,2039,4120.464039097458,1720.4640390974582,15030
WOA,10,10,2040,2628.316318753236,228.31631875323592,15030
WOA,10,10,2041,2823.92827744612,423.92827744611986,15030
WOA,10,10,2042,2807.3306518952995,407.3306518952995,15030
WOA,10,10,2043,2630.701773581921,230.70177358192086,15030
WOA,10,10,2044,2782.05322494214,382.0532249421399,15030
WOA,10,10,2045,2643.4789236654215,243.47892366542146,15030
WOA,10,10,2046,2634.55707516298,234.5570751629798,15030
WOA,10,10,2047,2635.863807203613,235.86380720361285,15030
WOA,10,10,2048,2645.3098696255047,245.3098696255047,15030
WOA,10,10,2049,2787.4998540463343,387.49985404633435,15030
WOA,10,10,2050,2789.770809698977,389.7708096989768,15030
WOA,10,10,2051,2656.9963705532095,256.99637055320954,15030
WOA,10,10,2052,2672.1498701266064,272.1498701266064,15030
WOA,10,10,2053,2874.2728010216883,474.27280102168834,15030
WOA,10,10,2054,2796.632092965032,396.6320929650319,15030
WOA,10,10,2055,4220.348261045905,1820.348261045905,15030
WOA,11,10,2026,2602.7841300321456,2.78413003214564,15030
WOA,11,10,2027,2603.741519053115,3.7415190531150984,15030
WOA,11,10,2028,2600.5673141376087,0.5673141376087187,15030
WOA,11,10,2029,2611.2397697259657,11.239769725965743,15030
WOA,11,10,2030,2617.8017059142076,17.80170591420756,15030
WOA,11,10,2031,3497.4012524061054,897.4012524061054,15030
WOA,11,10,2032,2604.18456380182,4.184563801819877,15030
WOA,11,10,2033,2603.404292782109,3.4042927821092235,15030
WOA,11,10,2034,2601.64342211044,1.6434221104400422,15030
WOA,11,10,2035,2632.046168029234,32.046168029234195,15030
WOA,11,10,2036,2611.5678835817034,11.567883581703427,15030
WOA,11,10,2037,3522.3337600668897,922.3337600668897,15030
WOA,11,10,2038,2617.5312126592803,17.5312126592803,15030
WOA,11,10,2039,2600.770002528483,0.770002528483019,15030
WOA,11,10,2040,2603.109862797191,3.109862797190999,15030
WOA,11,10,2041,2601.4620041873245,1.46200418732451,15030
WOA,11,10,2042,2627.820007098945,27.820007098945098,15030
WOA,11,10,2043,2627.0541237522125,27.05412375221249,15030
WOA,11,10,2044,2651.50647240579,51.50647240579019,15030
WOA,11,10,2045,2658.716585723975,58.716585723975186,15030
WOA,11,10,2046,2617.8892176563504,17.88921765635041,15030
WOA,11,10,2047,2611.660992500107,11.660992500107113,15030
WOA,11,10,2048,2600.394433031533,0.3944330315330262,15030
WOA,11,10,2049,3522.379777296134,922.3797772961339,15030
WOA,11,10,2050,2626.0801533533945,26.080153353394508,15030
WOA,11,10,2051,2603.957311246553,3.9573112465532176,15030
WOA,11,10,2052,2644.4157999568024,44.4157999568024,15030
WOA,11,10,2053,2600.497241105412,0.4972411054118311,15030
WOA,11,10,2054,2602.7518586456035,2.7518586456035337,15030
WOA,11,10,2055,2632.1027580673476,32.10275806734762,15030
WOA,12,10,2026,2913.2142142525845,213.2142142525845,15030
WOA,12,10,2027,3317.4107943149947,617.4107943149947,15030
WOA,12,10,2028,2878.5381872707253,178.5381872707253,15030
WOA,12,10,2029,3015.5187904899235,315.5187904899235,15030
WOA,12,10,2030,2936.4241036416897,236.42410364168973,15030
WOA,12,10,2031,2964.9019288925792,264.90192889257924,15030
WOA,12,10,2032,2921.366363541018,221.36636354101802,15030
WOA,12,10,2033,3023.361507981169,323.36150798116887,15030
WOA,12,10,2034,3072.9063616872427,372.9063616872427,15030
WOA,12,10,2035,2946.6073836062783,246.6073836062783,15030
WOA,12,10,2036,3024.290304556394,324.29030455639395,15030
WOA,12,10,2037,2894.5893599611973,194.58935996119726,15030
WOA,12,10,2038,3043.473948360511,343.4739483605108,15030
WOA,12,10,2039,2932.659165791561,232.659165791561,15030
WOA,12,10,2040,2882.670882710859,182.67088271085913,15030
WOA,12,10,2041,2875.1781668650638,175.17816686506376,15030
WOA,12,10,2042,2964.9019288925792,264.90192889257924,15030
WOA,12,10,2043,2963.863797972057,263.863797972057,15030
WOA,12,10,2044,2934.46376744367,234.4637674436699,15030
WOA,12,10,2045,3058.762464480279,358.76246448027905,15030
WOA,12,10,2046,3176.1024695029173,476.1024695029173,15030
WOA,12,10,2047,3207.950749885208,507.9507498852081,15030
WOA,12,10,2048,3105.006602090845,405.0066020908448,15030
WOA,12,10,2049,3075.014450973152,375.0144509731522,15030
WOA,12,10,2050,2987.2890714417276,287.28907144172763,15030
WOA,12,10,2051,3243.657293673544,543.6572936735438,15030
WOA,12,10,2052,3110.779613590402,410.7796135904018,15030
WOA,12,10,2053,3085.557394793419,385.557394793419,15030
WOA,12,10,2054,2927.208687259351,227.20868725935088,15030
WOA,12,10,2055,2871.334512006182,171.3345120061822,15030
HHO,1,10,2026,1328.6399653081023,1028.6399653081023,15042
HHO,1,10,2027,1367.3880808570498,1067.3880808570498,15036
HHO,1,10,2028,1025.533212439413,725.5332124394131,15062
HHO,1,10,2029,1666.9028075576823,1366.9028075576823,15048
HHO,1,10,2030,2193.799799090245,1893.799799090245,15056
HHO,1,10,2031,1017.2669920894866,717.2669920894866,15068
HHO,1,10,2032,1188.6900319470142,888.6900319470142,15062
HHO,1,10,2033,930.8408144420058,630.8408144420058,15040
HHO,1,10,2034,1067.037690016845,767.0376900168451,15032
HHO,1,10,2035,556.586468108545,256.586468108545,15042
HHO,1,10,2036,500.83418736260614,200.83418736260614,15048
HHO,1,10,2037,811.0700592360515,511.0700592360515,15078
HHO,1,10,2038,1091.4987402976071,791.4987402976071,15040
HHO,1,10,2039,896.0210199386041,596.0210199386041,15034
HHO,1,10,2040,3212.609657200453,2912.609657200453,15052
HHO,1,10,2041,1949.7419859275778,1649.7419859275778,15030
HHO,1,10,2042,2158.9696607809738,1858.9696607809738,15058
HHO,1,10,2043,2325.6602732131905,2025.6602732131905,15056
HHO,1,10,2044,461.315772553864,161.315772553864,15030
HHO,1,10,2045,518.6822480808594,218.68224808085938,15054
HHO,1,10,2046,1208.2876138983147,908.2876138983147,15048
HHO,1,10,2047,660.4919573518398,360.4919573518398,15066
HHO,1,10,2048,1191.7254794617459,891.7254794617459,15050
HHO,1,10,2049,1056.1409627836108,756.1409627836108,15044
HHO,1,10,2050,747.4579695246864,447.4579695246864,15066
HHO,1,10,2051,944.0633487173053,644.0633487173053,15070
HHO,1,10,2052,836.3059834576884,536.3059834576884,15046
HHO,1,10,2053,1062.8092873919309,762.8092873919309,15048
HHO,1,10,2054,1530.8579800913233,1230.8579800913233,15072
HHO,1,10,2055,1610.8105754720898,1310.8105754720898,15056
HHO,2,10,2026,476.7913364118653,76.7913364118653,15042
HHO,2,10,2027,460.0695290152453,60.06952901524528,15036
HHO,2,10,2028,602.1847977222368,202.1847977222368,15062
HHO,2,10,2029,452.3411305596848,52.341130559684814,15048
HHO,2,10,2030,404.33050407182725,4.330504071827249,15056
HHO,2,10,2031,419.7807752006038,19.780775200603784,15068
HHO,2,10,2032,556.7124045959176,156.71240459591763,15062
HHO,2,10,2033,434.4087442581881,34.40874425818811,15040
HHO,2,10,2034,416.40290445842913,16.402904458429134,15032
HHO,2,10,2035,527.1697988902772,127.1697988902772,15042
HHO,2,10,2036,487.54055760891526,87.54055760891526,15048
HHO,2,10,2037,516.9039795719677,116.90397957196774,15078
HHO,2,10,2038,595.3922174752464,195.3922174752464,15040
HHO,2,10,2039,523.8582721759955,123.85827217599547,15034
HHO,2,10,2040,408.3630357677454,8.363035767745373,15052
HHO,2,10,2041,543.0576401189752,143.0576401189752,15030
HHO,2,10,2042,487.4329546694738,87.43295466947382,15058
HHO,2,10,2043,729.7775743510997,329.7775743510997,15056
HHO,2,10,2044,624.4062997613617,224.40629976136165,15030
HHO,2,10,2045,494.975411015142,94.97541101514202,15054
HHO,2,10,2046,480.98598801665395,80.98598801665395,15048
HHO,2,10,2047,521.5144935830658,121.51449358306581,15066
HHO,2,10,2048,461.668214397058,61.66821439705802,15050
HHO,2,10,2049,771.7192460327933,371.7192460327933,15044
HHO,2,10,2050,470.7994565447853,70.7994565447853,15066
HHO,2,10,2051,500.41477347761906,100.41477347761906,15070
HHO,2,10,2052,502.71748000565145,102.71748000565145,15046
HHO,2,10,2053,415.42880625969246,15.428806259692465,15048
HHO,2,10,2054,634.8541652621838,234.85416526218376,15072
HHO,2,10,2055,519.5245194243912,119.5245194243912,15056
HHO,3,10,2026,600.002761966759,0.002761966758953349,15042
HHO,3,10,2027,600.0003298203626,0.00032982036259454617,15036
HHO,3,10,2028,600.0139933684223,0.013993368422347885,15062
HHO,3,10,2029,600.0103732360074,0.010373236007353626,15048
HHO,3,10,2030,600.0126757055187,0.012675705518745417,15056
HHO,3,10,2031,600.0102639608878,0.010263960887755275,15068
HHO,3,10,2032,600.0049031951287,0.0049031951286906406,15062
HHO,3,10,2033,600.0151854412245,0.015185441224502938,15040
HHO,3,10,2034,600.003938560912,0.003938560912047251,15032
HHO,3,10,2035,600.0041621630583,0.004162163058254009,15042
HHO,3,10,2036,600.0057143016065,0.00571430160653108,15048
HHO,3,10,2037,600.0087655575968,0.008765557596802864,15078
HHO,3,10,2038,600.000606412022,0.0006064120219662072,15040
HHO,3,10,2039,600.0098686599555,0.009868659955486692,15034
HHO,3,10,2040,600.0111826286561,0.011182628656115412,15052
HHO,3,10,2041,600.0071964872615,0.007196487261467155,15030
HHO,3,10,2042,600.0008386200503,0.0008386200503309738,15058
HHO,3,10,2043,600.0119810737374,0.011981073737388215,15056
HHO,3,10,2044,600.0003028138509,0.0003028138509080236,15030
HHO,3,10,2045,600.0088589089883,0.008858908988258918,15054
HHO,3,10,2046,600.0046838649291,0.004683864929120318,15048
HHO,3,10,2047,600.0045541182525,0.00455411825248575,15066
HHO,3,10,2048,600.0207068610057,0.02070686100569219,15050
HHO,3,10,2049,600.0049584402606,0.004958440260566022,15044
HHO,3,10,2050,600.0039311176562,0.003931117656179595,15066
HHO,3,10,2051,600.0013493245553,0.0013493245553490851,15070
HHO,3,10,2052,600.0017884433556,0.0017884433556218937,15046
HHO,3,10,2053,600.0076417608334,0.007641760833394073,15048
HHO,3,10,2054,600.0017473219699,0.0017473219699013498,15072
HHO,3,10,2055,600.0027325386247,0.00273253862474121,15056
HHO,4,10,2026,926.5,126.5,15042
HHO,4,10,2027,888.5,88.5,15036
HHO,4,10,2028,844.0,44.0,15062
HHO,4,10,2029,848.0,48.0,15048
HHO,4,10,2030,860.0,60.0,15056
HHO,4,10,2031,840.0,40.0,15068
HHO,4,10,2032,854.0,54.0,15062
HHO,4,10,2033,852.0,52.0,15040
HHO,4,10,2034,842.0003029360028,42.000302936002754,15032
HHO,4,10,2035,826.000335402773,26.000335402772976,15042
HHO,4,10,2036,846.0,46.0,15048
HHO,4,10,2037,836.0000000001694,36.00000000016939,15078
HHO,4,10,2038,844.0000018393367,44.00000183933673,15040
HHO,4,10,2039,850.0,50.0,15034
HHO,4,10,2040,834.0000016739972,34.00000167399719,15052
HHO,4,10,2041,848.0,48.0,15030
HHO,4,10,2042,914.5,114.5,15058
HHO,4,10,2043,884.0,84.0,15056
HHO,4,10,2044,850.0000000000078,50.000000000007844,15030
HHO,4,10,2045,890.0,90.0,15054
HHO,4,10,2046,850.0,50.0,15048
HHO,4,10,2047,850.0,50.0,15066
HHO,4,10,2048,904.5000199732622,104.50001997326217,15050
HHO,4,10,2049,890.5,90.5,15044
HHO,4,10,2050,842.0,42.0,15066
HHO,4,10,2051,880.0,80.0,15070
HHO,4,10,2052,924.5148373511166,124.51483735111663,15046
HHO,4,10,2053,838.0175544077144,38.01755440771444,15048
HHO,4,10,2054,866.6437917041721,66.64379170417214,15072
HHO,4,10,2055,850.0,50.0,15056
HHO,5,10,2026,901.0283539954161,1.0283539954160688,15042
HHO,5,10,2027,901.5141295420996,1.5141295420995675,15036
HHO,5,10,2028,901.563334754181,1.563334754181028,15062
HHO,5,10,2029,900.6629841980406,0.66298419804059,15048
HHO,5,10,2030,903.3158357044887,3.315835704488677,15056
HHO,5,10,2031,900.1873910634204,0.18739106342036393,15068
HHO,5,10,2032,902.1775199630546,2.1775199630545785,15062
HHO,5,10,2033,900.6508393118224,0.6508393118224376,15040
HHO,5,10,2034,901.04208728327,1.042087283270007,15032
HHO,5,10,2035,902.2929723524577,2.2929723524576957,15042
HHO,5,10,2036,901.9847329040311,1.9847329040311479,15048
HHO,5,10,2037,901.1757838362331,1.1757838362331086,15078
HHO,5,10,2038,900.6556420185414,0.6556420185413572,15040
HHO,5,10,2039,901.8501784780957,1.8501784780956996,15034
HHO,5,10,2040,904.1003582931646,4.100358293164618,15052
HHO,5,10,2041,901.2260771086603,1.22607710866032,15030
HHO,5,10,2042,901.1041203438831,1.1041203438830962,15058
HHO,5,10,2043,900.6290483492277,0.6290483492276735,15056
HHO,5,10,2044,902.0093787399528,2.0093787399528082,15030
HHO,5,10,2045,900.584584965711,0.5845849657109738,15054
HHO,5,10,2046,900.7304608329807,0.7304608329807252,15048
HHO,5,10,2047,900.8519313368873,0.8519313368873327,15066
HHO,5,10,2048,902.8305803592435,2.830580359243527,15050
HHO,5,10,2049,902.4423310955763,2.4423310955762645,15044
HHO,5,10,2050,901.1411236420528,1.1411236420527757,15066
HHO,5,10,2051,900.7146942987614,0.7146942987614011,15070
HHO,5,10,2052,900.5851474531748,0.5851474531748408,15046
HHO,5,10,2053,901.9376866331698,1.9376866331698466,15048
HHO,5,10,2054,902.3336892603769,2.3336892603769,15072
HHO,5,10,2055,900.8323433199595,0.8323433199594774,15056
HHO,6,10,2026,22611.470254684536,20811.470254684536,15042
HHO,6,10,2027,21117.363737692434,19317.363737692434,15036
HHO,6,10,2028,69217.44194113194,67417.44194113194,15062
HHO,6,10,2029,19306.592941477807,17506.592941477807,15048
HHO,6,10,2030,39308.49468325419,37508.49468325419,15056
HHO,6,10,2031,65185.03279104565,63385.03279104565,15068
HHO,6,10,2032,13269.899781414973,11469.899781414973,15062
HHO,6,10,2033,7394.111680062415,5594.111680062415,15040
HHO,6,10,2034,110943.04954600707,109143.04954600707,15032
HHO,6,10,2035,52624.280036330114,50824.280036330114,15042
HHO,6,10,2036,22196.020401287413,20396.020401287413,15048
HHO,6,10,2037,69767.41147022654,67967.41147022654,15078
HHO,6,10,2038,42437.37788114773,40637.37788114773,15040
HHO,6,10,2039,14020.468810616214,12220.468810616214,15034
HHO,6,10,2040,24036.147937999456,22236.147937999456,15052
HHO,6,10,2041,43752.2641353696,41952.2641353696,15030
HHO,6,10,2042,37141.67324757455,35341.67324757455,15058
HHO,6,10,2043,67492.36698170616,65692.36698170616,15056
HHO,6,10,2044,30033.315739230107,28233.315739230107,15030
HHO,6,10,2045,21006.33360116765,19206.33360116765,15054
HHO,6,10,2046,32659.295295103908,30859.295295103908,15048
HHO,6,10,2047,18336.865250662944,16536.865250662944,15066
HHO,6,10,2048,35838.94615256806,34038.94615256806,15050
HHO,6,10,2049,67279.21664695902,65479.216646959016,15044
HHO,6,10,2050,47537.825736037994,45737.825736037994,15066
HHO,6,10,2051,37549.19733442199,35749.19733442199,15070
HHO,6,10,2052,26046.15431180953,24246.15431180953,15046
HHO,6,10,2053,18647.48829901662,16847.48829901662,15048
HHO,6,10,2054,80560.96196982209,78760.96196982209,15072
HHO,6,10,2055,63697.151223309964,61897.151223309964,15056
HHO,7,10,2026,2396.8045596001975,396.80455960019754,15042
HHO,7,10,2027,2115.535279993383,115.53527999338303,15036
HHO,7,10,2028,2273.398494197857,273.39849419785696,15062
HHO,7,10,2029,2067.7105213826576,67.71052138265759,15048
HHO,7,10,2030,2223.942969503303,223.94296950330317,15056
HHO,7,10,2031,2217.155983464352,217.15598346435218,15068
HHO,7,10,2032,2259.8785687109357,259.8785687109357,15062
HHO,7,10,2033,2696.378978182979,696.3789781829792,15040
HHO,7,10,2034,2163.0825634218595,163.0825634218595,15032
HHO,7,10,2035,2177.90654807246,177.90654807245983,15042
HHO,7,10,2036,2118.7163009062497,118.71630090624967,15048
HHO,7,10,2037,2264.997461557435,264.99746155743514,15078
HHO,7,10,2038,2431.1205039728966,431.1205039728966,15040
HHO,7,10,2039,2048.9162016093837,48.916201609383734,15034
HHO,7,10,2040,2225.573981001785,225.5739810017849,15052
HHO,7,10,2041,2223.800403684872,223.80040368487198,15030
HHO,7,10,2042,2436.797511433296,436.7975114332962,15058
HHO,7,10,2043,2131.972463093437,131.972463093437,15056
HHO,7,10,2044,2320.876594377115,320.876594377115,15030
HHO,7,10,2045,2219.7939095060237,219.79390950602374,15054
HHO,7,10,2046,2093.712683391283,93.71268339128301,15048
HHO,7,10,2047,2048.1011440938028,48.10114409380276,15066
HHO,7,10,2048,2142.1604757741857,142.16047577418567,15050
HHO,7,10,2049,2156.421962610395,156.42196261039498,15044
HHO,7,10,2050,2662.1483387459707,662.1483387459707,15066
HHO,7,10,2051,2202.9669248965774,202.96692489657744,15070
HHO,7,10,2052,2306.6234795663263,306.6234795663263,15046
HHO,7,10,2053,2084.0564167165617,84.05641671656167,15048
HHO,7,10,2054,2469.7194735364005,469.7194735364005,15072
HHO,7,10,2055,2061.53941756246,61.53941756246013,15056
HHO,8,10,2026,3544.1051255208017,1344.1051255208017,15042
HHO,8,10,2027,2639.3696965520426,439.36969655204257,15036
HHO,8,10,2028,2751.78845223259,551.7884522325899,15062
HHO,8,10,2029,3477.8619378239964,1277.8619378239964,15048
HHO,8,10,2030,2764.7469908813273,564.7469908813273,15056
HHO,8,10,2031,3924.5609532384406,1724.5609532384406,15068
HHO,8,10,2032,2741.0988152796717,541.0988152796717,15062
HHO,8,10,2033,3187.881430893076,987.881430893076,15040
HHO,8,10,2034,4976.4967130642535,2776.4967130642535,15032
HHO,8,10,2035,2442.565657331134,242.56565733113393,15042
HHO,8,10,2036,3954.2562534642384,1754.2562534642384,15048
HHO,8,10,2037,4585.199454012392,2385.1994540123924,15078
HHO,8,10,2038,2584.038749871558,384.03874987155814,15040
HHO,8,10,2039,2263.483513979042,63.48351397904207,15034
HHO,8,10,2040,5128.034331953036,2928.0343319530357,15052
HHO,8,10,2041,2632.388455727322,432.3884557273218,15030
HHO,8,10,2042,3120.6222778153547,920.6222778153547,15058
HHO,8,10,2043,6630.515594426263,4430.515594426263,15056
HHO,8,10,2044,2889.348551809375,689.3485518093748,15030
HHO,8,10,2045,3647.167801120866,1447.167801120866,15054
HHO,8,10,2046,5111.132962016602,2911.1329620166016,15048
HHO,8,10,2047,3592.8718083092244,1392.8718083092244,15066
HHO,8,10,2048,2788.462799682713,588.462799682713,15050
HHO,8,10,2049,2868.2453938726812,668.2453938726812,15044
HHO,8,10,2050,2480.4073859269683,280.40738592696835,15066
HHO,8,10,2051,3363.4027153318893,1163.4027153318893,15070
HHO,8,10,2052,2693.102630882548,493.10263088254806,15046
HHO,8,10,2053,2435.770187077206,235.77018707720617,15048
HHO,8,10,2054,3305.0032837125864,1105.0032837125864,15072
HHO,8,10,2055,4278.345406505975,2078.345406505975,15056
HHO,9,10,2026,2680.5477214355096,380.54772143550963,15042
HHO,9,10,2027,3011.8394010973334,711.8394010973334,15036
HHO,9,10,2028,3031.298836374431,731.2988363744312,15062
HHO,9,10,2029,2965.1295914671337,665.1295914671337,15048
HHO,9,10,2030,2334.936666702265,34.93666670226503,15056
HHO,9,10,2031,2856.2409416779437,556.2409416779437,15068
HHO,9,10,2032,3092.3083169780894,792.3083169780894,15062
HHO,9,10,2033,2712.142382917471,412.14238291747097,15040
HHO,9,10,2034,2860.2876919528794,560.2876919528794,15032
HHO,9,10,2035,2763.4991509014326,463.4991509014326,15042
HHO,9,10,2036,2785.9600030509496,485.9600030509496,15048
HHO,9,10,2037,2827.567885631631,527.5678856316308,15078
HHO,9,10,2038,2870.1001204048844,570.1001204048844,15040
HHO,9,10,2039,3014.0163372871166,714.0163372871166,15034
HHO,9,10,2040,2919.0185529391506,619.0185529391506,15052
HHO,9,10,2041,2779.25448946591,479.25448946590996,15030
HHO,9,10,2042,2882.143999287763,582.1439992877631,15058
HHO,9,10,2043,2795.9915441653056,495.99154416530564,15056
HHO,9,10,2044,2764.4643497821294,464.4643497821294,15030
HHO,9,10,2045,2812.8480392708707,512.8480392708707,15054
HHO,9,10,2046,2765.8715949265224,465.87159492652245,15048
HHO,9,10,2047,3374.3703948123966,1074.3703948123966,15066
HHO,9,10,2048,2769.280894035628,469.2808940356281,15050
HHO,9,10,2049,2829.973149585822,529.9731495858218,15044
HHO,9,10,2050,2793.7488126558355,493.74881265583554,15066
HHO,9,10,2051,2716.7075896912474,416.70758969124745,15070
HHO,9,10,2052,2678.6050963875023,378.6050963875023,15046
HHO,9,10,2053,2827.553181681867,527.553181681867,15048
HHO,9,10,2054,3164.219310450166,864.2193104501662,15072
HHO,9,10,2055,2786.9616949365386,486.9616949365386,15056
HHO,10,10,2026,2750.148425484301,350.1484254843008,15042
HHO,10,10,2027,2639.544212398558,239.5442123985581,15036
HHO,10,10,2028,2647.0858544148105,247.08585441481046,15062
HHO,10,10,2029,2809.2648641728956,409.2648641728956,15048
HHO,10,10,2030,2665.345979767766,265.34597976776604,15056
HHO,10,10,2031,2863.3050011555865,463.3050011555865,15068
HHO,10,10,2032,2646.4429749622113,246.44297496221134,15062
HHO,10,10,2033,2646.427744769186,246.42774476918612,15040
HHO,10,10,2034,2649.2588582560106,249.25885825601063,15032
HHO,10,10,2035,2629.4948190231435,229.49481902314346,15042
HHO,10,10,2036,2664.8175380927514,264.8175380927514,15048
HHO,10,10,2037,2751.937941914185,351.9379419141851,15078
HHO,10,10,2038,2805.2745196237424,405.27451962374244,15040
HHO,10,10,2039,2772.356364795683,372.356364795683,15034
HHO,10,10,2040,2630.2014327445195,230.20143274451948,15052
HHO,10,10,2041,2637.7375322169305,237.7375322169305,15030
HHO,10,10,2042,2792.3237599578933,392.32375995789334,15058
HHO,10,10,2043,2850.912821138498,450.9128211384982,15056
HHO,10,10,2044,2754.5780737452196,354.5780737452196,15030
HHO,10,10,2045,2636.7222818568316,236.72228185683161,15054
HHO,10,10,2046,2629.54954074615,229.5495407461499,15048
HHO,10,10,2047,2643.1435731754805,243.14357317548047,15066
HHO,10,10,2048,2644.247305705571,244.24730570557085,15050
HHO,10,10,2049,2657.614962602788,257.6149626027882,15044
HHO,10,10,2050,2789.789850102643,389.78985010264296,15066
HHO,10,10,2051,2759.6939038091423,359.6939038091423,15070
HHO,10,10,2052,2641.5887060840005,241.58870608400048,15046
HHO,10,10,2053,3183.5401909933553,783.5401909933553,15048
HHO,10,10,2054,2765.1324755309224,365.1324755309224,15072
HHO,10,10,2055,4269.687774416202,1869.687774416202,15056
HHO,11,10,2026,3505.0991473474455,905.0991473474455,15042
HHO,11,10,2027,2615.877411326231,15.87741132623114,15036
HHO,11,10,2028,2613.8835442042496,13.883544204249574,15062
HHO,11,10,2029,2604.822166144206,4.822166144206221,15048
HHO,11,10,2030,2638.7135653258465,38.7135653258465,15056
HHO,11,10,2031,2624.885582897341,24.88558289734101,15068
HHO,11,10,2032,2639.561994768387,39.561994768387194,15062
HHO,11,10,2033,2635.622833257393,35.62283325739281,15040
HHO,11,10,2034,2631.966040802911,31.96604080291081,15032
HHO,11,10,2035,2607.9825731070578,7.98257310705776,15042
HHO,11,10,2036,2634.2837207267844,34.283720726784395,15048
HHO,11,10,2037,2644.061044163061,44.06104416306107,15078
HHO,11,10,2038,2684.373298169112,84.37329816911188,15040
HHO,11,10,2039,2612.9909206164452,12.990920616445237,15034
HHO,11,10,2040,2632.503263965632,32.50326396563196,15052
HHO,11,10,2041,2616.1223332487634,16.122333248763425,15030
HHO,11,10,2042,2652.3048890539785,52.30488905397851,15058
HHO,11,10,2043,2608.358346164332,8.358346164332033,15056
HHO,11,10,2044,3596.5375660782315,996.5375660782315,15030
HHO,11,10,2045,2789.4598409453665,189.45984094536652,15054
HHO,11,10,2046,2604.2386287538175,4.238628753817466,15048
HHO,11,10,2047,2656.157616220678,56.15761622067794,15066
HHO,11,10,2048,2613.3969173463015,13.396917346301507,15050
HHO,11,10,2049,3479.7320517432445,879.7320517432445,15044
HHO,11,10,2050,2644.593053143457,44.59305314345693,15066
HHO,11,10,2051,2612.3605645980524,12.360564598052406,15070
HHO,11,10,2052,2640.9079049750494,40.907904975049405,15046
HHO,11,10,2053,2615.2931462486013,15.29314624860126,15048
HHO,11,10,2054,2606.5584645695058,6.558464569505759,15072
HHO,11,10,2055,2645.4495513490974,45.44955134909742,15056
HHO,12,10,2026,2934.9549626945814,234.95496269458135,15042
HHO,12,10,2027,3219.8116558519528,519.8116558519528,15036
HHO,12,10,2028,3123.660628248366,423.6606282483658,15062
HHO,12,10,2029,2954.8819546072914,254.8819546072914,15048
HHO,12,10,2030,2992.4558018819216,292.4558018819216,15056
HHO,12,10,2031,2966.8654886097866,266.86548860978655,15068
HHO,12,10,2032,2965.0968360844763,265.0968360844763,15062
HHO,12,10,2033,3117.2086874083057,417.20868740830565,15040
HHO,12,10,2034,2988.44969748361,288.4496974836102,15032
HHO,12,10,2035,3059.0187354118634,359.0187354118634,15042
HHO,12,10,2036,3033.590035902871,333.590035902871,15048
HHO,12,10,2037,2884.4154075858123,184.41540758581232,15078
HHO,12,10,2038,3144.281647987061,444.2816479870612,15040
HHO,12,10,2039,2933.1275259196564,233.12752591965636,15034
HHO,12,10,2040,2885.0636732827115,185.06367328271153,15052
HHO,12,10,2041,2929.9741777992936,229.97417779929356,15030
HHO,12,10,2042,2882.982507075961,182.98250707596117,15058
HHO,12,10,2043,2915.023590955134,215.02359095513384,15056
HHO,12,10,2044,2922.387692910976,222.38769291097606,15030
HHO,12,10,2045,2920.1241411681153,220.12414116811533,15054
HHO,12,10,2046,3002.5497151820578,302.54971518205775,15048
HHO,12,10,2047,3130.9541137358106,430.95411373581055,15066
HHO,12,10,2048,3085.5278215689086,385.5278215689086,15050
HHO,12,10,2049,3051.355442304067,351.35544230406686,15044
HHO,12,10,2050,2937.797518729044,237.797518729044,15066
HHO,12,10,2051,3087.5921836652383,387.5921836652383,15070
HHO,12,10,2052,3133.469790572213,433.4697905722128,15046
HHO,12,10,2053,3115.2415592727334,415.2415592727334,15048
HHO,12,10,2054,2912.9689898653314,212.96898986533142,15072
HHO,12,10,2055,2999.271086296386,299.2710862963859,15056
SCA,1,10,2026,1458.2832747830598,1158.2832747830598,15030
SCA,1,10,2027,2050.5029086543905,1750.5029086543905,15030
SCA,1,10,2028,1176.4393758000092,876.4393758000092,15030
SCA,1,10,2029,786.9168277517557,486.9168277517557,15030
SCA,1,10,2030,889.4523012736597,589.4523012736597,15030
SCA,1,10,2031,1151.2670469818609,851.2670469818609,15030
SCA,1,10,2032,1780.6683806085318,1480.6683806085318,15030
SCA,1,10,2033,1521.2475059826456,1221.2475059826456,15030
SCA,1,10,2034,1500.693961913431,1200.693961913431,15030
SCA,1,10,2035,503.0404306548679,203.04043065486792,15030
SCA,1,10,2036,2212.8555502531326,1912.8555502531326,15030
SCA,1,10,2037,2077.423160439037,1777.423160439037,15030
SCA,1,10,2038,1703.0980830224687,1403.0980830224687,15030
SCA,1,10,2039,1129.051671801045,829.0516718010449,15030
SCA,1,10,2040,1095.4298774594763,795.4298774594763,15030
SCA,1,10,2041,998.4065039130865,698.4065039130865,15030
SCA,1,10,2042,862.9202181184551,562.9202181184551,15030
SCA,1,10,2043,955.7854235335302,655.7854235335302,15030
SCA,1,10,2044,1025.6946403837096,725.6946403837096,15030
SCA,1,10,2045,1110.345145702107,810.345145702107,15030
SCA,1,10,2046,979.7819301775011,679.7819301775011,15030
SCA,1,10,2047,958.9059398699793,658.9059398699793,15030
SCA,1,10,2048,2289.012063021365,1989.012063021365,15030
SCA,1,10,2049,1494.3148747414448,1194.3148747414448,15030
SCA,1,10,2050,1220.5129775446871,920.5129775446871,15030
SCA,1,10,2051,1151.1327257511791,851.1327257511791,15030
SCA,1,10,2052,1090.4342239102982,790.4342239102982,15030
SCA,1,10,2053,1959.7254404673497,1659.7254404673497,15030
SCA,1,10,2054,2446.140394020953,2146.140394020953,15030
SCA,1,10,2055,1678.282050436546,1378.282050436546,15030
SCA,2,10,2026,523.7119404513414,123.71194045134143,15030
SCA,2,10,2027,566.9748616201517,166.97486162015173,15030
SCA,2,10,2028,519.7566526208235,119.7566526208235,15030
SCA,2,10,2029,519.1965355542316,119.19653555423156,15030
SCA,2,10,2030,516.7168639992368,116.7168639992368,15030
SCA,2,10,2031,493.1559912890567,93.15599128905671,15030
SCA,2,10,2032,551.6353211960318,151.63532119603178,15030
SCA,2,10,2033,518.0567907554921,118.0567907554921,15030
SCA,2,10,2034,536.427770579081,136.42777057908097,15030
SCA,2,10,2035,593.8654233678362,193.86542336783623,15030
SCA,2,10,2036,515.0278066935508,115.02780669355081,15030
SCA,2,10,2037,530.8439369498765,130.84393694987648,15030
SCA,2,10,2038,515.2004828132733,115.20048281327331,15030
SCA,2,10,2039,545.9905361106332,145.99053611063323,15030
SCA,2,10,2040,525.1918834017852,125.19188340178516,15030
SCA,2,10,2041,523.3696141036519,123.36961410365188,15030
SCA,2,10,2042,536.6559427537832,136.65594275378317,15030
SCA,2,10,2043,524.9365099807258,124.93650998072576,15030
SCA,2,10,2044,527.2624905359373,127.26249053593733,15030
SCA,2,10,2045,546.6987903037414,146.69879030374136,15030
SCA,2,10,2046,515.122252900099,115.12225290009906,15030
SCA,2,10,2047,512.7522983954912,112.75229839549115,15030
SCA,2,10,2048,534.0699310598766,134.06993105987658,15030
SCA,2,10,2049,506.44662111678076,106.44662111678076,15030
SCA,2,10,2050,519.3093709762463,119.30937097624633,15030
SCA,2,10,2051,537.3929042895377,137.39290428953768,15030
SCA,2,10,2052,480.2661477858772,80.2661477858772,15030
SCA,2,10,2053,528.0668157232344,128.0668157232344,15030
SCA,2,10,2054,450.871697073569,50.87169707356901,15030
SCA,2,10,2055,556.3008887210952,156.30088872109525,15030
SCA,3,10,2026,600.0520435865506,0.0520435865505533,15030
SCA,3,10,2027,600.0525948255598,0.05259482555982231,15030
SCA,3,10,2028,600.0384080828277,0.038408082827686485,15030
SCA,3,10,2029,600.067396819055,0.06739681905503403,15030
SCA,3,10,2030,600.044984148993,0.044984148992966766,15030
SCA,3,10,2031,600.0456312919882,0.04563129198822935,15030
SCA,3,10,2032,600.0271641816662,0.027164181666194054,15030
SCA,3,10,2033,600.0403925840578,0.04039258405782675,15030
SCA,3,10,2034,600.0652249211541,0.06522492115414025,15030
SCA,3,10,2035,600.0613938922539,0.06139389225393188,15030
SCA,3,10,2036,600.0812431284392,0.08124312843915504,15030
SCA,3,10,2037,600.0270083908723,0.027008390872310883,15030
SCA,3,10,2038,600.0298625664866,0.029862566486599462,15030
SCA,3,10,2039,600.0672789626442,0.06727896264419542,15030
SCA,3,10,2040,600.0306342560827,0.030634256082748834,15030
SCA,3,10,2041,600.0438096239537,0.043809623953734445,15030
SCA,3,10,2042,600.0598494794342,0.05984947943420593,15030
SCA,3,10,2043,600.0336109261666,0.03361092616660244,15030
SCA,3,10,2044,600.0688320354158,0.06883203541576677,15030
SCA,3,10,2045,600.0555519779574,0.05555197795740696,15030
SCA,3,10,2046,600.0446284298099,0.044628429809904446,15030
SCA,3,10,2047,600.0290038783155,0.02900387831550688,15030
SCA,3,10,2048,600.0195493679024,0.019549367902413906,15030
SCA,3,10,2049,600.0503424993443,0.050342499344310454,15030
SCA,3,10,2050,600.0414654698026,0.04146546980257426,15030
SCA,3,10,2051,600.0394016089823,0.039401608982302605,15030
SCA,3,10,2052,600.0414086348347,0.04140863483473822,15030
SCA,3,10,2053,600.0248105874789,0.024810587478896196,15030
SCA,3,10,2054,600.034088677565,0.03408867756502332,15030
SCA,3,10,2055,600.0370274543433,0.03702745434327426,15030
SCA,4,10,2026,878.2948404837256,78.29484048372558,15030
SCA,4,10,2027,874.6653653678208,74.66536536782075,15030
SCA,4,10,2028,867.7186007385973,67.71860073859727,15030
SCA,4,10,2029,852.729556652218,52.72955665221798,15030
SCA,4,10,2030,835.8902646457041,35.890264645704065,15030
SCA,4,10,2031,888.9733287439642,88.9733287439642,15030
SCA,4,10,2032,878.500991005073,78.50099100507305,15030
SCA,4,10,2033,870.0,70.0,15030
SCA,4,10,2034,878.448863512452,78.44886351245202,15030
SCA,4,10,2035,852.9739070407752,52.9739070407752,15030
SCA,4,10,2036,877.6355542005449,77.6355542005449,15030
SCA,4,10,2037,854.7092385810752,54.70923858107517,15030
SCA,4,10,2038,848.7954353227967,48.79543532279672,15030
SCA,4,10,2039,868.1325523550439,68.13255235504391,15030
SCA,4,10,2040,836.306243597429,36.30624359742899,15030
SCA,4,10,2041,864.3902438963347,64.39024389633471,15030
SCA,4,10,2042,881.7179431189461,81.7179431189461,15030
SCA,4,10,2043,858.2388157247447,58.238815724744654,15030
SCA,4,10,2044,863.3307484329895,63.33074843298948,15030
SCA,4,10,2045,864.0,64.0,15030
SCA,4,10,2046,858.8436180095048,58.84361800950478,15030
SCA,4,10,2047,862.5588818441939,62.558881844193934,15030
SCA,4,10,2048,858.6931714675924,58.69317146759238,15030
SCA,4,10,2049,872.362514453783,72.36251445378298,15030
SCA,4,10,2050,869.9541827729118,69.95418277291185,15030
SCA,4,10,2051,867.2660907118778,67.26609071187784,15030
SCA,4,10,2052,834.2066215685734,34.20662156857338,15030
SCA,4,10,2053,856.7677566873649,56.76775668736491,15030
SCA,4,10,2054,882.8473364477011,82.84733644770108,15030
SCA,4,10,2055,834.522774560143,34.522774560143034,15030
SCA,5,10,2026,900.4308787403861,0.4308787403861061,15030
SCA,5,10,2027,900.4935340577156,0.49353405771557846,15030
SCA,5,10,2028,900.4983553955594,0.49835539555942887,15030
SCA,5,10,2029,900.6017394856528,0.6017394856528426,15030
SCA,5,10,2030,900.5373586911171,0.537358691117106,15030
SCA,5,10,2031,900.4441408719241,0.44414087192410534,15030
SCA,5,10,2032,900.4642798927582,0.46427989275821346,15030
SCA,5,10,2033,900.4611718486943,0.4611718486943346,15030
SCA,5,10,2034,900.4942919838664,0.49429198386644657,15030
SCA,5,10,2035,900.392897006679,0.3928970066790498,15030
SCA,5,10,2036,900.2983429877049,0.2983429877049275,15030
SCA,5,10,2037,900.3344992548543,0.33449925485433596,15030
SCA,5,10,2038,900.5545058881361,0.5545058881360774,15030
SCA,5,10,2039,900.3346664358058,0.3346664358058433,15030
SCA,5,10,2040,900.4012898278783,0.4012898278782586,15030
SCA,5,10,2041,900.4982870473855,0.4982870473854746,15030
SCA,5,10,2042,900.5520969813512,0.5520969813511556,15030
SCA,5,10,2043,900.4400040592066,0.44000405920655794,15030
SCA,5,10,2044,900.4169354791419,0.4169354791418982,15030
SCA,5,10,2045,900.4717873250339,0.4717873250339153,15030
SCA,5,10,2046,900.5261575109986,0.526157510998587,15030
SCA,5,10,2047,900.5312659312682,0.5312659312681944,15030
SCA,5,10,2048,900.4524605703833,0.4524605703833231,15030
SCA,5,10,2049,900.5349373024753,0.5349373024753277,15030
SCA,5,10,2050,900.3523373279054,0.3523373279053885,15030
SCA,5,10,2051,900.46759381176,0.46759381176002535,15030
SCA,5,10,2052,900.1967880969524,0.1967880969524458,15030
SCA,5,10,2053,900.5567082540261,0.5567082540261481,15030
SCA,5,10,2054,900.5928184225893,0.5928184225892892,15030
SCA,5,10,2055,900.3911212399003,0.39112123990025793,15030
SCA,6,10,2026,2051263.9617161502,2049463.9617161502,15030
SCA,6,10,2027,3032289.00650888,3030489.00650888,15030
SCA,6,10,2028,7568308.194791386,7566508.194791386,15030
SCA,6,10,2029,1893558.3638703788,1891758.3638703788,15030
SCA,6,10,2030,2940580.902372296,2938780.902372296,15030
SCA,6,10,2031,3134102.756615747,3132302.756615747,15030
SCA,6,10,2032,2838953.948476055,2837153.948476055,15030
SCA,6,10,2033,7078181.315555577,7076381.315555577,15030
SCA,6,10,2034,6548619.121227149,6546819.121227149,15030
SCA,6,10,2035,4865484.049252935,4863684.049252935,15030
SCA,6,10,2036,1685069.7264101831,1683269.7264101831,15030
SCA,6,10,2037,3261616.8796354053,3259816.8796354053,15030
SCA,6,10,2038,1487895.8121156078,1486095.8121156078,15030
SCA,6,10,2039,789580.7879901339,787780.7879901339,15030
SCA,6,10,2040,3017263.965383512,3015463.965383512,15030
SCA,6,10,2041,2300251.8471406666,2298451.8471406666,15030
SCA,6,10,2042,2822135.481500284,2820335.481500284,15030
SCA,6,10,2043,3548609.6685490645,3546809.6685490645,15030
SCA,6,10,2044,1314881.1936345494,1313081.1936345494,15030
SCA,6,10,2045,5995723.970889583,5993923.970889583,15030
SCA,6,10,2046,3092568.431598667,3090768.431598667,15030
SCA,6,10,2047,2693498.5778453085,2691698.5778453085,15030
SCA,6,10,2048,8188808.686208237,8187008.686208237,15030
SCA,6,10,2049,2980786.782281407,2978986.782281407,15030
SCA,6,10,2050,4023059.1980131064,4021259.1980131064,15030
SCA,6,10,2051,4820367.136418942,4818567.136418942,15030
SCA,6,10,2052,5231252.891740967,5229452.891740967,15030
SCA,6,10,2053,11370090.616894068,11368290.616894068,15030
SCA,6,10,2054,5697023.0467504235,5695223.0467504235,15030
SCA,6,10,2055,1403760.1745256018,1401960.1745256018,15030
SCA,7,10,2026,2090.3242027280867,90.32420272808668,15030
SCA,7,10,2027,2121.5287877734345,121.52878777343449,15030
SCA,7,10,2028,2138.566848676859,138.56684867685908,15030
SCA,7,10,2029,2178.7918437690105,178.79184376901048,15030
SCA,7,10,2030,2139.1852950789066,139.18529507890662,15030
SCA,7,10,2031,2089.445677802139,89.44567780213902,15030
SCA,7,10,2032,2112.47408821889,112.47408821888985,15030
SCA,7,10,2033,2115.2629049466495,115.26290494664954,15030
SCA,7,10,2034,2095.4747050198403,95.47470501984026,15030
SCA,7,10,2035,2131.627405069175,131.62740506917498,15030
SCA,7,10,2036,2087.4907653018395,87.49076530183947,15030
SCA,7,10,2037,2144.0035719473003,144.00357194730032,15030
SCA,7,10,2038,2124.6304627663867,124.6304627663867,15030
SCA,7,10,2039,2098.928861458871,98.92886145887087,15030
SCA,7,10,2040,2105.9285830710924,105.92858307109236,15030
SCA,7,10,2041,2083.560113757914,83.56011375791422,15030
SCA,7,10,2042,2125.858976749994,125.85897674999387,15030
SCA,7,10,2043,2106.527476787311,106.52747678731112,15030
SCA,7,10,2044,2093.7047763845453,93.70477638454531,15030
SCA,7,10,2045,2107.7828640272746,107.78286402727463,15030
SCA,7,10,2046,2183.6934295471056,183.69342954710555,15030
SCA,7,10,2047,2100.678263833184,100.67826383318379,15030
SCA,7,10,2048,2095.7761169727805,95.77611697278053,15030
SCA,7,10,2049,2100.3198644787817,100.31986447878171,15030
SCA,7,10,2050,2080.034113988713,80.03411398871322,15030
SCA,7,10,2051,2152.2008851104,152.20088511040012,15030
SCA,7,10,2052,2096.2122184073014,96.2122184073014,15030
SCA,7,10,2053,2097.407804337481,97.40780433748114,15030
SCA,7,10,2054,2083.015782957003,83.01578295700301,15030
SCA,7,10,2055,2107.0748184956947,107.07481849569467,15030
SCA,8,10,2026,2515.2614866392537,315.2614866392537,15030
SCA,8,10,2027,2577.936434099954,377.9364340999541,15030
SCA,8,10,2028,2580.0389015295154,380.03890152951544,15030
SCA,8,10,2029,2748.9890032568005,548.9890032568005,15030
SCA,8,10,2030,2780.1407956693397,580.1407956693397,15030
SCA,8,10,2031,2470.9704722111414,270.97047221114144,15030
SCA,8,10,2032,2282.2069839360415,82.20698393604152,15030
SCA,8,10,2033,2869.4105537856403,669.4105537856403,15030
SCA,8,10,2034,2656.393757785043,456.3937577850429,15030
SCA,8,10,2035,3069.5185327853314,869.5185327853314,15030
SCA,8,10,2036,2692.880446588444,492.8804465884441,15030
SCA,8,10,2037,3521.5134483575303,1321.5134483575303,15030
SCA,8,10,2038,2568.7008768675264,368.7008768675264,15030
SCA,8,10,2039,2590.787704051213,390.78770405121304,15030
SCA,8,10,2040,2481.1578277838416,281.15782778384164,15030
SCA,8,10,2041,2611.5256823162194,411.52568231621945,15030
SCA,8,10,2042,2818.115335987342,618.115335987342,15030
SCA,8,10,2043,2262.4261173847726,62.426117384772624,15030
SCA,8,10,2044,2694.2331833148046,494.2331833148046,15030
SCA,8,10,2045,2912.084654031774,712.0846540317739,15030
SCA,8,10,2046,2525.2222524483586,325.22225244835863,15030
SCA,8,10,2047,2523.7038411411345,323.7038411411345,15030
SCA,8,10,2048,2707.701051380745,507.70105138074496,15030
SCA,8,10,2049,2538.005076270649,338.00507627064917,15030
SCA,8,10,2050,2879.0152754171486,679.0152754171486,15030
SCA,8,10,2051,2456.0242929090873,256.0242929090873,15030
SCA,8,10,2052,2480.8596284648906,280.85962846489065,15030
SCA,8,10,2053,2688.201662672136,488.2016626721361,15030
SCA,8,10,2054,2406.8510672680486,206.8510672680486,15030
SCA,8,10,2055,2517.214931775164,317.21493177516413,15030
SCA,9,10,2026,2662.621672579407,362.621672579407,15030
SCA,9,10,2027,2455.938000340368,155.93800034036803,15030
SCA,9,10,2028,2557.4392494322788,257.43924943227876,15030
SCA,9,10,2029,2421.62162252045,121.62162252044982,15030
SCA,9,10,2030,2521.260407861616,221.26040786161593,15030
SCA,9,10,2031,2501.0961097504987,201.09610975049873,15030
SCA,9,10,2032,2522.382206013676,222.38220601367584,15030
SCA,9,10,2033,2495.7114971795495,195.7114971795495,15030
SCA,9,10,2034,2503.836131544645,203.836131544645,15030
SCA,9,10,2035,2475.5081724734882,175.50817247348823,15030
SCA,9,10,2036,2555.3966382119106,255.3966382119106,15030
SCA,9,10,2037,2599.8258364562653,299.8258364562653,15030
SCA,9,10,2038,2461.9046657869394,161.9046657869394,15030
SCA,9,10,2039,2402.364639131273,102.36463913127318,15030
SCA,9,10,2040,2571.4330028430622,271.43300284306224,15030
SCA,9,10,2041,2616.154809847658,316.1548098476578,15030
SCA,9,10,2042,2446.8336125836995,146.8336125836995,15030
SCA,9,10,2043,2645.334311800601,345.334311800601,15030
SCA,9,10,2044,2609.4626570970204,309.4626570970204,15030
SCA,9,10,2045,2736.3815254256842,436.38152542568423,15030
SCA,9,10,2046,2685.590971756879,385.59097175687884,15030
SCA,9,10,2047,2478.949336108378,178.9493361083778,15030
SCA,9,10,2048,2388.6373531926633,88.63735319266334,15030
SCA,9,10,2049,2426.4673508602964,126.46735086029639,15030
SCA,9,10,2050,2451.5181277575093,151.51812775750932,15030
SCA,9,10,2051,2489.109109512585,189.10910951258484,15030
SCA,9,10,2052,2559.4907640506444,259.49076405064443,15030
SCA,9,10,2053,2530.8711574533227,230.87115745332267,15030
SCA,9,10,2054,2639.1824301715455,339.18243017154555,15030
SCA,9,10,2055,2459.181334548583,159.18133454858298,15030
SCA,10,10,2026,2647.016504844638,247.0165048446379,15030
SCA,10,10,2027,2638.9599753144453,238.95997531444527,15030
SCA,10,10,2028,2640.6136736077297,240.61367360772965,15030
SCA,10,10,2029,2642.326510854635,242.32651085463522,15030
SCA,10,10,2030,2640.3736378497924,240.37363784979243,15030
SCA,10,10,2031,2637.7541001049212,237.75410010492124,15030
SCA,10,10,2032,2773.9125085067026,373.9125085067026,15030
SCA,10,10,2033,2639.7137231644574,239.7137231644574,15030
SCA,10,10,2034,2644.1983951880065,244.19839518800654,15030
SCA,10,10,2035,2641.4351289295714,241.43512892957142,15030
SCA,10,10,2036,2637.1753898410807,237.1753898410807,15030
SCA,10,10,2037,2640.9651442308623,240.96514423086228,15030
SCA,10,10,2038,2647.8318903279737,247.83189032797372,15030
SCA,10,10,2039,2639.2237969425883,239.22379694258825,15030
SCA,10,10,2040,2651.7287633743945,251.72876337439448,15030
SCA,10,10,2041,2637.991488631292,237.9914886312922,15030
SCA,10,10,2042,2646.223929552018,246.22392955201803,15030
SCA,10,10,2043,2641.0694682230796,241.06946822307964,15030
SCA,10,10,2044,2646.4350609688827,246.43506096888268,15030
SCA,10,10,2045,2647.461044556606,247.46104455660588,15030
SCA,10,10,2046,2640.013888120974,240.01388812097412,15030
SCA,10,10,2047,2640.826109313101,240.82610931310091,15030
SCA,10,10,2048,2639.7701403669457,239.77014036694572,15030
SCA,10,10,2049,2640.8684180002833,240.86841800028333,15030
SCA,10,10,2050,2640.1436475274354,240.1436475274354,15030
SCA,10,10,2051,2641.0642270862772,241.06422708627724,15030
SCA,10,10,2052,2641.722328534727,241.72232853472678,15030
SCA,10,10,2053,2641.8776204972396,241.8776204972396,15030
SCA,10,10,2054,2646.896203854528,246.8962038545278,15030
SCA,10,10,2055,2643.5394846776044,243.53948467760438,15030
SCA,11,10,2026,2625.857814609897,25.857814609897105,15030
SCA,11,10,2027,2632.2542605783465,32.254260578346475,15030
SCA,11,10,2028,2627.2745687334514,27.27456873345136,15030
SCA,11,10,2029,2624.989488187533,24.98948818753297,15030
SCA,11,10,2030,2641.444470436152,41.44447043615219,15030
SCA,11,10,2031,2626.634139242564,26.634139242563833,15030
SCA,11,10,2032,2627.4397727585924,27.439772758592426,15030
SCA,11,10,2033,2635.3392437226353,35.339243722635274,15030
SCA,11,10,2034,2634.0629122405157,34.06291224051574,15030
SCA,11,10,2035,2632.9067514242824,32.90675142428245,15030
SCA,11,10,2036,2631.7660782728144,31.76607827281441,15030
SCA,11,10,2037,2631.956656036961,31.956656036960794,15030
SCA,11,10,2038,2638.5439433659058,38.54394336590576,15030
SCA,11,10,2039,2624.768418817859,24.76841881785913,15030
SCA,11,10,2040,2618.920597067251,18.920597067251038,15030
SCA,11,10,2041,2636.058652747464,36.05865274746384,15030
SCA,11,10,2042,2633.8238020003187,33.823802000318665,15030
SCA,11,10,2043,2628.3292467568062,28.329246756806242,15030
SCA,11,10,2044,2635.6255228842374,35.6255228842374,15030
SCA,11,10,2045,2631.4601063835635,31.46010638356347,15030
SCA,11,10,2046,2634.8096965871096,34.809696587109556,15030
SCA,11,10,2047,2633.0869710594247,33.08697105942474,15030
SCA,11,10,2048,2639.580645648522,39.58064564852202,15030
SCA,11,10,2049,2632.1575129414155,32.15751294141546,15030
SCA,11,10,2050,2638.6023996801678,38.602399680167764,15030
SCA,11,10,2051,2627.9453608123886,27.94536081238857,15030
SCA,11,10,2052,2634.5178828510725,34.5178828510725,15030
SCA,11,10,2053,2641.211170010313,41.2111700103128,15030
SCA,11,10,2054,2629.8052345303904,29.805234530390408,15030
SCA,11,10,2055,2625.587360867669,25.58736086766885,15030
SCA,12,10,2026,2905.4843898270346,205.48438982703465,15030
SCA,12,10,2027,2932.1133230954015,232.11332309540148,15030
SCA,12,10,2028,2912.734238426837,212.73423842683678,15030
SCA,12,10,2029,2915.4937479381433,215.49374793814331,15030
SCA,12,10,2030,2892.2181804004254,192.21818040042535,15030
SCA,12,10,2031,2910.69513514925,210.69513514924984,15030
SCA,12,10,2032,2891.230549976758,191.23054997675808,15030
SCA,12,10,2033,2911.7231478818235,211.72314788182348,15030
SCA,12,10,2034,2907.403282900377,207.40328290037678,15030
SCA,12,10,2035,2918.529629393715,218.5296293937149,15030
SCA,12,10,2036,2929.392183456337,229.39218345633708,15030
SCA,12,10,2037,2895.658853203746,195.65885320374582,15030
SCA,12,10,2038,2925.745485684382,225.74548568438195,15030
SCA,12,10,2039,2919.080715904906,219.0807159049059,15030
SCA,12,10,2040,2908.7602598007006,208.76025980070062,15030
SCA,12,10,2041,2926.2560455659395,226.25604556593953,15030
SCA,12,10,2042,2926.671926043857,226.67192604385718,15030
SCA,12,10,2043,2919.8654124053874,219.86541240538736,15030
SCA,12,10,2044,2944.302689592541,244.3026895925409,15030
SCA,12,10,2045,2905.115492101407,205.1154921014072,15030
SCA,12,10,2046,2934.090775126097,234.09077512609701,15030
SCA,12,10,2047,2925.1680967924663,225.16809679246626,15030
SCA,12,10,2048,2934.5108538334175,234.5108538334175,15030
SCA,12,10,2049,2940.235888748543,240.23588874854295,15030
SCA,12,10,2050,2900.5810905203634,200.58109052036343,15030
SCA,12,10,2051,2929.1005534726073,229.10055347260732,15030
SCA,12,10,2052,2913.712304886166,213.71230488616584,15030
SCA,12,10,2053,2906.0392858919904,206.0392858919904,15030
SCA,12,10,2054,2921.9327482335666,221.9327482335666,15030
SCA,12,10,2055,2909.3015806794356,209.30158067943557,15030
LSHADE,1,10,2026,300.0,0.0,15030
LSHADE,1,10,2027,300.0,0.0,15030
LSHADE,1,10,2028,300.0,0.0,15030
LSHADE,1,10,2029,300.0,0.0,15030
LSHADE,1,10,2030,300.0,0.0,15030
LSHADE,1,10,2031,300.0,0.0,15030
LSHADE,1,10,2032,300.0,0.0,15030
LSHADE,1,10,2033,300.0,0.0,15030
LSHADE,1,10,2034,300.0,0.0,15030
LSHADE,1,10,2035,300.0,0.0,15030
LSHADE,1,10,2036,300.0,0.0,15030
LSHADE,1,10,2037,300.0,0.0,15030
LSHADE,1,10,2038,300.0,0.0,15030
LSHADE,1,10,2039,300.0,0.0,15030
LSHADE,1,10,2040,300.0,0.0,15030
LSHADE,1,10,2041,300.0,0.0,15030
LSHADE,1,10,2042,300.0,0.0,15030
LSHADE,1,10,2043,300.0,0.0,15030
LSHADE,1,10,2044,300.0,0.0,15030
LSHADE,1,10,2045,300.0,0.0,15030
LSHADE,1,10,2046,300.0,0.0,15030
LSHADE,1,10,2047,300.0,0.0,15030
LSHADE,1,10,2048,300.0,0.0,15030
LSHADE,1,10,2049,300.0,0.0,15030
LSHADE,1,10,2050,300.0,0.0,15030
LSHADE,1,10,2051,300.0,0.0,15030
LSHADE,1,10,2052,300.0,0.0,15030
LSHADE,1,10,2053,300.0,0.0,15030
LSHADE,1,10,2054,300.0,0.0,15030
LSHADE,1,10,2055,300.0,0.0,15030
LSHADE,2,10,2026,403.98657911242327,3.9865791124232715,15030
LSHADE,2,10,2027,400.00000000000006,5.684341886080802e-14,15030
LSHADE,2,10,2028,408.9161019277813,8.916101927781312,15030
LSHADE,2,10,2029,408.9161019277813,8.916101927781312,15030
LSHADE,2,10,2030,400.00000000000006,5.684341886080802e-14,15030
LSHADE,2,10,2031,400.0000000000252,2.518163455533795e-11,15030
LSHADE,2,10,2032,403.9865791123472,3.986579112347215,15030
LSHADE,2,10,2033,408.9161019277813,8.916101927781312,15030
LSHADE,2,10,2034,408.9161019277813,8.916101927781312,15030
LSHADE,2,10,2035,408.9161019277813,8.916101927781312,15030
LSHADE,2,10,2036,400.0,0.0,15030
LSHADE,2,10,2037,408.9161019277813,8.916101927781312,15030
LSHADE,2,10,2038,408.9161019277813,8.916101927781312,15030
LSHADE,2,10,2039,408.9161019277813,8.916101927781312,15030
LSHADE,2,10,2040,408.9161019277813,8.916101927781312,15030
LSHADE,2,10,2041,408.9161019277813,8.916101927781312,15030
LSHADE,2,10,2042,408.9161019277813,8.916101927781312,15030
LSHADE,2,10,2043,403.9865791123941,3.986579112394111,15030
LSHADE,2,10,2044,403.9865791123528,3.9865791123527856,15030
LSHADE,2,10,2045,400.0,0.0,15030
LSHADE,2,10,2046,408.9161019277813,8.916101927781312,15030
LSHADE,2,10,2047,408.9161019277813,8.916101927781312,15030
LSHADE,2,10,2048,408.9161019277813,8.916101927781312,15030
LSHADE,2,10,2049,408.9161019277813,8.916101927781312,15030
LSHADE,2,10,2050,403.98657911234716,3.986579112347158,15030
LSHADE,2,10,2051,403.98657911493257,3.9865791149325673,15030
LSHADE,2,10,2052,400.0,0.0,15030
LSHADE,2,10,2053,408.9161019277813,8.916101927781312,15030
LSHADE,2,10,2054,408.9161019277813,8.916101927781312,15030
LSHADE,2,10,2055,408.9161019277813,8.916101927781312,15030
LSHADE,3,10,2026,600.0,0.0,15030
LSHADE,3,10,2027,600.0,0.0,15030
LSHADE,3,10,2028,600.0,0.0,15030
LSHADE,3,10,2029,600.0,0.0,15030
LSHADE,3,10,2030,600.0,0.0,15030
LSHADE,3,10,2031,600.0,0.0,15030
LSHADE,3,10,2032,600.0,0.0,15030
LSHADE,3,10,2033,600.0,0.0,15030
LSHADE,3,10,2034,600.0,0.0,15030
LSHADE,3,10,2035,600.0,0.0,15030
LSHADE,3,10,2036,600.0,0.0,15030
LSHADE,3,10,2037,600.0,0.0,15030
LSHADE,3,10,2038,600.0,0.0,15030
LSHADE,3,10,2039,600.0,0.0,15030
LSHADE,3,10,2040,600.0,0.0,15030
LSHADE,3,10,2041,600.0,0.0,15030
LSHADE,3,10,2042,600.0,0.0,15030
LSHADE,3,10,2043,600.0,0.0,15030
LSHADE,3,10,2044,600.0,0.0,15030
LSHADE,3,10,2045,600.0,0.0,15030
LSHADE,3,10,2046,600.0,0.0,15030
LSHADE,3,10,2047,600.0,0.0,15030
LSHADE,3,10,2048,600.0,0.0,15030
LSHADE,3,10,2049,600.0,0.0,15030
LSHADE,3,10,2050,600.0,0.0,15030
LSHADE,3,10,2051,600.0,0.0,15030
LSHADE,3,10,2052,600.0,0.0,15030
LSHADE,3,10,2053,600.0,0.0,15030
LSHADE,3,10,2054,600.0,0.0,15030
LSHADE,3,10,2055,600.0,0.0,15030
LSHADE,4,10,2026,814.0164589750668,14.016458975066826,15030
LSHADE,4,10,2027,822.0913156682756,22.09131566827557,15030
LSHADE,4,10,2028,809.0295472832333,9.029547283233342,15030
LSHADE,4,10,2029,808.2182262640076,8.218226264007626,15030
LSHADE,4,10,2030,820.0020943174621,20.002094317462138,15030
LSHADE,4,10,2031,822.002996939588,22.002996939588,15030
LSHADE,4,10,2032,820.0079376207768,20.00793762077683,15030
LSHADE,4,10,2033,816.0287432551919,16.0287432551919,15030
LSHADE,4,10,2034,826.02058539065,26.020585390650012,15030
LSHADE,4,10,2035,812.2052807537948,12.205280753794796,15030
LSHADE,4,10,2036,814.3386701887414,14.33867018874139,15030
LSHADE,4,10,2037,812.0571243155332,12.057124315533201,15030
LSHADE,4,10,2038,824.053282994402,24.053282994402025,15030
LSHADE,4,10,2039,814.000256640328,14.000256640327962,15030
LSHADE,4,10,2040,820.0,20.0,15030
LSHADE,4,10,2041,814.0003301240735,14.000330124073457,15030
LSHADE,4,10,2042,808.2527941508333,8.252794150833324,15030
LSHADE,4,10,2043,820.004962778005,20.00496277800505,15030
LSHADE,4,10,2044,816.0006291263904,16.000629126390436,15030
LSHADE,4,10,2045,816.0000092077119,16.000009207711855,15030
LSHADE,4,10,2046,812.1956055963065,12.19560559630645,15030
LSHADE,4,10,2047,814.3307509761285,14.330750976128456,15030
LSHADE,4,10,2048,811.4094462224203,11.409446222420343,15030
LSHADE,4,10,2049,816.034892790327,16.034892790327035,15030
LSHADE,4,10,2050,814.060023970416,14.060023970415955,15030
LSHADE,4,10,2051,822.0014498830019,22.001449883001897,15030
LSHADE,4,10,2052,816.2206680410059,16.220668041005865,15030
LSHADE,4,10,2053,814.0004056776064,14.000405677606409,15030
LSHADE,4,10,2054,824.0000266702383,24.0000266702383,15030
LSHADE,4,10,2055,816.0737004874143,16.07370048741427,15030
LSHADE,5,10,2026,900.0,0.0,15030
LSHADE,5,10,2027,900.0,0.0,15030
LSHADE,5,10,2028,900.0,0.0,15030
LSHADE,5,10,2029,900.0,0.0,15030
LSHADE,5,10,2030,900.0,0.0,15030
LSHADE,5,10,2031,900.0,0.0,15030
LSHADE,5,10,2032,900.0,0.0,15030
LSHADE,5,10,2033,900.0,0.0,15030
LSHADE,5,10,2034,900.0,0.0,15030
LSHADE,5,10,2035,900.0,0.0,15030
LSHADE,5,10,2036,900.0,0.0,15030
LSHADE,5,10,2037,900.0,0.0,15030
LSHADE,5,10,2038,900.0,0.0,15030
LSHADE,5,10,2039,900.0,0.0,15030
LSHADE,5,10,2040,900.0,0.0,15030
LSHADE,5,10,2041,900.0,0.0,15030
LSHADE,5,10,2042,900.0,0.0,15030
LSHADE,5,10,2043,900.0,0.0,15030
LSHADE,5,10,2044,900.0,0.0,15030
LSHADE,5,10,2045,900.0,0.0,15030
LSHADE,5,10,2046,900.0,0.0,15030
LSHADE,5,10,2047,900.0,0.0,15030
LSHADE,5,10,2048,900.0,0.0,15030
LSHADE,5,10,2049,900.0,0.0,15030
LSHADE,5,10,2050,900.0,0.0,15030
LSHADE,5,10,2051,900.0,0.0,15030
LSHADE,5,10,2052,900.0,0.0,15030
LSHADE,5,10,2053,900.0,0.0,15030
LSHADE,5,10,2054,900.0,0.0,15030
LSHADE,5,10,2055,900.0,0.0,15030
LSHADE,6,10,2026,1800.2752593390458,0.2752593390457605,15030
LSHADE,6,10,2027,1801.3895011437128,1.3895011437127778,15030
LSHADE,6,10,2028,1802.3178013897284,2.3178013897284018,15030
LSHADE,6,10,2029,1800.099373170033,0.0993731700330045,15030
LSHADE,6,10,2030,1801.2898237507304,1.2898237507304202,15030
LSHADE,6,10,2031,1801.0565487140077,1.056548714007704,15030
LSHADE,6,10,2032,1805.1557548662086,5.155754866208554,15030
LSHADE,6,10,2033,1801.0586241822657,1.058624182265703,15030
LSHADE,6,10,2034,1825.3554890923508,25.35548909235081,15030
LSHADE,6,10,2035,1803.104877606783,3.1048776067830204,15030
LSHADE,6,10,2036,1802.1975670669,2.197567066900092,15030
LSHADE,6,10,2037,1802.2673658443073,2.267365844307278,15030
LSHADE,6,10,2038,1800.3933816342517,0.39338163425168204,15030
LSHADE,6,10,2039,1805.255604948515,5.255604948514929,15030
LSHADE,6,10,2040,1801.0438148701562,1.0438148701562113,15030
LSHADE,6,10,2041,1801.1824045290366,1.182404529036603,15030
LSHADE,6,10,2042,1801.7818407054108,1.7818407054107865,15030
LSHADE,6,10,2043,1801.1566278995608,1.1566278995608172,15030
LSHADE,6,10,2044,1800.319953931765,0.3199539317649851,15030
LSHADE,6,10,2045,1801.873711690541,1.8737116905410858,15030
LSHADE,6,10,2046,1801.5338042443238,1.5338042443238464,15030
LSHADE,6,10,2047,1800.9178719186893,0.9178719186893431,15030
LSHADE,6,10,2048,1800.4838843528191,0.4838843528191319,15030
LSHADE,6,10,2049,1800.268852664965,0.26885266496492477,15030
LSHADE,6,10,2050,1804.8918493264123,4.891849326412284,15030
LSHADE,6,10,2051,1804.2038203815252,4.203820381525247,15030
LSHADE,6,10,2052,1801.362708903704,1.3627089037040605,15030
LSHADE,6,10,2053,1800.1977660155064,0.19776601550643136,15030
LSHADE,6,10,2054,1800.7807932462795,0.7807932462794724,15030
LSHADE,6,10,2055,1809.41661316097,9.416613160969973,15030
LSHADE,7,10,2026,2022.705189651562,22.705189651562023,15030
LSHADE,7,10,2027,2005.6520880618166,5.652088061816585,15030
LSHADE,7,10,2028,2008.4123027374003,8.412302737400296,15030
LSHADE,7,10,2029,2020.8534359892221,20.853435989222135,15030
LSHADE,7,10,2030,2006.8222777445583,6.822277744558278,15030
LSHADE,7,10,2031,2017.2134972820538,17.213497282053822,15030
LSHADE,7,10,2032,2002.1780229233882,2.1780229233881983,15030
LSHADE,7,10,2033,2006.7376217164056,6.737621716405556,15030
LSHADE,7,10,2034,2005.5066001866226,5.506600186622563,15030
LSHADE,7,10,2035,2014.5430841642176,14.54308416421759,15030
LSHADE,7,10,2036,2008.4308404160747,8.430840416074716,15030
LSHADE,7,10,2037,2022.013660360327,22.013660360327094,15030
LSHADE,7,10,2038,2005.1220055151118,5.122005515111823,15030
LSHADE,7,10,2039,2009.245799481318,9.245799481318045,15030
LSHADE,7,10,2040,2015.6832868132235,15.683286813223503,15030
LSHADE,7,10,2041,2005.5871274108433,5.587127410843323,15030
LSHADE,7,10,2042,2007.384769554211,7.384769554211061,15030
LSHADE,7,10,2043,2006.372234009651,6.372234009651038,15030
LSHADE,7,10,2044,2004.645574237682,4.645574237682013,15030
LSHADE,7,10,2045,2009.4565465224036,9.456546522403642,15030
LSHADE,7,10,2046,2010.685436399644,10.685436399644004,15030
LSHADE,7,10,2047,2022.877164040109,22.877164040108937,15030
LSHADE,7,10,2048,2010.97911086089,10.979110860889932,15030
LSHADE,7,10,2049,2009.3293344723597,9.329334472359733,15030
LSHADE,7,10,2050,2008.860138627238,8.86013862723803,15030
LSHADE,7,10,2051,2021.6586631044975,21.658663104497464,15030
LSHADE,7,10,2052,2022.2742255272942,22.27422552729422,15030
LSHADE,7,10,2053,2002.8557326265877,2.8557326265877236,15030
LSHADE,7,10,2054,2021.3861656878294,21.38616568782936,15030
LSHADE,7,10,2055,2006.4974485536263,6.497448553626327,15030
LSHADE,8,10,2026,2221.6381675758844,21.63816757588438,15030
LSHADE,8,10,2027,2202.776159152326,2.7761591523258176,15030
LSHADE,8,10,2028,2202.93245583715,2.9324558371499734,15030
LSHADE,8,10,2029,2206.7060666938,6.7060666938000395,15030
LSHADE,8,10,2030,2207.718483122803,7.718483122802809,15030
LSHADE,8,10,2031,2207.259460192005,7.259460192005008,15030
LSHADE,8,10,2032,2203.479521575551,3.479521575551189,15030
LSHADE,8,10,2033,2202.525422555839,2.5254225558392136,15030
LSHADE,8,10,2034,2201.908941439231,1.9089414392310573,15030
LSHADE,8,10,2035,2218.938857728351,18.938857728351195,15030
LSHADE,8,10,2036,2222.0718032196273,22.071803219627327,15030
LSHADE,8,10,2037,2221.3391103770487,21.339110377048655,15030
LSHADE,8,10,2038,2221.906825679537,21.906825679537178,15030
LSHADE,8,10,2039,2222.8175622419612,22.81756224196124,15030
LSHADE,8,10,2040,2204.133172018268,4.133172018267942,15030
LSHADE,8,10,2041,2203.670110221616,3.6701102216161416,15030
LSHADE,8,10,2042,2207.8335173132064,7.833517313206357,15030
LSHADE,8,10,2043,2221.776598681806,21.776598681805808,15030
LSHADE,8,10,2044,2203.320536818997,3.3205368189969704,15030
LSHADE,8,10,2045,2221.8226163955787,21.822616395578734,15030
LSHADE,8,10,2046,2208.892083663592,8.892083663592075,15030
LSHADE,8,10,2047,2205.9820805067284,5.98208050672838,15030
LSHADE,8,10,2048,2206.28155711639,6.281557116390104,15030
LSHADE,8,10,2049,2203.2127889276226,3.2127889276225687,15030
LSHADE,8,10,2050,2222.190010098781,22.19001009878093,15030
LSHADE,8,10,2051,2221.9965798023363,21.996579802336328,15030
LSHADE,8,10,2052,2202.9384972599937,2.93849725999371,15030
LSHADE,8,10,2053,2222.868190657734,22.868190657733976,15030
LSHADE,8,10,2054,2202.6833136896134,2.683313689613442,15030
LSHADE,8,10,2055,2204.690397606413,4.690397606413171,15030
LSHADE,9,10,2026,2300.0000000000005,4.547473508864641e-13,15030
LSHADE,9,10,2027,2300.0000000000005,4.547473508864641e-13,15030
LSHADE,9,10,2028,2659.0943447803597,359.09434478035973,15030
LSHADE,9,10,2029,2300.0000000000005,4.547473508864641e-13,15030
LSHADE,9,10,2030,2300.0000000000005,4.547473508864641e-13,15030
LSHADE,9,10,2031,2300.0000000000005,4.547473508864641e-13,15030
LSHADE,9,10,2032,2659.0943447803593,359.0943447803593,15030
LSHADE,9,10,2033,2300.0000000000005,4.547473508864641e-13,15030
LSHADE,9,10,2034,2300.0000000000005,4.547473508864641e-13,15030
LSHADE,9,10,2035,2659.0943447803597,359.09434478035973,15030
LSHADE,9,10,2036,2659.0943447803593,359.0943447803593,15030
LSHADE,9,10,2037,2300.0000000000005,4.547473508864641e-13,15030
LSHADE,9,10,2038,2300.0000000000005,4.547473508864641e-13,15030
LSHADE,9,10,2039,2659.0943447803597,359.09434478035973,15030
LSHADE,9,10,2040,2300.0000000000005,4.547473508864641e-13,15030
LSHADE,9,10,2041,2300.0000000000005,4.547473508864641e-13,15030
LSHADE,9,10,2042,2300.0000000000005,4.547473508864641e-13,15030
LSHADE,9,10,2043,2300.0000000000005,4.547473508864641e-13,15030
LSHADE,9,10,2044,2300.0000000000005,4.547473508864641e-13,15030
LSHADE,9,10,2045,2300.0000000000005,4.547473508864641e-13,15030
LSHADE,9,10,2046,2659.09434478036,359.0943447803602,15030
LSHADE,9,10,2047,2659.0943447803593,359.0943447803593,15030
LSHADE,9,10,2048,2300.0000000000005,4.547473508864641e-13,15030
LSHADE,9,10,2049,2300.0000000000005,4.547473508864641e-13,15030
LSHADE,9,10,2050,2300.000000000001,9.094947017729282e-13,15030
LSHADE,9,10,2051,2659.0943447803597,359.09434478035973,15030
LSHADE,9,10,2052,2300.0000000000005,4.547473508864641e-13,15030
LSHADE,9,10,2053,2659.09434478036,359.0943447803602,15030
LSHADE,9,10,2054,2300.0000000000005,4.547473508864641e-13,15030
LSHADE,9,10,2055,2300.0000000000005,4.547473508864641e-13,15030
LSHADE,10,10,2026,2621.1220572825237,221.12205728252366,15030
LSHADE,10,10,2027,2622.1516506522958,222.15165065229576,15030
LSHADE,10,10,2028,2621.1220572825237,221.12205728252366,15030
LSHADE,10,10,2029,2620.8726497489793,220.87264974897926,15030
LSHADE,10,10,2030,2621.1220572825237,221.12205728252366,15030
LSHADE,10,10,2031,2622.1516506522958,222.15165065229576,15030
LSHADE,10,10,2032,2620.8726497489797,220.8726497489797,15030
LSHADE,10,10,2033,2622.4738766144164,222.47387661441644,15030
LSHADE,10,10,2034,2620.8726497489793,220.87264974897926,15030
LSHADE,10,10,2035,2620.8726497489797,220.8726497489797,15030
LSHADE,10,10,2036,2620.8726497489797,220.8726497489797,15030
LSHADE,10,10,2037,2622.4738766144164,222.47387661441644,15030
LSHADE,10,10,2038,2621.1220572825237,221.12205728252366,15030
LSHADE,10,10,2039,2714.805557540932,314.8055575409321,15030
LSHADE,10,10,2040,2620.8726497489797,220.8726497489797,15030
LSHADE,10,10,2041,2621.422552634427,221.42255263442712,15030
LSHADE,10,10,2042,2715.060011644088,315.0600116440878,15030
LSHADE,10,10,2043,2622.4738766144164,222.47387661441644,15030
LSHADE,10,10,2044,2622.1516506522958,222.15165065229576,15030
LSHADE,10,10,2045,2622.5376874926988,222.53768749269875,15030
LSHADE,10,10,2046,2621.1220572825237,221.12205728252366,15030
LSHADE,10,10,2047,2621.1220572825237,221.12205728252366,15030
LSHADE,10,10,2048,2622.1516506522958,222.15165065229576,15030
LSHADE,10,10,2049,2621.122057282524,221.1220572825241,15030
LSHADE,10,10,2050,2621.1220572825237,221.12205728252366,15030
LSHADE,10,10,2051,2620.8726497489797,220.8726497489797,15030
LSHADE,10,10,2052,2620.8726497489793,220.87264974897926,15030
LSHADE,10,10,2053,2620.8726497489797,220.8726497489797,15030
LSHADE,10,10,2054,2621.1220572825237,221.12205728252366,15030
LSHADE,10,10,2055,2622.5376874926988,222.53768749269875,15030
LSHADE,11,10,2026,2600.0,0.0,15030
LSHADE,11,10,2027,2600.0,0.0,15030
LSHADE,11,10,2028,2600.0000000000005,4.547473508864641e-13,15030
LSHADE,11,10,2029,2600.0000000000005,4.547473508864641e-13,15030
LSHADE,11,10,2030,2600.0000000000005,4.547473508864641e-13,15030
LSHADE,11,10,2031,2600.0000000000005,4.547473508864641e-13,15030
LSHADE,11,10,2032,2600.0000000000005,4.547473508864641e-13,15030
LSHADE,11,10,2033,2600.0000000000005,4.547473508864641e-13,15030
LSHADE,11,10,2034,2600.0000000000005,4.547473508864641e-13,15030
LSHADE,11,10,2035,2600.000000000001,9.094947017729282e-13,15030
LSHADE,11,10,2036,2600.0000000000005,4.547473508864641e-13,15030
LSHADE,11,10,2037,2600.0000000000005,4.547473508864641e-13,15030
LSHADE,11,10,2038,2600.0,0.0,15030
LSHADE,11,10,2039,2600.0000000000005,4.547473508864641e-13,15030
LSHADE,11,10,2040,2600.0000000000005,4.547473508864641e-13,15030
LSHADE,11,10,2041,2600.0000000000005,4.547473508864641e-13,15030
LSHADE,11,10,2042,2600.0000000000005,4.547473508864641e-13,15030
LSHADE,11,10,2043,2600.0000000000005,4.547473508864641e-13,15030
LSHADE,11,10,2044,2600.0000000000005,4.547473508864641e-13,15030
LSHADE,11,10,2045,2600.0000000000005,4.547473508864641e-13,15030
LSHADE,11,10,2046,2600.0,0.0,15030
LSHADE,11,10,2047,2600.0000000000005,4.547473508864641e-13,15030
LSHADE,11,10,2048,2600.0,0.0,15030
LSHADE,11,10,2049,2600.0000000000005,4.547473508864641e-13,15030
LSHADE,11,10,2050,2600.0000000000005,4.547473508864641e-13,15030
LSHADE,11,10,2051,2600.0000000000005,4.547473508864641e-13,15030
LSHADE,11,10,2052,2600.0000000000005,4.547473508864641e-13,15030
LSHADE,11,10,2053,2600.0000000000005,4.547473508864641e-13,15030
LSHADE,11,10,2054,2600.0000000000005,4.547473508864641e-13,15030
LSHADE,11,10,2055,2600.0000000000005,4.547473508864641e-13,15030
LSHADE,12,10,2026,2866.3875864598954,166.38758645989537,15030
LSHADE,12,10,2027,2866.447017988741,166.4470179887412,15030
LSHADE,12,10,2028,2866.218180223578,166.2181802235782,15030
LSHADE,12,10,2029,2866.3875722193006,166.38757221930064,15030
LSHADE,12,10,2030,2865.891756877162,165.89175687716215,15030
LSHADE,12,10,2031,2866.3728449218193,166.37284492181925,15030
LSHADE,12,10,2032,2864.4735296172657,164.47352961726574,15030
LSHADE,12,10,2033,2865.8917568812108,165.89175688121077,15030
LSHADE,12,10,2034,2864.473526101797,164.47352610179678,15030
LSHADE,12,10,2035,2863.8376558490495,163.8376558490495,15030
LSHADE,12,10,2036,2865.8917569195432,165.89175691954324,15030
LSHADE,12,10,2037,2865.89175699249,165.89175699249017,15030
LSHADE,12,10,2038,2864.473532100978,164.473532100978,15030
LSHADE,12,10,2039,2865.8917579354434,165.89175793544337,15030
LSHADE,12,10,2040,2866.372846048233,166.372846048233,15030
LSHADE,12,10,2041,2865.8917579657214,165.89175796572135,15030
LSHADE,12,10,2042,2864.0271382350625,164.02713823506247,15030
LSHADE,12,10,2043,2864.4735196471506,164.47351964715062,15030
LSHADE,12,10,2044,2864.4735252326377,164.4735252326377,15030
LSHADE,12,10,2045,2864.8975475919583,164.8975475919583,15030
LSHADE,12,10,2046,2864.473523539371,164.47352353937094,15030
LSHADE,12,10,2047,2864.4738077046977,164.47380770469772,15030
LSHADE,12,10,2048,2866.3728459406016,166.37284594060156,15030
LSHADE,12,10,2049,2865.8917568919574,165.89175689195736,15030
LSHADE,12,10,2050,2865.891756888209,165.89175688820887,15030
LSHADE,12,10,2051,2864.4737747168397,164.47377471683967,15030
LSHADE,12,10,2052,2864.473519986748,164.47351998674822,15030
LSHADE,12,10,2053,2865.89175687733,165.89175687732995,15030
LSHADE,12,10,2054,2865.4249521516003,165.42495215160034,15030
LSHADE,12,10,2055,2864.013945460846,164.01394546084612,15030
EAO,1,20,2026,305.5938471136238,5.593847113623781,15030
EAO,1,20,2027,364.24718897219117,64.24718897219117,15030
EAO,1,20,2028,308.12977172681997,8.129771726819968,15030
EAO,1,20,2029,301.5769646805653,1.576964680565311,15030
EAO,1,20,2030,314.8919787920776,14.891978792077623,15030
EAO,1,20,2031,302.760904944012,2.7609049440119975,15030
EAO,1,20,2032,310.9614503643411,10.96145036434109,15030
EAO,1,20,2033,422.39400052824413,122.39400052824413,15030
EAO,1,20,2034,303.7178994124959,3.7178994124959104,15030
EAO,1,20,2035,301.1559255742438,1.1559255742437813,15030
EAO,1,20,2036,682.16976491317,382.16976491316996,15030
EAO,1,20,2037,317.3905383004794,17.39053830047942,15030
EAO,1,20,2038,303.1502045843781,3.150204584378116,15030
EAO,1,20,2039,312.4105659373542,12.410565937354193,15030
EAO,1,20,2040,301.6810112586429,1.6810112586429113,15030
EAO,1,20,2041,331.21615168853094,31.216151688530942,15030
EAO,1,20,2042,330.0079339561798,30.007933956179784,15030
EAO,1,20,2043,317.56678664717117,17.56678664717117,15030
EAO,1,20,2044,416.10707253259807,116.10707253259807,15030
EAO,1,20,2045,313.5668405537984,13.566840553798386,15030
EAO,1,20,2046,364.3338039813485,64.33380398134852,15030
EAO,1,20,2047,302.03920204613996,2.0392020461399625,15030
EAO,1,20,2048,306.8832814167994,6.883281416799377,15030
EAO,1,20,2049,366.0279961694492,66.02799616944918,15030
EAO,1,20,2050,309.26097205210846,9.260972052108457,15030
EAO,1,20,2051,302.0023179916753,2.002317991675284,15030
EAO,1,20,2052,353.1852940084446,53.1852940084446,15030
EAO,1,20,2053,302.1014783822645,2.1014783822644745,15030
EAO,1,20,2054,347.83301452022937,47.83301452022937,15030
EAO,1,20,2055,314.61231464150325,14.612314641503247,15030
EAO,2,20,2026,474.30311391806003,74.30311391806003,15030
EAO,2,20,2027,445.1268501660694,45.1268501660694,15030
EAO,2,20,2028,473.0312477309035,73.03124773090349,15030
EAO,2,20,2029,450.9670418596577,50.967041859657684,15030
EAO,2,20,2030,437.70702247695476,37.70702247695476,15030
EAO,2,20,2031,452.82557869579614,52.82557869579614,15030
EAO,2,20,2032,452.76524320626885,52.76524320626885,15030
EAO,2,20,2033,453.2213588637794,53.221358863779415,15030
EAO,2,20,2034,449.75533444276994,49.755334442769936,15030
EAO,2,20,2035,471.79635410339074,71.79635410339074,15030
EAO,2,20,2036,474.36378374770055,74.36378374770055,15030
EAO,2,20,2037,473.63333320320174,73.63333320320174,15030
EAO,2,20,2038,450.66989654289404,50.66989654289404,15030
EAO,2,20,2039,502.6113211459763,102.61132114597632,15030
EAO,2,20,2040,474.1878499449963,74.18784994499629,15030
EAO,2,20,2041,454.4992587975166,54.499258797516575,15030
EAO,2,20,2042,454.0132508908598,54.01325089085981,15030
EAO,2,20,2043,475.5299342057879,75.52993420578792,15030
EAO,2,20,2044,447.206042328287,47.206042328287026,15030
EAO,2,20,2045,470.2307951813913,70.23079518139127,15030
EAO,2,20,2046,467.61009447883504,67.61009447883504,15030
EAO,2,20,2047,475.50633527230696,75.50633527230696,15030
EAO,2,20,2048,455.26982939468843,55.26982939468843,15030
EAO,2,20,2049,574.8925272991942,174.89252729919417,15030
EAO,2,20,2050,451.52346276771755,51.52346276771755,15030
EAO,2,20,2051,471.6554437690871,71.65544376908713,15030
EAO,2,20,2052,476.5930871342225,76.59308713422251,15030
EAO,2,20,2053,473.1063087387282,73.10630873872822,15030
EAO,2,20,2054,470.3978093370049,70.3978093370049,15030
EAO,2,20,2055,472.7230384547167,72.72303845471669,15030
EAO,3,20,2026,600.000195569466,0.00019556946597276692,15030
EAO,3,20,2027,600.0005951740544,0.0005951740544105633,15030
EAO,3,20,2028,600.0001108056152,0.00011080561523613142,15030
EAO,3,20,2029,600.0000136720784,1.3672078353010875e-05,15030
EAO,3,20,2030,600.000008059483,8.05948297966097e-06,15030
EAO,3,20,2031,600.000001290004,1.2900039791929885e-06,15030
EAO,3,20,2032,600.0000038197791,3.819779067271156e-06,15030
EAO,3,20,2033,600.0000053919417,5.391941726884397e-06,15030
EAO,3,20,2034,600.0005779047834,0.0005779047834266748,15030
EAO,3,20,2035,600.0000475691359,4.756913585879374e-05,15030
EAO,3,20,2036,600.0000765860245,7.658602453375352e-05,15030
EAO,3,20,2037,600.0022431688622,0.002243168862150924,15030
EAO,3,20,2038,600.0005439475503,0.0005439475503408175,15030
EAO,3,20,2039,600.0000107640459,1.0764045896394236e-05,15030
EAO,3,20,2040,600.0000673746065,6.737460648764682e-05,15030
EAO,3,20,2041,600.0000345430758,3.4543075798865175e-05,15030
EAO,3,20,2042,600.0000037386943,3.7386943176898058e-06,15030
EAO,3,20,2043,600.0002122574782,0.00021225747821063123,15030
EAO,3,20,2044,600.0000235712378,2.3571237761643715e-05,15030
EAO,3,20,2045,600.000003665048,3.665047984213743e-06,15030
EAO,3,20,2046,600.0001654779618,0.00016547796178656426,15030
EAO,3,20,2047,600.0001837656774,0.00018376567743416672,15030
EAO,3,20,2048,600.0000678484757,6.784847573726438e-05,15030
EAO,3,20,2049,600.0000440855725,4.408557254009793e-05,15030
EAO,3,20,2050,600.0001628509453,0.00016285094534396194,15030
EAO,3,20,2051,600.0000120976733,1.2097673334210413e-05,15030
EAO,3,20,2052,600.000136321602,0.00013632160198540078,15030
EAO,3,20,2053,600.0000094723209,9.472320925851818e-06,15030
EAO,3,20,2054,600.0000111702267,1.1170226684953377e-05,15030
EAO,3,20,2055,600.0000908632896,9.086328964258428e-05,15030
EAO,4,20,2026,1009.2837737203574,209.28377372035743,15030
EAO,4,20,2027,965.6190590241075,165.61905902410751,15030
EAO,4,20,2028,993.7857287241588,193.78572872415884,15030
EAO,4,20,2029,976.4219030915268,176.42190309152681,15030
EAO,4,20,2030,963.0484965669605,163.04849656696047,15030
EAO,4,20,2031,1018.6862116739683,218.68621167396827,15030
EAO,4,20,2032,1011.5929297025918,211.59292970259185,15030
EAO,4,20,2033,1029.4249392989204,229.42493929892044,15030
EAO,4,20,2034,997.8948399805221,197.89483998052208,15030
EAO,4,20,2035,1003.5646873862945,203.5646873862945,15030
EAO,4,20,2036,1046.750060149215,246.75006014921496,15030
EAO,4,20,2037,1018.2184968631939,218.21849686319388,15030
EAO,4,20,2038,993.2269558844978,193.22695588449778,15030
EAO,4,20,2039,1025.6257279183956,225.62572791839557,15030
EAO,4,20,2040,1013.0196105597997,213.01961055979973,15030
EAO,4,20,2041,998.6290138304626,198.62901383046255,15030
EAO,4,20,2042,1062.2556635305382,262.2556635305382,15030
EAO,4,20,2043,973.0063179847057,173.00631798470567,15030
EAO,4,20,2044,963.953617296266,163.95361729626597,15030
EAO,4,20,2045,1026.1877988723872,226.18779887238725,15030
EAO,4,20,2046,1005.332924985237,205.332924985237,15030
EAO,4,20,2047,979.750740378672,179.75074037867205,15030
EAO,4,20,2048,988.5660413145953,188.56604131459528,15030
EAO,4,20,2049,991.6964352063429,191.69643520634293,15030
EAO,4,20,2050,996.5357263812421,196.53572638124206,15030
EAO,4,20,2051,1021.3984959912791,221.3984959912791,15030
EAO,4,20,2052,984.4320509078298,184.43205090782976,15030
EAO,4,20,2053,980.812376928664,180.81237692866398,15030
EAO,4,20,2054,1043.7085045092517,243.70850450925172,15030
EAO,4,20,2055,1025.1977192732043,225.19771927320426,15030
EAO,5,20,2026,900.5389316692085,0.5389316692085231,15030
EAO,5,20,2027,900.1023806727296,0.10238067272962326,15030
EAO,5,20,2028,901.8292590978361,1.8292590978361432,15030
EAO,5,20,2029,900.4681187510547,0.46811875105470335,15030
EAO,5,20,2030,900.6404545710301,0.6404545710300908,15030
EAO,5,20,2031,900.5477759520214,0.5477759520214249,15030
EAO,5,20,2032,901.3648901630884,1.3648901630883756,15030
EAO,5,20,2033,900.0199155597594,0.019915559759397183,15030
EAO,5,20,2034,901.1835104133752,1.1835104133751884,15030
EAO,5,20,2035,901.0941314310094,1.094131431009373,15030
EAO,5,20,2036,902.5423637949212,2.5423637949212434,15030
EAO,5,20,2037,900.8077465670308,0.8077465670307902,15030
EAO,5,20,2038,900.186044247774,0.18604424777402073,15030
EAO,5,20,2039,900.4563762352774,0.45637623527738924,15030
EAO,5,20,2040,901.0203120643281,1.0203120643280954,15030
EAO,5,20,2041,900.0907515283627,0.09075152836271627,15030
EAO,5,20,2042,900.3964021046199,0.39640210461993775,15030
EAO,5,20,2043,900.0170099892198,0.017009989219786803,15030
EAO,5,20,2044,901.1802128448442,1.1802128448441636,15030
EAO,5,20,2045,901.177604597162,1.1776045971620306,15030
EAO,5,20,2046,901.399437457185,1.3994374571849448,15030
EAO,5,20,2047,901.2692649084844,1.2692649084843879,15030
EAO,5,20,2048,901.0129343909235,1.012934390923533,15030
EAO,5,20,2049,900.7015489697246,0.7015489697246267,15030
EAO,5,20,2050,900.3611002311175,0.3611002311174616,15030
EAO,5,20,2051,901.276774259953,1.2767742599529583,15030
EAO,5,20,2052,900.1861918406278,0.18619184062777094,15030
EAO,5,20,2053,901.671089526631,1.6710895266310217,15030
EAO,5,20,2054,900.6384701903996,0.6384701903996302,15030
EAO,5,20,2055,901.1797882556327,1.1797882556327295,15030
EAO,6,20,2026,34832.49122246399,33032.49122246399,15030
EAO,6,20,2027,37256.369541787906,35456.369541787906,15030
EAO,6,20,2028,71682.12954943882,69882.12954943882,15030
EAO,6,20,2029,49526.11799073531,47726.11799073531,15030
EAO,6,20,2030,31825.8066696959,30025.8066696959,15030
EAO,6,20,2031,74141.33704946586,72341.33704946586,15030
EAO,6,20,2032,61313.3621714287,59513.3621714287,15030
EAO,6,20,2033,23421.127683414154,21621.127683414154,15030
EAO,6,20,2034,78459.35180661191,76659.35180661191,15030
EAO,6,20,2035,53915.74385217885,52115.74385217885,15030
EAO,6,20,2036,49562.21589686686,47762.21589686686,15030
EAO,6,20,2037,59299.18199724501,57499.18199724501,15030
EAO,6,20,2038,64359.85360301344,62559.85360301344,15030
EAO,6,20,2039,42267.12151334945,40467.12151334945,15030
EAO,6,20,2040,48932.935944749304,47132.935944749304,15030
EAO,6,20,2041,50259.08921568052,48459.08921568052,15030
EAO,6,20,2042,53794.15187156275,51994.15187156275,15030
EAO,6,20,2043,42063.548228044856,40263.548228044856,15030
EAO,6,20,2044,38002.66291371183,36202.66291371183,15030
EAO,6,20,2045,48970.65128671513,47170.65128671513,15030
EAO,6,20,2046,77583.80320976942,75783.80320976942,15030
EAO,6,20,2047,46689.707437650635,44889.707437650635,15030
EAO,6,20,2048,56017.76901541901,54217.76901541901,15030
EAO,6,20,2049,35030.04941808259,33230.04941808259,15030
EAO,6,20,2050,41781.20987135325,39981.20987135325,15030
EAO,6,20,2051,59550.44147081852,57750.44147081852,15030
EAO,6,20,2052,31842.08017039601,30042.08017039601,15030
EAO,6,20,2053,39699.953660162675,37899.953660162675,15030
EAO,6,20,2054,39723.41375442406,37923.41375442406,15030
EAO,6,20,2055,50691.00399532211,48891.00399532211,15030
EAO,7,20,2026,2042.3870136103246,42.38701361032463,15030
EAO,7,20,2027,2046.2571389200393,46.257138920039324,15030
EAO,7,20,2028,2139.308024348296,139.30802434829593,15030
EAO,7,20,2029,2090.9463111187188,90.94631111871877,15030
EAO,7,20,2030,2073.1869881620346,73.1869881620346,15030
EAO,7,20,2031,2061.286357440519,61.28635744051917,15030
EAO,7,20,2032,2077.4480220464347,77.44802204643474,15030
EAO,7,20,2033,2051.0165289307747,51.01652893077471,15030
EAO,7,20,2034,2139.1898032991357,139.18980329913575,15030
EAO,7,20,2035,2056.3226299965145,56.32262999651448,15030
EAO,7,20,2036,2043.4079940383638,43.40799403836377,15030
EAO,7,20,2037,2057.266243031928,57.26624303192784,15030
EAO,7,20,2038,2047.5362007030153,47.53620070301531,15030
EAO,7,20,2039,2093.568479430578,93.56847943057801,15030
EAO,7,20,2040,2053.8289889840567,53.82898898405665,15030
EAO,7,20,2041,2047.9942825875487,47.994282587548696,15030
EAO,7,20,2042,2074.721799533364,74.72179953336399,15030
EAO,7,20,2043,2050.2880848097884,50.288084809788415,15030
EAO,7,20,2044,2059.340100588848,59.340100588848145,15030
EAO,7,20,2045,2052.1754074987302,52.17540749873024,15030
EAO,7,20,2046,2052.6245167908805,52.624516790880534,15030
EAO,7,20,2047,2160.5712624052785,160.5712624052785,15030
EAO,7,20,2048,2065.4209960583044,65.42099605830435,15030
EAO,7,20,2049,2041.5563134987017,41.556313498701684,15030
EAO,7,20,2050,2040.6556840052847,40.655684005284684,15030
EAO,7,20,2051,2062.0274870405615,62.02748704056148,15030
EAO,7,20,2052,2057.9334682693807,57.93346826938068,15030
EAO,7,20,2053,2074.942023589487,74.94202358948678,15030
EAO,7,20,2054,2060.556031299657,60.55603129965721,15030
EAO,7,20,2055,2038.5260263561772,38.526026356177226,15030
EAO,8,20,2026,2309.041373450779,109.04137345077879,15030
EAO,8,20,2027,2247.6361310272855,47.6361310272855,15030
EAO,8,20,2028,2239.3726281383347,39.372628138334676,15030
EAO,8,20,2029,2239.315303895831,39.31530389583122,15030
EAO,8,20,2030,2237.8127733631477,37.8127733631477,15030
EAO,8,20,2031,2233.126886002613,33.12688600261299,15030
EAO,8,20,2032,2248.6246185105906,48.62461851059061,15030
EAO,8,20,2033,2308.1305624843453,108.13056248434532,15030
EAO,8,20,2034,2232.250430359306,32.25043035930594,15030
EAO,8,20,2035,2228.376113763441,28.376113763441026,15030
EAO,8,20,2036,2237.0576013707955,37.05760137079551,15030
EAO,8,20,2037,2234.266495982118,34.26649598211816,15030
EAO,8,20,2038,2234.717481118044,34.71748111804391,15030
EAO,8,20,2039,2348.67333035253,148.67333035252977,15030
EAO,8,20,2040,2255.7498735128797,55.74987351287973,15030
EAO,8,20,2041,2231.7902792866253,31.790279286625264,15030
EAO,8,20,2042,2231.2533590354205,31.253359035420544,15030
EAO,8,20,2043,2243.637621374689,43.63762137468893,15030
EAO,8,20,2044,2296.3982884121656,96.39828841216558,15030
EAO,8,20,2045,2701.095039478255,501.0950394782549,15030
EAO,8,20,2046,2237.9688855848126,37.9688855848126,15030
EAO,8,20,2047,2292.4796573412896,92.47965734128957,15030
EAO,8,20,2048,2232.790346750158,32.79034675015782,15030
EAO,8,20,2049,2243.0065169523127,43.00651695231272,15030
EAO,8,20,2050,2237.1083647279966,37.10836472799656,15030
EAO,8,20,2051,2240.335285920049,40.335285920049046,15030
EAO,8,20,2052,2235.9658950699454,35.96589506994542,15030
EAO,8,20,2053,2270.4031540246174,70.40315402461738,15030
EAO,8,20,2054,2233.2442765796286,33.244276579628604,15030
EAO,8,20,2055,2379.614395001592,179.61439500159213,15030
EAO,9,20,2026,2662.7798085168106,362.7798085168106,15030
EAO,9,20,2027,2636.232534940088,336.23253494008804,15030
EAO,9,20,2028,2650.226163614857,350.2261636148569,15030
EAO,9,20,2029,2644.9124538132032,344.91245381320323,15030
EAO,9,20,2030,2639.40634306031,339.40634306031006,15030
EAO,9,20,2031,2658.426117460908,358.4261174609078,15030
EAO,9,20,2032,2643.7185943809245,343.7185943809245,15030
EAO,9,20,2033,2640.4846886854853,340.48468868548525,15030
EAO,9,20,2034,2652.8732749274595,352.87327492745953,15030
EAO,9,20,2035,2637.2644084767526,337.2644084767526,15030
EAO,9,20,2036,2657.4521664520134,357.45216645201344,15030
EAO,9,20,2037,2638.1784475584022,338.17844755840224,15030
EAO,9,20,2038,2645.6661229324936,345.66612293249364,15030
EAO,9,20,2039,2640.421557299334,340.4215572993339,15030
EAO,9,20,2040,2647.099552067133,347.0995520671331,15030
EAO,9,20,2041,2655.503284287668,355.50328428766807,15030
EAO,9,20,2042,2636.5604295993953,336.5604295993953,15030
EAO,9,20,2043,2640.0980264260174,340.09802642601744,15030
EAO,9,20,2044,2649.5879314334093,349.58793143340927,15030
EAO,9,20,2045,2641.349448021806,341.349448021806,15030
EAO,9,20,2046,2641.895039091242,341.89503909124187,15030
EAO,9,20,2047,2642.1730374870303,342.17303748703034,15030
EAO,9,20,2048,2643.525000051912,343.5250000519118,15030
EAO,9,20,2049,2667.252238001081,367.25223800108097,15030
EAO,9,20,2050,2662.772201716126,362.7722017161259,15030
EAO,9,20,2051,2644.4080858605403,344.40808586054027,15030
EAO,9,20,2052,2648.6245200831836,348.6245200831836,15030
EAO,9,20,2053,2636.6686196052824,336.6686196052824,15030
EAO,9,20,2054,2650.2595233616753,350.2595233616753,15030
EAO,9,20,2055,2640.278573385868,340.2785733858682,15030
EAO,10,20,2026,6497.545449948791,4097.545449948791,15030
EAO,10,20,2027,3015.5920096220984,615.5920096220984,15030
EAO,10,20,2028,2816.7627700042813,416.76277000428126,15030
EAO,10,20,2029,2918.569731757058,518.569731757058,15030
EAO,10,20,2030,3056.3979158526727,656.3979158526727,15030
EAO,10,20,2031,2818.9939135858085,418.9939135858085,15030
EAO,10,20,2032,2838.8574446976236,438.8574446976236,15030
EAO,10,20,2033,2806.9435003214826,406.9435003214826,15030
EAO,10,20,2034,2809.6238169348294,409.6238169348294,15030
EAO,10,20,2035,2805.359007257374,405.35900725737383,15030
EAO,10,20,2036,2813.2125412793166,413.2125412793166,15030
EAO,10,20,2037,2970.4136063427895,570.4136063427895,15030
EAO,10,20,2038,2811.7763207048965,411.77632070489653,15030
EAO,10,20,2039,6842.249653248073,4442.249653248073,15030
EAO,10,20,2040,2807.1377880703285,407.1377880703285,15030
EAO,10,20,2041,2813.797552668912,413.797552668912,15030
EAO,10,20,2042,2915.19280747611,515.1928074761099,15030
EAO,10,20,2043,3021.065703589158,621.0657035891581,15030
EAO,10,20,2044,6198.104576561262,3798.1045765612616,15030
EAO,10,20,2045,7218.05937189245,4818.05937189245,15030
EAO,10,20,2046,2816.361510089352,416.3615100893521,15030
EAO,10,20,2047,2815.6458183178465,415.64581831784653,15030
EAO,10,20,2048,2810.2205579495526,410.2205579495526,15030
EAO,10,20,2049,2810.056922388858,410.05692238885786,15030
EAO,10,20,2050,6351.981054150687,3951.9810541506868,15030
EAO,10,20,2051,2811.131356618113,411.13135661811293,15030
EAO,10,20,2052,7234.709778738651,4834.709778738651,15030
EAO,10,20,2053,7164.1829748147375,4764.1829748147375,15030
EAO,10,20,2054,2818.1762645254807,418.17626452548075,15030
EAO,10,20,2055,2968.990894234118,568.9908942341181,15030
EAO,11,20,2026,2615.9829511715648,15.982951171564764,15030
EAO,11,20,2027,2605.465348515121,5.46534851512115,15030
EAO,11,20,2028,2604.177535893224,4.177535893224103,15030
EAO,11,20,2029,4138.217140778384,1538.2171407783844,15030
EAO,11,20,2030,2601.5617613034865,1.5617613034864917,15030
EAO,11,20,2031,2621.3775943210826,21.377594321082597,15030
EAO,11,20,2032,2600.477755393273,0.477755393273128,15030
EAO,11,20,2033,2602.333099327481,2.333099327480795,15030
EAO,11,20,2034,2600.8913484207415,0.8913484207414513,15030
EAO,11,20,2035,2600.991388975774,0.9913889757740435,15030
EAO,11,20,2036,2604.076410507245,4.076410507244873,15030
EAO,11,20,2037,2611.7420735191595,11.742073519159476,15030
EAO,11,20,2038,2610.068309050237,10.068309050237076,15030
EAO,11,20,2039,2600.482418135355,0.48241813535514666,15030
EAO,11,20,2040,2605.0818668371335,5.081866837133475,15030
EAO,11,20,2041,2616.041369164837,16.04136916483685,15030
EAO,11,20,2042,2605.27345640994,5.273456409940081,15030
EAO,11,20,2043,2600.147070730507,0.14707073050703912,15030
EAO,11,20,2044,2600.490131295601,0.49013129560080415,15030
EAO,11,20,2045,2600.8780058617895,0.878005861789461,15030
EAO,11,20,2046,2611.54010458814,11.540104588139911,15030
EAO,11,20,2047,2627.6276978453307,27.62769784533066,15030
EAO,11,20,2048,2601.510447436588,1.5104474365880378,15030
EAO,11,20,2049,2610.539706972512,10.539706972511794,15030
EAO,11,20,2050,2617.2372914694115,17.237291469411502,15030
EAO,11,20,2051,2606.073436896311,6.073436896310795,15030
EAO,11,20,2052,2609.91252665068,9.912526650679865,15030
EAO,11,20,2053,4146.812237839072,1546.8122378390717,15030
EAO,11,20,2054,2603.1206529890237,3.1206529890237107,15030
EAO,11,20,2055,2602.326300251938,2.326300251937937,15030
EAO,12,20,2026,2967.0274598740143,267.0274598740143,15030
EAO,12,20,2027,2944.902488495208,244.90248849520822,15030
EAO,12,20,2028,3000.0938417793523,300.09384177935226,15030
EAO,12,20,2029,2967.5911742500703,267.59117425007025,15030
EAO,12,20,2030,2949.3109250720913,249.31092507209132,15030
EAO,12,20,2031,2956.4176672156686,256.41766721566864,15030
EAO,12,20,2032,2956.9560434700506,256.95604347005064,15030
EAO,12,20,2033,2973.23487114908,273.23487114907994,15030
EAO,12,20,2034,3048.962411606483,348.9624116064829,15030
EAO,12,20,2035,2956.745961441552,256.745961441552,15030
EAO,12,20,2036,3036.604049976399,336.604049976399,15030
EAO,12,20,2037,2953.4628284293885,253.46282842938854,15030
EAO,12,20,2038,2988.8625705733043,288.8625705733043,15030
EAO,12,20,2039,2972.025794760548,272.0257947605478,15030
EAO,12,20,2040,2961.1583489676477,261.1583489676477,15030
EAO,12,20,2041,2946.4944204001717,246.49442040017175,15030
EAO,12,20,2042,2995.6326288479445,295.6326288479445,15030
EAO,12,20,2043,2971.764852748747,271.7648527487472,15030
EAO,12,20,2044,2976.001378786164,276.00137878616397,15030
EAO,12,20,2045,2971.51393978146,271.51393978146007,15030
EAO,12,20,2046,3272.2983998359227,572.2983998359227,15030
EAO,12,20,2047,3022.766176970098,322.76617697009806,15030
EAO,12,20,2048,3018.9550634039438,318.95506340394377,15030
EAO,12,20,2049,2991.4748551838147,291.4748551838147,15030
EAO,12,20,2050,2978.883815066581,278.88381506658106,15030
EAO,12,20,2051,2948.1473591280565,248.14735912805645,15030
EAO,12,20,2052,3015.9752452515318,315.97524525153176,15030
EAO,12,20,2053,2948.2577635426824,248.25776354268237,15030
EAO,12,20,2054,2952.994614208588,252.9946142085878,15030
EAO,12,20,2055,2965.3688845141537,265.3688845141537,15030
RS-EAO,1,20,2026,300.0000003407455,3.407454869375215e-07,15030
RS-EAO,1,20,2027,300.0000000911838,9.118377874983707e-08,15030
RS-EAO,1,20,2028,300.00000003397884,3.397883574507432e-08,15030
RS-EAO,1,20,2029,300.00000003502674,3.5026744171773316e-08,15030
RS-EAO,1,20,2030,300.00000000115705,1.1570477909117471e-09,15030
RS-EAO,1,20,2031,300.0000000158387,1.5838679701118963e-08,15030
RS-EAO,1,20,2032,300.00000000454406,4.544062903732993e-09,15030
RS-EAO,1,20,2033,300.0000000000162,1.6200374375330284e-11,15030
RS-EAO,1,20,2034,300.0000000002471,2.4709834178793244e-10,15030
RS-EAO,1,20,2035,300.0000000130361,1.3036071777605684e-08,15030
RS-EAO,1,20,2036,300.00000004054846,4.0548457036493346e-08,15030
RS-EAO,1,20,2037,300.0000000415033,4.15033127865172e-08,15030
RS-EAO,1,20,2038,300.000000000005,5.002220859751105e-12,15030
RS-EAO,1,20,2039,300.00000000285183,2.851834324246738e-09,15030
RS-EAO,1,20,2040,300.00000000053984,5.398419489210937e-10,15030
RS-EAO,1,20,2041,300.0000000001225,1.2249756764504127e-10,15030
RS-EAO,1,20,2042,300.0000000005845,5.845208761456888e-10,15030
RS-EAO,1,20,2043,300.0000000004679,4.678781806433108e-10,15030
RS-EAO,1,20,2044,300.0000000002748,2.7478108677314594e-10,15030
RS-EAO,1,20,2045,300.00000000016394,1.6393641999457031e-10,15030
RS-EAO,1,20,2046,300.00000013823853,1.382385335091385e-07,15030
RS-EAO,1,20,2047,300.0000000009782,9.782183951756451e-10,15030
RS-EAO,1,20,2048,300.0000000015671,1.5671162145736162e-09,15030
RS-EAO,1,20,2049,300.00000000176027,1.7602701518626418e-09,15030
RS-EAO,1,20,2050,300.0000001276169,1.2761688594764564e-07,15030
RS-EAO,1,20,2051,300.000000065746,6.574600774911232e-08,15030
RS-EAO,1,20,2052,300.0000000003593,3.5930725061916746e-10,15030
RS-EAO,1,20,2053,300.00000000034385,3.438458406890277e-10,15030
RS-EAO,1,20,2054,300.00000000147236,1.4723582353326492e-09,15030
RS-EAO,1,20,2055,300.00000002768206,2.7682062864187174e-08,15030
RS-EAO,2,20,2026,449.084479471021,49.084479471020984,15030
RS-EAO,2,20,2027,449.0868295157179,49.08682951571791,15030
RS-EAO,2,20,2028,451.78692032645034,51.78692032645034,15030
RS-EAO,2,20,2029,428.95002773279265,28.95002773279265,15030
RS-EAO,2,20,2030,449.0849002722558,49.08490027225582,15030
RS-EAO,2,20,2031,449.08448955419476,49.08448955419476,15030
RS-EAO,2,20,2032,449.0846503794675,49.08465037946752,15030
RS-EAO,2,20,2033,444.8961590602212,44.89615906022118,15030
RS-EAO,2,20,2034,444.89546955144664,44.89546955144664,15030
RS-EAO,2,20,2035,445.6253934604997,45.62539346049971,15030
RS-EAO,2,20,2036,449.0846556536431,49.0846556536431,15030
RS-EAO,2,20,2037,449.0846417102722,49.084641710272194,15030
RS-EAO,2,20,2038,444.89546936712213,44.89546936712213,15030
RS-EAO,2,20,2039,449.0867738372805,49.086773837280475,15030
RS-EAO,2,20,2040,449.0868611796342,49.086861179634184,15030
RS-EAO,2,20,2041,444.89712069055315,44.89712069055315,15030
RS-EAO,2,20,2042,449.1218945234333,49.1218945234333,15030
RS-EAO,2,20,2043,406.4922011184495,6.492201118449486,15030
RS-EAO,2,20,2044,449.0844839144421,49.0844839144421,15030
RS-EAO,2,20,2045,444.8957025319324,44.895702531932386,15030
RS-EAO,2,20,2046,470.1139799132708,70.11397991327078,15030
RS-EAO,2,20,2047,469.86657225030183,69.86657225030183,15030
RS-EAO,2,20,2048,449.084479210583,49.08447921058303,15030
RS-EAO,2,20,2049,428.93584568020106,28.935845680201055,15030
RS-EAO,2,20,2050,449.1855995943149,49.18559959431491,15030
RS-EAO,2,20,2051,449.08484409784467,49.084844097844666,15030
RS-EAO,2,20,2052,474.0634677886527,74.0634677886527,15030
RS-EAO,2,20,2053,449.08448071681545,49.08448071681545,15030
RS-EAO,2,20,2054,471.59276647240944,71.59276647240944,15030
RS-EAO,2,20,2055,402.30640150940025,2.3064015094002457,15030
RS-EAO,3,20,2026,600.0000000000007,6.821210263296962e-13,15030
RS-EAO,3,20,2027,600.0000000000184,1.8417267710901797e-11,15030
RS-EAO,3,20,2028,600.0000000000011,1.1368683772161603e-12,15030
RS-EAO,3,20,2029,600.0000000000027,2.7284841053187847e-12,15030
RS-EAO,3,20,2030,600.0000000000026,2.6147972675971687e-12,15030
RS-EAO,3,20,2031,600.000000000006,6.0254023992456496e-12,15030
RS-EAO,3,20,2032,600.0000000000022,2.1600499167107046e-12,15030
RS-EAO,3,20,2033,600.0000000000032,3.183231456205249e-12,15030
RS-EAO,3,20,2034,600.0000000000019,1.9326762412674725e-12,15030
RS-EAO,3,20,2035,600.0000000000024,2.3874235921539366e-12,15030
RS-EAO,3,20,2036,600.0000000000026,2.6147972675971687e-12,15030
RS-EAO,3,20,2037,600.0000000000006,5.684341886080801e-13,15030
RS-EAO,3,20,2038,600.0000000000019,1.9326762412674725e-12,15030
RS-EAO,3,20,2039,600.0000000000014,1.3642420526593924e-12,15030
RS-EAO,3,20,2040,600.0000000000026,2.6147972675971687e-12,15030
RS-EAO,3,20,2041,600.0000000000003,3.410605131648481e-13,15030
RS-EAO,3,20,2042,600.0000000000015,1.4779288903810084e-12,15030
RS-EAO,3,20,2043,600.0000000000051,5.115907697472721e-12,15030
RS-EAO,3,20,2044,600.0000000000016,1.5916157281026244e-12,15030
RS-EAO,3,20,2045,600.0000000000055,5.4569682106375694e-12,15030
RS-EAO,3,20,2046,600.0000000000008,7.958078640513122e-13,15030
RS-EAO,3,20,2047,600.000000000001,1.0231815394945443e-12,15030
RS-EAO,3,20,2048,600.0000000000073,7.275957614183426e-12,15030
RS-EAO,3,20,2049,600.0000000000038,3.751665644813329e-12,15030
RS-EAO,3,20,2050,600.0000000000017,1.7053025658242404e-12,15030
RS-EAO,3,20,2051,600.0000000000005,4.547473508864641e-13,15030
RS-EAO,3,20,2052,600.0000000000016,1.5916157281026244e-12,15030
RS-EAO,3,20,2053,600.0000000000032,3.183231456205249e-12,15030
RS-EAO,3,20,2054,600.0000000000013,1.2505552149377763e-12,15030
RS-EAO,3,20,2055,600.0000000000006,5.684341886080801e-13,15030
RS-EAO,4,20,2026,1005.8516186455339,205.8516186455339,15030
RS-EAO,4,20,2027,998.5237782402401,198.52377824024006,15030
RS-EAO,4,20,2028,973.36473430779,173.36473430778994,15030
RS-EAO,4,20,2029,1020.5130775497391,220.51307754973914,15030
RS-EAO,4,20,2030,1024.749805375874,224.74980537587408,15030
RS-EAO,4,20,2031,1018.5385779840183,218.53857798401827,15030
RS-EAO,4,20,2032,1007.9529404277612,207.95294042776118,15030
RS-EAO,4,20,2033,1010.2598852640044,210.25988526400442,15030
RS-EAO,4,20,2034,990.8894434280112,190.8894434280112,15030
RS-EAO,4,20,2035,1023.1640533847678,223.16405338476784,15030
RS-EAO,4,20,2036,1001.8447570043506,201.84475700435064,15030
RS-EAO,4,20,2037,982.5145846355109,182.51458463551091,15030
RS-EAO,4,20,2038,1021.9168979593097,221.91689795930972,15030
RS-EAO,4,20,2039,1017.1766570823917,217.17665708239167,15030
RS-EAO,4,20,2040,980.5902074119391,180.5902074119391,15030
RS-EAO,4,20,2041,896.0212451663081,96.02124516630806,15030
RS-EAO,4,20,2042,1019.5910248926097,219.59102489260965,15030
RS-EAO,4,20,2043,976.0132600299958,176.01326002999576,15030
RS-EAO,4,20,2044,1028.7831225194516,228.78312251945158,15030
RS-EAO,4,20,2045,940.6764537958745,140.67645379587452,15030
RS-EAO,4,20,2046,1007.5,207.5,15030
RS-EAO,4,20,2047,985.1352234285757,185.13522342857573,15030
RS-EAO,4,20,2048,991.9348836774736,191.93488367747364,15030
RS-EAO,4,20,2049,961.0772945822129,161.07729458221286,15030
RS-EAO,4,20,2050,986.2229647513051,186.22296475130508,15030
RS-EAO,4,20,2051,997.1768490640529,197.17684906405293,15030
RS-EAO,4,20,2052,964.2085057877621,164.20850578776208,15030
RS-EAO,4,20,2053,1016.3875596259898,216.38755962598975,15030
RS-EAO,4,20,2054,1005.7156739278122,205.7156739278122,15030
RS-EAO,4,20,2055,1002.1448628224813,202.1448628224813,15030
RS-EAO,5,20,2026,900.5438568087847,0.5438568087846534,15030
RS-EAO,5,20,2027,901.177232788726,1.1772327887259735,15030
RS-EAO,5,20,2028,900.9086481733906,0.9086481733905885,15030
RS-EAO,5,20,2029,900.722908854821,0.7229088548209575,15030
RS-EAO,5,20,2030,900.0000000003182,3.1820945878280327e-10,15030
RS-EAO,5,20,2031,901.4835291184929,1.4835291184929247,15030
RS-EAO,5,20,2032,901.0877049900258,1.087704990025827,15030
RS-EAO,5,20,2033,900.5438527927759,0.5438527927758514,15030
RS-EAO,5,20,2034,900.998180451161,0.9981804511610335,15030
RS-EAO,5,20,2035,900.5438526415903,0.5438526415903198,15030
RS-EAO,5,20,2036,900.0895283662429,0.08952836624291649,15030
RS-EAO,5,20,2037,901.906848217657,1.9068482176569432,15030
RS-EAO,5,20,2038,900.6333805401675,0.6333805401675363,15030
RS-EAO,5,20,2039,900.0895282708221,0.08952827082214299,15030
RS-EAO,5,20,2040,900.9981765062641,0.9981765062641443,15030
RS-EAO,5,20,2041,900.5438528070978,0.5438528070977782,15030
RS-EAO,5,20,2042,901.0877045396736,1.0877045396736094,15030
RS-EAO,5,20,2043,900.9087324267234,0.908732426723418,15030
RS-EAO,5,20,2044,901.0877418417026,1.0877418417026092,15030
RS-EAO,5,20,2045,900.5438530549402,0.5438530549402003,15030
RS-EAO,5,20,2046,901.9963550311377,1.996355031137682,15030
RS-EAO,5,20,2047,900.7229121564675,0.722912156467487,15030
RS-EAO,5,20,2048,900.1790565011911,0.1790565011910985,15030
RS-EAO,5,20,2049,900.6333805302183,0.6333805302183464,15030
RS-EAO,5,20,2050,900.1790565957156,0.17905659571556498,15030
RS-EAO,5,20,2051,900.5449657392293,0.5449657392292693,15030
RS-EAO,5,20,2052,900.0000003650484,3.6504843592410907e-07,15030
RS-EAO,5,20,2053,901.5420287153297,1.5420287153297068,15030
RS-EAO,5,20,2054,900.5438522757032,0.543852275703216,15030
RS-EAO,5,20,2055,901.9498765878968,1.9498765878968243,15030
RS-EAO,6,20,2026,61135.473829005896,59335.473829005896,15030
RS-EAO,6,20,2027,42214.49288763779,40414.49288763779,15030
RS-EAO,6,20,2028,30631.396894912214,28831.396894912214,15030
RS-EAO,6,20,2029,53864.38050333584,52064.38050333584,15030
RS-EAO,6,20,2030,26452.998759595106,24652.998759595106,15030
RS-EAO,6,20,2031,46907.19999310387,45107.19999310387,15030
RS-EAO,6,20,2032,51959.34720595002,50159.34720595002,15030
RS-EAO,6,20,2033,41237.15574731759,39437.15574731759,15030
RS-EAO,6,20,2034,41641.89033715496,39841.89033715496,15030
RS-EAO,6,20,2035,50959.41489159823,49159.41489159823,15030
RS-EAO,6,20,2036,40972.34216982152,39172.34216982152,15030
RS-EAO,6,20,2037,55612.13532782551,53812.13532782551,15030
RS-EAO,6,20,2038,23738.215004786427,21938.215004786427,15030
RS-EAO,6,20,2039,33282.67186689697,31482.67186689697,15030
RS-EAO,6,20,2040,31806.386538838557,30006.386538838557,15030
RS-EAO,6,20,2041,26627.10301793668,24827.10301793668,15030
RS-EAO,6,20,2042,32065.583832503373,30265.583832503373,15030
RS-EAO,6,20,2043,51205.38747662324,49405.38747662324,15030
RS-EAO,6,20,2044,30061.256993459872,28261.256993459872,15030
RS-EAO,6,20,2045,46081.05453531153,44281.05453531153,15030
RS-EAO,6,20,2046,42262.118144529,40462.118144529,15030
RS-EAO,6,20,2047,29462.81925069786,27662.81925069786,15030
RS-EAO,6,20,2048,41680.04937318517,39880.04937318517,15030
RS-EAO,6,20,2049,46738.7010501817,44938.7010501817,15030
RS-EAO,6,20,2050,26402.333938402182,24602.333938402182,15030
RS-EAO,6,20,2051,26834.822851525027,25034.822851525027,15030
RS-EAO,6,20,2052,36733.05435715994,34933.05435715994,15030
RS-EAO,6,20,2053,27422.27651099871,25622.27651099871,15030
RS-EAO,6,20,2054,50943.19834610192,49143.19834610192,15030
RS-EAO,6,20,2055,74083.3308680623,72283.3308680623,15030
RS-EAO,7,20,2026,2050.9938808369357,50.99388083693566,15030
RS-EAO,7,20,2027,2047.1151562526968,47.115156252696806,15030
RS-EAO,7,20,2028,2041.5519854135312,41.551985413531156,15030
RS-EAO,7,20,2029,2058.4979378929384,58.49793789293835,15030
RS-EAO,7,20,2030,2051.0928544728968,51.09285447289676,15030
RS-EAO,7,20,2031,2048.018473374878,48.018473374877885,15030
RS-EAO,7,20,2032,2044.584235842416,44.58423584241609,15030
RS-EAO,7,20,2033,2070.1132529188776,70.1132529188776,15030
RS-EAO,7,20,2034,2068.115953241257,68.1159532412571,15030
RS-EAO,7,20,2035,2054.434630337298,54.43463033729813,15030
RS-EAO,7,20,2036,2058.1262084060454,58.12620840604541,15030
RS-EAO,7,20,2037,2069.1344687686487,69.13446876864873,15030
RS-EAO,7,20,2038,2049.1405380203573,49.140538020357326,15030
RS-EAO,7,20,2039,2247.811500987303,247.81150098730313,15030
RS-EAO,7,20,2040,2083.4672385254066,83.46723852540663,15030
RS-EAO,7,20,2041,2051.976593650889,51.976593650888844,15030
RS-EAO,7,20,2042,2109.0743917641066,109.07439176410662,15030
RS-EAO,7,20,2043,2108.775785026324,108.77578502632377,15030
RS-EAO,7,20,2044,2047.444013228417,47.44401322841691,15030
RS-EAO,7,20,2045,2066.4187866092034,66.41878660920338,15030
RS-EAO,7,20,2046,2055.274337124921,55.2743371249212,15030
RS-EAO,7,20,2047,2050.0213309237665,50.02133092376653,15030
RS-EAO,7,20,2048,2070.625599274074,70.62559927407392,15030
RS-EAO,7,20,2049,2054.4647800517173,54.4647800517173,15030
RS-EAO,7,20,2050,2054.743740314103,54.74374031410298,15030
RS-EAO,7,20,2051,2059.3945546854734,59.394554685473395,15030
RS-EAO,7,20,2052,2065.4350288923843,65.43502889238425,15030
RS-EAO,7,20,2053,2050.91367796708,50.91367796707982,15030
RS-EAO,7,20,2054,2059.35130168357,59.35130168357,15030
RS-EAO,7,20,2055,2092.4603661365327,92.46036613653268,15030
RS-EAO,8,20,2026,2233.7266768753207,33.72667687532066,15030
RS-EAO,8,20,2027,2234.3026593466625,34.302659346662494,15030
RS-EAO,8,20,2028,2295.9583982286485,95.95839822864855,15030
RS-EAO,8,20,2029,2417.64183887757,217.64183887757008,15030
RS-EAO,8,20,2030,2442.605732315564,242.60573231556418,15030
RS-EAO,8,20,2031,2231.7309357792615,31.730935779261472,15030
RS-EAO,8,20,2032,2483.4861640645686,283.4861640645686,15030
RS-EAO,8,20,2033,2236.6478259369255,36.64782593692553,15030
RS-EAO,8,20,2034,2241.656439517358,41.656439517358194,15030
RS-EAO,8,20,2035,2228.9299909807933,28.929990980793264,15030
RS-EAO,8,20,2036,2273.52841107252,73.52841107252016,15030
RS-EAO,8,20,2037,2248.500049480664,48.500049480664075,15030
RS-EAO,8,20,2038,2235.7066258271007,35.70662582710065,15030
RS-EAO,8,20,2039,2233.22820862609,33.22820862608978,15030
RS-EAO,8,20,2040,2232.330520751518,32.33052075151818,15030
RS-EAO,8,20,2041,2227.6137094573746,27.613709457374625,15030
RS-EAO,8,20,2042,2238.125310195312,38.12531019531207,15030
RS-EAO,8,20,2043,2240.7266915271534,40.726691527153434,15030
RS-EAO,8,20,2044,2232.8163558967385,32.816355896738514,15030
RS-EAO,8,20,2045,2228.634362905307,28.63436290530717,15030
RS-EAO,8,20,2046,2256.1862925369073,56.18629253690733,15030
RS-EAO,8,20,2047,2252.683048668544,52.68304866854396,15030
RS-EAO,8,20,2048,2233.1118918383863,33.11189183838633,15030
RS-EAO,8,20,2049,2229.1770477351506,29.17704773515061,15030
RS-EAO,8,20,2050,2236.2101770037393,36.21017700373932,15030
RS-EAO,8,20,2051,2229.9159280107115,29.91592801071147,15030
RS-EAO,8,20,2052,2231.967700527483,31.967700527482975,15030
RS-EAO,8,20,2053,2230.1544757547813,30.154475754781288,15030
RS-EAO,8,20,2054,2248.6175319527174,48.6175319527174,15030
RS-EAO,8,20,2055,2229.530415780018,29.530415780017847,15030
RS-EAO,9,20,2026,2635.6390083334277,335.6390083334277,15030
RS-EAO,9,20,2027,2635.6676682210095,335.66766822100954,15030
RS-EAO,9,20,2028,2635.638770999979,335.638770999979,15030
RS-EAO,9,20,2029,2635.6652917976858,335.66529179768577,15030
RS-EAO,9,20,2030,2635.643849663541,335.643849663541,15030
RS-EAO,9,20,2031,2635.6396580488995,335.6396580488995,15030
RS-EAO,9,20,2032,2635.638877015007,335.638877015007,15030
RS-EAO,9,20,2033,2635.6436496953784,335.6436496953784,15030
RS-EAO,9,20,2034,2635.787010068462,335.7870100684622,15030
RS-EAO,9,20,2035,2635.675222846021,335.6752228460209,15030
RS-EAO,9,20,2036,2635.791537787971,335.7915377879708,15030
RS-EAO,9,20,2037,2635.6402435327263,335.64024353272634,15030
RS-EAO,9,20,2038,2635.675250608321,335.6752506083212,15030
RS-EAO,9,20,2039,2635.640934566028,335.64093456602814,15030
RS-EAO,9,20,2040,2635.6675827254326,335.66758272543257,15030
RS-EAO,9,20,2041,2635.640170798694,335.6401707986938,15030
RS-EAO,9,20,2042,2635.6408553099805,335.64085530998045,15030
RS-EAO,9,20,2043,2635.638801403927,335.6388014039271,15030
RS-EAO,9,20,2044,2635.6394167263943,335.6394167263943,15030
RS-EAO,9,20,2045,2635.638780321733,335.63878032173307,15030
RS-EAO,9,20,2046,2635.638894954801,335.6388949548009,15030
RS-EAO,9,20,2047,2635.6414562075975,335.64145620759746,15030
RS-EAO,9,20,2048,2635.639115030649,335.639115030649,15030
RS-EAO,9,20,2049,2635.6392998407364,335.6392998407364,15030
RS-EAO,9,20,2050,2635.64032499542,335.6403249954201,15030
RS-EAO,9,20,2051,2635.638786613047,335.63878661304716,15030
RS-EAO,9,20,2052,2635.6388440632045,335.6388440632045,15030
RS-EAO,9,20,2053,2635.63962766313,335.6396276631299,15030
RS-EAO,9,20,2054,2635.6595990072647,335.65959900726466,15030
RS-EAO,9,20,2055,2635.640189430769,335.64018943076917,15030
RS-EAO,10,20,2026,3054.666996920525,654.666996920525,15030
RS-EAO,10,20,2027,6415.769962510805,4015.7699625108053,15030
RS-EAO,10,20,2028,6078.632696689003,3678.632696689003,15030
RS-EAO,10,20,2029,2807.2770514046133,407.2770514046133,15030
RS-EAO,10,20,2030,6906.675195760837,4506.675195760837,15030
RS-EAO,10,20,2031,2958.0909062324945,558.0909062324945,15030
RS-EAO,10,20,2032,7310.386532730485,4910.386532730485,15030
RS-EAO,10,20,2033,2822.7138428103262,422.71384281032624,15030
RS-EAO,10,20,2034,2809.6134428838,409.61344288379996,15030
RS-EAO,10,20,2035,2958.093746119089,558.0937461190888,15030
RS-EAO,10,20,2036,2808.5999665786967,408.5999665786967,15030
RS-EAO,10,20,2037,2972.0880988911886,572.0880988911886,15030
RS-EAO,10,20,2038,2899.07681598951,499.0768159895101,15030
RS-EAO,10,20,2039,6921.816045812867,4521.816045812867,15030
RS-EAO,10,20,2040,2810.332934301715,410.3329343017149,15030
RS-EAO,10,20,2041,2807.998042907618,407.9980429076181,15030
RS-EAO,10,20,2042,2959.9378197216793,559.9378197216793,15030
RS-EAO,10,20,2043,7026.225908970728,4626.225908970728,15030
RS-EAO,10,20,2044,2815.6363290858553,415.6363290858553,15030
RS-EAO,10,20,2045,6435.0200381574605,4035.0200381574605,15030
RS-EAO,10,20,2046,7266.820093922864,4866.820093922864,15030
RS-EAO,10,20,2047,7156.558014565226,4756.558014565226,15030
RS-EAO,10,20,2048,2821.7783476951727,421.77834769517267,15030
RS-EAO,10,20,2049,7162.33144300207,4762.33144300207,15030
RS-EAO,10,20,2050,2812.5065970697206,412.50659706972056,15030
RS-EAO,10,20,2051,3016.502706299034,616.5027062990339,15030
RS-EAO,10,20,2052,2806.452414214454,406.45241421445417,15030
RS-EAO,10,20,2053,2808.797694152942,408.79769415294186,15030
RS-EAO,10,20,2054,2811.5906399495966,411.5906399495966,15030
RS-EAO,10,20,2055,6301.749719208301,3901.749719208301,15030
RS-EAO,11,20,2026,2600.0000149168677,1.4916867712599924e-05,15030
RS-EAO,11,20,2027,2632.560729216359,32.56072921635905,15030
RS-EAO,11,20,2028,2600.000011332855,1.133285513787996e-05,15030
RS-EAO,11,20,2029,3176.551426703194,576.551426703194,15030
RS-EAO,11,20,2030,2600.000073178112,7.317811196116963e-05,15030
RS-EAO,11,20,2031,2600.000763442334,0.0007634423341187357,15030
RS-EAO,11,20,2032,2600.000017877707,1.787770679584355e-05,15030
RS-EAO,11,20,2033,2600.000012817195,1.2817195056413766e-05,15030
RS-EAO,11,20,2034,2616.364874955415,16.36487495541496,15030
RS-EAO,11,20,2035,2600.0000370855,3.708550002556876e-05,15030
RS-EAO,11,20,2036,2600.0001316018306,0.00013160183061700081,15030
RS-EAO,11,20,2037,2600.0000811450204,8.114502043099492e-05,15030
RS-EAO,11,20,2038,2600.000014135102,1.4135101991996635e-05,15030
RS-EAO,11,20,2039,3832.2235845568184,1232.2235845568184,15030
RS-EAO,11,20,2040,2600.000001837099,1.8370988073002081e-06,15030
RS-EAO,11,20,2041,2600.00002185523,2.1855229988432257e-05,15030
RS-EAO,11,20,2042,4157.074510680408,1557.074510680408,15030
RS-EAO,11,20,2043,2600.000008019025,8.019024789973628e-06,15030
RS-EAO,11,20,2044,2600.00000033648,3.3647984309936874e-07,15030
RS-EAO,11,20,2045,2600.0000020368084,2.036808382399613e-06,15030
RS-EAO,11,20,2046,2600.2000166859966,0.2000166859966157,15030
RS-EAO,11,20,2047,2600.0000908577913,9.085779129236471e-05,15030
RS-EAO,11,20,2048,2600.0000009387873,9.387872523802798e-07,15030
RS-EAO,11,20,2049,2600.137950967719,0.13795096771900717,15030
RS-EAO,11,20,2050,2600.000000975235,9.75234797806479e-07,15030
RS-EAO,11,20,2051,2600.000125141172,0.00012514117179307505,15030
RS-EAO,11,20,2052,2600.001380139219,0.0013801392187815509,15030
RS-EAO,11,20,2053,3616.08760216289,1016.0876021628901,15030
RS-EAO,11,20,2054,2600.000043894087,4.389408695715247e-05,15030
RS-EAO,11,20,2055,2617.351238219307,17.351238219307106,15030
RS-EAO,12,20,2026,2940.4079917733825,240.4079917733825,15030
RS-EAO,12,20,2027,2948.611007513685,248.61100751368485,15030
RS-EAO,12,20,2028,2950.129603021853,250.1296030218532,15030
RS-EAO,12,20,2029,2970.0569488851083,270.05694888510834,15030
RS-EAO,12,20,2030,2947.8379164322714,247.8379164322714,15030
RS-EAO,12,20,2031,2995.0118854363836,295.01188543638364,15030
RS-EAO,12,20,2032,2951.777653227135,251.77765322713503,15030
RS-EAO,12,20,2033,2966.2340036880596,266.2340036880596,15030
RS-EAO,12,20,2034,2992.124464185563,292.12446418556283,15030
RS-EAO,12,20,2035,3002.767745826341,302.76774582634107,15030
RS-EAO,12,20,2036,3049.185022214824,349.18502221482413,15030
RS-EAO,12,20,2037,2983.4820944521375,283.4820944521375,15030
RS-EAO,12,20,2038,2985.876979891031,285.87697989103117,15030
RS-EAO,12,20,2039,2956.405089342858,256.405089342858,15030
RS-EAO,12,20,2040,2962.1033482542234,262.1033482542234,15030
RS-EAO,12,20,2041,2953.5757296571082,253.57572965710824,15030
RS-EAO,12,20,2042,2994.4107587202493,294.4107587202493,15030
RS-EAO,12,20,2043,2947.090154086215,247.09015408621508,15030
RS-EAO,12,20,2044,2986.282406773281,286.28240677328085,15030
RS-EAO,12,20,2045,2954.9336796761727,254.9336796761727,15030
RS-EAO,12,20,2046,2970.0096639396434,270.00966393964336,15030
RS-EAO,12,20,2047,2953.476891746822,253.47689174682182,15030
RS-EAO,12,20,2048,2992.404453237142,292.4044532371422,15030
RS-EAO,12,20,2049,2974.0310748123925,274.0310748123925,15030
RS-EAO,12,20,2050,2947.2236532141355,247.22365321413554,15030
RS-EAO,12,20,2051,3010.277685044872,310.2776850448722,15030
RS-EAO,12,20,2052,3110.565586782218,410.5655867822179,15030
RS-EAO,12,20,2053,2957.76881915346,257.76881915345984,15030
RS-EAO,12,20,2054,2979.1367223946295,279.1367223946295,15030
RS-EAO,12,20,2055,2964.2225535879625,264.22255358796247,15030
AS-ABMO,1,20,2026,300.00000000000034,3.410605131648481e-13,15030
AS-ABMO,1,20,2027,300.0000000000005,5.115907697472721e-13,15030
AS-ABMO,1,20,2028,300.0000000000001,1.1368683772161603e-13,15030
AS-ABMO,1,20,2029,300.0000000000001,1.1368683772161603e-13,15030
AS-ABMO,1,20,2030,300.00000000000045,4.547473508864641e-13,15030
AS-ABMO,1,20,2031,300.2991816260509,0.2991816260508813,15030
AS-ABMO,1,20,2032,300.0000000000003,2.8421709430404007e-13,15030
AS-ABMO,1,20,2033,300.00000000000034,3.410605131648481e-13,15030
AS-ABMO,1,20,2034,300.0000000000014,1.4210854715202004e-12,15030
AS-ABMO,1,20,2035,300.0000000000005,5.115907697472721e-13,15030
AS-ABMO,1,20,2036,300.00000000000017,1.7053025658242404e-13,15030
AS-ABMO,1,20,2037,300.0000000000003,2.8421709430404007e-13,15030
AS-ABMO,1,20,2038,300.00000000000034,3.410605131648481e-13,15030
AS-ABMO,1,20,2039,300.0000000000004,3.979039320256561e-13,15030
AS-ABMO,1,20,2040,300.00000000000017,1.7053025658242404e-13,15030
AS-ABMO,1,20,2041,300.00000000000034,3.410605131648481e-13,15030
AS-ABMO,1,20,2042,300.0000000000032,3.183231456205249e-12,15030
AS-ABMO,1,20,2043,300.0000000000003,2.8421709430404007e-13,15030
AS-ABMO,1,20,2044,300.00000000000006,5.684341886080802e-14,15030
AS-ABMO,1,20,2045,300.00000000000006,5.684341886080802e-14,15030
AS-ABMO,1,20,2046,300.000000000004,3.979039320256561e-12,15030
AS-ABMO,1,20,2047,300.0000000000005,5.115907697472721e-13,15030
AS-ABMO,1,20,2048,300.00000000000017,1.7053025658242404e-13,15030
AS-ABMO,1,20,2049,300.00000000000034,3.410605131648481e-13,15030
AS-ABMO,1,20,2050,300.0000000000024,2.3874235921539366e-12,15030
AS-ABMO,1,20,2051,300.0000000000006,6.252776074688882e-13,15030
AS-ABMO,1,20,2052,300.0000000000004,3.979039320256561e-13,15030
AS-ABMO,1,20,2053,300.0000000000005,5.115907697472721e-13,15030
AS-ABMO,1,20,2054,300.0000000000001,1.1368683772161603e-13,15030
AS-ABMO,1,20,2055,300.0000000000002,2.2737367544323206e-13,15030
AS-ABMO,2,20,2026,449.0844800551462,49.08448005514617,15030
AS-ABMO,2,20,2027,471.883214104291,71.88321410429103,15030
AS-ABMO,2,20,2028,467.5998811117941,67.5998811117941,15030
AS-ABMO,2,20,2029,449.0844879326217,49.0844879326217,15030
AS-ABMO,2,20,2030,449.08494287186465,49.084942871864655,15030
AS-ABMO,2,20,2031,474.6242550740643,74.62425507406431,15030
AS-ABMO,2,20,2032,449.08450070151395,49.084500701513946,15030
AS-ABMO,2,20,2033,445.630489027444,45.630489027444014,15030
AS-ABMO,2,20,2034,449.0844838602426,49.084483860242585,15030
AS-ABMO,2,20,2035,449.0844863207612,49.08448632076119,15030
AS-ABMO,2,20,2036,449.086807318607,49.086807318606986,15030
AS-ABMO,2,20,2037,444.89546931745247,44.895469317452466,15030
AS-ABMO,2,20,2038,449.0844876158278,49.08448761582781,15030
AS-ABMO,2,20,2039,473.49586180807614,73.49586180807614,15030
AS-ABMO,2,20,2040,449.0844795364017,49.084479536401716,15030
AS-ABMO,2,20,2041,449.0844793256366,49.08447932563661,15030
AS-ABMO,2,20,2042,472.3467106268684,72.3467106268684,15030
AS-ABMO,2,20,2043,444.8954693174526,44.89546931745258,15030
AS-ABMO,2,20,2044,449.0844809893479,49.084480989347924,15030
AS-ABMO,2,20,2045,449.0845875163832,49.08458751638318,15030
AS-ABMO,2,20,2046,445.6304890274437,45.63048902744367,15030
AS-ABMO,2,20,2047,472.41331145969014,72.41331145969014,15030
AS-ABMO,2,20,2048,540.040237934442,140.04023793444196,15030
AS-ABMO,2,20,2049,449.08449994770433,49.08449994770433,15030
AS-ABMO,2,20,2050,473.3910412996747,73.39104129967473,15030
AS-ABMO,2,20,2051,473.6351344226764,73.6351344226764,15030
AS-ABMO,2,20,2052,458.4021820212271,58.40218202122708,15030
AS-ABMO,2,20,2053,460.53366303284224,60.53366303284224,15030
AS-ABMO,2,20,2054,449.08448718569855,49.08448718569855,15030
AS-ABMO,2,20,2055,472.8992998835265,72.89929988352651,15030
AS-ABMO,3,20,2026,600.0000000000016,1.5916157281026244e-12,15030
AS-ABMO,3,20,2027,600.0000000000005,4.547473508864641e-13,15030
AS-ABMO,3,20,2028,600.000000000002,2.0463630789890885e-12,15030
AS-ABMO,3,20,2029,600.0000000000002,2.2737367544323206e-13,15030
AS-ABMO,3,20,2030,600.0000000000005,4.547473508864641e-13,15030
AS-ABMO,3,20,2031,600.0000000000001,1.1368683772161603e-13,15030
AS-ABMO,3,20,2032,600.0000000000002,2.2737367544323206e-13,15030
AS-ABMO,3,20,2033,600.0000000000002,2.2737367544323206e-13,15030
AS-ABMO,3,20,2034,600.0000000000016,1.5916157281026244e-12,15030
AS-ABMO,3,20,2035,600.0000000000006,5.684341886080801e-13,15030
AS-ABMO,3,20,2036,600.0000000000002,2.2737367544323206e-13,15030
AS-ABMO,3,20,2037,600.0000000000055,5.4569682106375694e-12,15030
AS-ABMO,3,20,2038,600.0000000000003,3.410605131648481e-13,15030
AS-ABMO,3,20,2039,600.0000000000005,4.547473508864641e-13,15030
AS-ABMO,3,20,2040,600.0000000000007,6.821210263296962e-13,15030
AS-ABMO,3,20,2041,600.0000000000006,5.684341886080801e-13,15030
AS-ABMO,3,20,2042,600.0000000000007,6.821210263296962e-13,15030
AS-ABMO,3,20,2043,600.0000000000005,4.547473508864641e-13,15030
AS-ABMO,3,20,2044,600.0000000000003,3.410605131648481e-13,15030
AS-ABMO,3,20,2045,600.0000000000011,1.1368683772161603e-12,15030
AS-ABMO,3,20,2046,600.0000000000011,1.1368683772161603e-12,15030
AS-ABMO,3,20,2047,600.0000000000016,1.5916157281026244e-12,15030
AS-ABMO,3,20,2048,600.0000000000005,4.547473508864641e-13,15030
AS-ABMO,3,20,2049,600.0000000000003,3.410605131648481e-13,15030
AS-ABMO,3,20,2050,600.0000000000005,4.547473508864641e-13,15030
AS-ABMO,3,20,2051,600.0000000000002,2.2737367544323206e-13,15030
AS-ABMO,3,20,2052,600.0000000000003,3.410605131648481e-13,15030
AS-ABMO,3,20,2053,600.0000000000023,2.2737367544323206e-12,15030
AS-ABMO,3,20,2054,600.0000000000002,2.2737367544323206e-13,15030
AS-ABMO,3,20,2055,600.0000000000006,5.684341886080801e-13,15030
AS-ABMO,4,20,2026,962.0,162.0,15030
AS-ABMO,4,20,2027,898.0,98.0,15030
AS-ABMO,4,20,2028,926.0,126.0,15030
AS-ABMO,4,20,2029,894.0,94.0,15030
AS-ABMO,4,20,2030,870.0,70.0,15030
AS-ABMO,4,20,2031,1004.0,204.0,15030
AS-ABMO,4,20,2032,1000.0,200.0,15030
AS-ABMO,4,20,2033,920.0,120.0,15030
AS-ABMO,4,20,2034,922.0,122.0,15030
AS-ABMO,4,20,2035,1033.0,233.0,15030
AS-ABMO,4,20,2036,956.5,156.5,15030
AS-ABMO,4,20,2037,940.0,140.0,15030
AS-ABMO,4,20,2038,960.0,160.0,15030
AS-ABMO,4,20,2039,880.0,80.0,15030
AS-ABMO,4,20,2040,878.0,78.0,15030
AS-ABMO,4,20,2041,976.0,176.0,15030
AS-ABMO,4,20,2042,904.0000000000001,104.00000000000011,15030
AS-ABMO,4,20,2043,926.0,126.0,15030
AS-ABMO,4,20,2044,934.0,134.0,15030
AS-ABMO,4,20,2045,956.5,156.5,15030
AS-ABMO,4,20,2046,936.0,136.0,15030
AS-ABMO,4,20,2047,876.0,76.0,15030
AS-ABMO,4,20,2048,908.0,108.0,15030
AS-ABMO,4,20,2049,910.0,110.0,15030
AS-ABMO,4,20,2050,900.0,100.0,15030
AS-ABMO,4,20,2051,884.0,84.0,15030
AS-ABMO,4,20,2052,880.0,80.0,15030
AS-ABMO,4,20,2053,904.0,104.0,15030
AS-ABMO,4,20,2054,868.0,68.0,15030
AS-ABMO,4,20,2055,950.0,150.0,15030
AS-ABMO,5,20,2026,902.8154513145366,2.815451314536631,15030
AS-ABMO,5,20,2027,900.268584751288,0.2685847512880173,15030
AS-ABMO,5,20,2028,901.0877045385972,1.0877045385972224,15030
AS-ABMO,5,20,2029,905.4308682073164,5.430868207316394,15030
AS-ABMO,5,20,2030,902.9945290113449,2.9945290113448664,15030
AS-ABMO,5,20,2031,901.7210850574461,1.7210850574460892,15030
AS-ABMO,5,20,2032,903.9056165123401,3.9056165123400888,15030
AS-ABMO,5,20,2033,900.4543240186447,0.45432401864468375,15030
AS-ABMO,5,20,2034,900.9981763295091,0.9981763295090786,15030
AS-ABMO,5,20,2035,901.0877045384098,1.0877045384097528,15030
AS-ABMO,5,20,2036,907.4502942259469,7.450294225946891,15030
AS-ABMO,5,20,2037,904.178492501175,4.178492501175015,15030
AS-ABMO,5,20,2038,903.1802476165099,3.1802476165098597,15030
AS-ABMO,5,20,2039,901.1772333200026,1.1772333200026424,15030
AS-ABMO,5,20,2040,901.6315568373004,1.6315568373004226,15030
AS-ABMO,5,20,2041,900.8124370202614,0.8124370202614273,15030
AS-ABMO,5,20,2042,900.4543240187605,0.45432401876053063,15030
AS-ABMO,5,20,2043,900.000000000028,2.7966962079517543e-11,15030
AS-ABMO,5,20,2044,900.6333805194316,0.6333805194316255,15030
AS-ABMO,5,20,2045,900.9981763402546,0.9981763402546449,15030
AS-ABMO,5,20,2046,902.0858809298438,2.0858809298438246,15030
AS-ABMO,5,20,2047,902.9945290545865,2.994529054586451,15030
AS-ABMO,5,20,2048,903.1802492247654,3.1802492247653618,15030
AS-ABMO,5,20,2049,901.0877045388883,1.0877045388882607,15030
AS-ABMO,5,20,2050,900.9086488400279,0.9086488400279222,15030
AS-ABMO,5,20,2051,901.7210850574495,1.7210850574494998,15030
AS-ABMO,5,20,2052,901.3629721524647,1.3629721524647493,15030
AS-ABMO,5,20,2053,903.5138953253653,3.513895325365297,15030
AS-ABMO,5,20,2054,904.9765410856738,4.97654108567383,15030
AS-ABMO,5,20,2055,900.9981762877409,0.9981762877408755,15030
AS-ABMO,6,20,2026,76541.83044382336,74741.83044382336,15030
AS-ABMO,6,20,2027,69447.47705233943,67647.47705233943,15030
AS-ABMO,6,20,2028,90178.73022643419,88378.73022643419,15030
AS-ABMO,6,20,2029,59445.89319361906,57645.89319361906,15030
AS-ABMO,6,20,2030,53960.40862745471,52160.40862745471,15030
AS-ABMO,6,20,2031,25751.824155574825,23951.824155574825,15030
AS-ABMO,6,20,2032,30601.767023971013,28801.767023971013,15030
AS-ABMO,6,20,2033,36150.68272029103,34350.68272029103,15030
AS-ABMO,6,20,2034,45169.82594000704,43369.82594000704,15030
AS-ABMO,6,20,2035,76806.3750999632,75006.3750999632,15030
AS-ABMO,6,20,2036,121829.58115124487,120029.58115124487,15030
AS-ABMO,6,20,2037,34269.300678151034,32469.300678151034,15030
AS-ABMO,6,20,2038,27664.156736361732,25864.156736361732,15030
AS-ABMO,6,20,2039,67547.9641200146,65747.9641200146,15030
AS-ABMO,6,20,2040,26833.140954210772,25033.140954210772,15030
AS-ABMO,6,20,2041,39047.34185949007,37247.34185949007,15030
AS-ABMO,6,20,2042,53184.52314503479,51384.52314503479,15030
AS-ABMO,6,20,2043,36015.6091550783,34215.6091550783,15030
AS-ABMO,6,20,2044,69875.26067193513,68075.26067193513,15030
AS-ABMO,6,20,2045,119777.67451218632,117977.67451218632,15030
AS-ABMO,6,20,2046,31623.057932973465,29823.057932973465,15030
AS-ABMO,6,20,2047,60308.93165908521,58508.93165908521,15030
AS-ABMO,6,20,2048,111512.73547215274,109712.73547215274,15030
AS-ABMO,6,20,2049,19050.78594060319,17250.78594060319,15030
AS-ABMO,6,20,2050,75380.11753314211,73580.11753314211,15030
AS-ABMO,6,20,2051,69985.8642566662,68185.8642566662,15030
AS-ABMO,6,20,2052,79971.9845799542,78171.9845799542,15030
AS-ABMO,6,20,2053,120002.83066982703,118202.83066982703,15030
AS-ABMO,6,20,2054,37233.39306902513,35433.39306902513,15030
AS-ABMO,6,20,2055,53723.04348353726,51923.04348353726,15030
AS-ABMO,7,20,2026,2040.5998250794303,40.599825079430275,15030
AS-ABMO,7,20,2027,2057.327238890835,57.327238890834906,15030
AS-ABMO,7,20,2028,2027.3072775760188,27.307277576018805,15030
AS-ABMO,7,20,2029,2038.519336013701,38.51933601370092,15030
AS-ABMO,7,20,2030,2033.922230156257,33.922230156257,15030
AS-ABMO,7,20,2031,2029.0832859640527,29.08328596405272,15030
AS-ABMO,7,20,2032,2094.9078269010715,94.90782690107153,15030
AS-ABMO,7,20,2033,2036.5395880894803,36.539588089480276,15030
AS-ABMO,7,20,2034,2106.0323200875096,106.03232008750956,15030
AS-ABMO,7,20,2035,2098.760243539762,98.76024353976209,15030
AS-ABMO,7,20,2036,2064.140177562085,64.14017756208477,15030
AS-ABMO,7,20,2037,2026.515934512993,26.515934512993,15030
AS-ABMO,7,20,2038,2035.0126806642272,35.01268066422722,15030
AS-ABMO,7,20,2039,2028.7945513811767,28.79455138117669,15030
AS-ABMO,7,20,2040,2057.4197845003414,57.41978450034139,15030
AS-ABMO,7,20,2041,2046.7917887240314,46.79178872403145,15030
AS-ABMO,7,20,2042,2041.4717383159093,41.471738315909306,15030
AS-ABMO,7,20,2043,2044.1650926589937,44.16509265899367,15030
AS-ABMO,7,20,2044,2022.7003065662093,22.700306566209292,15030
AS-ABMO,7,20,2045,2045.2133932410536,45.21339324105361,15030
AS-ABMO,7,20,2046,2044.6482223384346,44.64822233843461,15030
AS-ABMO,7,20,2047,2022.2079268624693,22.20792686246932,15030
AS-ABMO,7,20,2048,2067.1549337695083,67.15493376950826,15030
AS-ABMO,7,20,2049,2164.1132612761285,164.11326127612847,15030
AS-ABMO,7,20,2050,2027.8441497950291,27.844149795029125,15030
AS-ABMO,7,20,2051,2045.7857677027791,45.78576770277914,15030
AS-ABMO,7,20,2052,2036.5375082686685,36.53750826866849,15030
AS-ABMO,7,20,2053,2049.3921159985325,49.39211599853252,15030
AS-ABMO,7,20,2054,2030.617773435286,30.617773435285926,15030
AS-ABMO,7,20,2055,2058.139556357546,58.1395563575461,15030
AS-ABMO,8,20,2026,3815.11949677117,1615.11949677117,15030
AS-ABMO,8,20,2027,6282.338101904636,4082.3381019046356,15030
AS-ABMO,8,20,2028,2742.237365397645,542.2373653976451,15030
AS-ABMO,8,20,2029,3150.3043555557024,950.3043555557024,15030
AS-ABMO,8,20,2030,3482.4643254222337,1282.4643254222337,15030
AS-ABMO,8,20,2031,2489.579475129054,289.5794751290541,15030
AS-ABMO,8,20,2032,2490.5449888133494,290.5449888133494,15030
AS-ABMO,8,20,2033,7453.946713099493,5253.946713099493,15030
AS-ABMO,8,20,2034,2662.156409694819,462.1564096948191,15030
AS-ABMO,8,20,2035,2574.886373613055,374.8863736130552,15030
AS-ABMO,8,20,2036,2553.548262219818,353.54826221981784,15030
AS-ABMO,8,20,2037,3595.711118748464,1395.7111187484638,15030
AS-ABMO,8,20,2038,2626.2652993351135,426.26529933511347,15030
AS-ABMO,8,20,2039,2309.7105914867875,109.71059148678751,15030
AS-ABMO,8,20,2040,2241.864754868603,41.864754868603086,15030
AS-ABMO,8,20,2041,4247.642643192247,2047.6426431922473,15030
AS-ABMO,8,20,2042,3622.8771346372605,1422.8771346372605,15030
AS-ABMO,8,20,2043,2366.354824627087,166.35482462708705,15030
AS-ABMO,8,20,2044,2234.1588816232256,34.158881623225625,15030
AS-ABMO,8,20,2045,3911.754954284901,1711.754954284901,15030
AS-ABMO,8,20,2046,2467.2758857521967,267.2758857521967,15030
AS-ABMO,8,20,2047,2399.9101448674965,199.91014486749646,15030
AS-ABMO,8,20,2048,2621.5078667511316,421.5078667511316,15030
AS-ABMO,8,20,2049,2244.2659745767296,44.265974576729604,15030
AS-ABMO,8,20,2050,3440.95800848286,1240.95800848286,15030
AS-ABMO,8,20,2051,2894.874271547481,694.8742715474809,15030
AS-ABMO,8,20,2052,2268.4792116055173,68.47921160551732,15030
AS-ABMO,8,20,2053,3326.9841642401516,1126.9841642401516,15030
AS-ABMO,8,20,2054,2316.3960654795906,116.39606547959056,15030
AS-ABMO,8,20,2055,3113.1921238253262,913.1921238253262,15030
AS-ABMO,9,20,2026,2641.7392735809917,341.7392735809917,15030
AS-ABMO,9,20,2027,2635.6403056940057,335.64030569400575,15030
AS-ABMO,9,20,2028,2635.6399899512476,335.63998995124757,15030
AS-ABMO,9,20,2029,2635.7019521685907,335.70195216859065,15030
AS-ABMO,9,20,2030,2639.4791489056,339.47914890560014,15030
AS-ABMO,9,20,2031,2641.7273733276647,341.72737332766474,15030
AS-ABMO,9,20,2032,2639.467559102748,339.46755910274806,15030
AS-ABMO,9,20,2033,2635.638771642444,335.6387716424442,15030
AS-ABMO,9,20,2034,2639.4673905037253,339.46739050372526,15030
AS-ABMO,9,20,2035,2635.7928141186476,335.7928141186476,15030
AS-ABMO,9,20,2036,2635.6396302949283,335.63963029492834,15030
AS-ABMO,9,20,2037,2635.647701024645,335.6477010246449,15030
AS-ABMO,9,20,2038,2635.794193371389,335.79419337138916,15030
AS-ABMO,9,20,2039,2635.6555796375483,335.65557963754827,15030
AS-ABMO,9,20,2040,2676.9199543640084,376.9199543640084,15030
AS-ABMO,9,20,2041,2635.801742776406,335.8017427764062,15030
AS-ABMO,9,20,2042,2635.655614696649,335.6556146966491,15030
AS-ABMO,9,20,2043,2650.788304730724,350.7883047307241,15030
AS-ABMO,9,20,2044,2635.6700024620636,335.6700024620636,15030
AS-ABMO,9,20,2045,2635.6452335211843,335.6452335211843,15030
AS-ABMO,9,20,2046,2639.467304595421,339.46730459542096,15030
AS-ABMO,9,20,2047,2635.68273542118,335.68273542118004,15030
AS-ABMO,9,20,2048,2635.639664056258,335.63966405625797,15030
AS-ABMO,9,20,2049,2653.9782448006677,353.97824480066765,15030
AS-ABMO,9,20,2050,2635.6961618404807,335.6961618404807,15030
AS-ABMO,9,20,2051,2745.663073741002,445.6630737410019,15030
AS-ABMO,9,20,2052,2646.9908785011894,346.9908785011894,15030
AS-ABMO,9,20,2053,2635.6414485835726,335.6414485835726,15030
AS-ABMO,9,20,2054,2635.6672014402743,335.6672014402743,15030
AS-ABMO,9,20,2055,2635.66860348549,335.66860348549017,15030
AS-ABMO,10,20,2026,4570.842981231888,2170.842981231888,15030
AS-ABMO,10,20,2027,4514.021794764543,2114.0217947645433,15030
AS-ABMO,10,20,2028,4278.030343954584,1878.0303439545842,15030
AS-ABMO,10,20,2029,2806.5657033540956,406.5657033540956,15030
AS-ABMO,10,20,2030,3974.049268040275,1574.049268040275,15030
AS-ABMO,10,20,2031,5187.238086047244,2787.238086047244,15030
AS-ABMO,10,20,2032,4939.711778825695,2539.7117788256946,15030
AS-ABMO,10,20,2033,3713.917209251,1313.9172092509998,15030
AS-ABMO,10,20,2034,4473.87761670008,2073.8776167000797,15030
AS-ABMO,10,20,2035,3748.440618341234,1348.4406183412339,15030
AS-ABMO,10,20,2036,2807.113376097521,407.1133760975208,15030
AS-ABMO,10,20,2037,4729.653144052231,2329.6531440522313,15030
AS-ABMO,10,20,2038,4104.279733900946,1704.2797339009458,15030
AS-ABMO,10,20,2039,4501.276508621402,2101.276508621402,15030
AS-ABMO,10,20,2040,2804.7712612798755,404.7712612798755,15030
AS-ABMO,10,20,2041,4310.424554331772,1910.424554331772,15030
AS-ABMO,10,20,2042,2988.7350287527133,588.7350287527133,15030
AS-ABMO,10,20,2043,4169.650593232103,1769.6505932321033,15030
AS-ABMO,10,20,2044,4602.3215633487,2202.3215633487,15030
AS-ABMO,10,20,2045,2805.1864014596026,405.1864014596026,15030
AS-ABMO,10,20,2046,4512.776187835833,2112.7761878358333,15030
AS-ABMO,10,20,2047,4732.69622420771,2332.6962242077097,15030
AS-ABMO,10,20,2048,5149.9101950171425,2749.9101950171425,15030
AS-ABMO,10,20,2049,4997.963614831,2597.963614831,15030
AS-ABMO,10,20,2050,5367.852269223047,2967.852269223047,15030
AS-ABMO,10,20,2051,4779.228227909673,2379.2282279096726,15030
AS-ABMO,10,20,2052,4318.6224928522415,1918.6224928522415,15030
AS-ABMO,10,20,2053,4567.153444324205,2167.1534443242053,15030
AS-ABMO,10,20,2054,4620.800193735809,2220.8001937358094,15030
AS-ABMO,10,20,2055,3946.0706794355015,1546.0706794355015,15030
AS-ABMO,11,20,2026,2617.015102723629,17.015102723628843,15030
AS-ABMO,11,20,2027,2600.0000000005593,5.593392415903509e-10,15030
AS-ABMO,11,20,2028,2617.233793261648,17.23379326164786,15030
AS-ABMO,11,20,2029,2600.0000000000273,2.7284841053187847e-11,15030
AS-ABMO,11,20,2030,2617.715854500441,17.715854500440855,15030
AS-ABMO,11,20,2031,2800.4328527732387,200.43285277323866,15030
AS-ABMO,11,20,2032,4279.293126127897,1679.2931261278973,15030
AS-ABMO,11,20,2033,2600.000000000059,5.911715561524034e-11,15030
AS-ABMO,11,20,2034,4104.787856455668,1504.7878564556677,15030
AS-ABMO,11,20,2035,2600.0000000008695,8.694769348949194e-10,15030
AS-ABMO,11,20,2036,2600.000000000186,1.8599166651256382e-10,15030
AS-ABMO,11,20,2037,2635.63755022993,35.637550229930184,15030
AS-ABMO,11,20,2038,2616.472426156351,16.472426156351048,15030
AS-ABMO,11,20,2039,2654.76341043371,54.76341043370985,15030
AS-ABMO,11,20,2040,2600.00000008687,8.686993169249035e-08,15030
AS-ABMO,11,20,2041,2600.000000000026,2.5920599000528455e-11,15030
AS-ABMO,11,20,2042,2600.000000021307,2.1307187125785276e-08,15030
AS-ABMO,11,20,2043,2623.846865899659,23.84686589965895,15030
AS-ABMO,11,20,2044,2638.373361872323,38.37336187232313,15030
AS-ABMO,11,20,2045,2600.0000000000077,7.73070496506989e-12,15030
AS-ABMO,11,20,2046,2637.713401568816,37.71340156881615,15030
AS-ABMO,11,20,2047,2600.0000000004297,4.297362465877086e-10,15030
AS-ABMO,11,20,2048,2600.0000000012333,1.2332748156040907e-09,15030
AS-ABMO,11,20,2049,2600.0000000950226,9.502264219918288e-08,15030
AS-ABMO,11,20,2050,4157.056422165597,1557.0564221655968,15030
AS-ABMO,11,20,2051,2626.8516896784026,26.851689678402636,15030
AS-ABMO,11,20,2052,2600.0000000019295,1.9294930098112673e-09,15030
AS-ABMO,11,20,2053,2600.000000000068,6.821210263296962e-11,15030
AS-ABMO,11,20,2054,2600.0000000002137,2.1373125491663814e-10,15030
AS-ABMO,11,20,2055,2653.1617467846045,53.161746784604475,15030
AS-ABMO,12,20,2026,3084.236775823634,384.23677582363416,15030
AS-ABMO,12,20,2027,2947.0722701640907,247.0722701640907,15030
AS-ABMO,12,20,2028,2943.3642883016796,243.3642883016796,15030
AS-ABMO,12,20,2029,2949.6506671058987,249.65066710589872,15030
AS-ABMO,12,20,2030,2972.007177978286,272.0071779782861,15030
AS-ABMO,12,20,2031,2982.3028598211363,282.3028598211363,15030
AS-ABMO,12,20,2032,2969.214516168189,269.2145161681892,15030
AS-ABMO,12,20,2033,2948.276035453201,248.27603545320108,15030
AS-ABMO,12,20,2034,2982.996124637348,282.9961246373482,15030
AS-ABMO,12,20,2035,3054.5975712317154,354.5975712317154,15030
AS-ABMO,12,20,2036,3027.153870653752,327.15387065375216,15030
AS-ABMO,12,20,2037,2983.666470003175,283.66647000317516,15030
AS-ABMO,12,20,2038,2983.5008083514363,283.50080835143626,15030
AS-ABMO,12,20,2039,2972.9705707165335,272.97057071653353,15030
AS-ABMO,12,20,2040,3004.052104826636,304.05210482663597,15030
AS-ABMO,12,20,2041,2942.2009250713268,242.20092507132676,15030
AS-ABMO,12,20,2042,2996.10428611266,296.1042861126598,15030
AS-ABMO,12,20,2043,3004.7124067827503,304.71240678275035,15030
AS-ABMO,12,20,2044,2970.3094848599762,270.30948485997624,15030
AS-ABMO,12,20,2045,2996.293623138493,296.2936231384929,15030
AS-ABMO,12,20,2046,3000.798260101391,300.79826010139095,15030
AS-ABMO,12,20,2047,2954.8522998631774,254.85229986317745,15030
AS-ABMO,12,20,2048,3070.809544354852,370.8095443548518,15030
AS-ABMO,12,20,2049,2964.727704782149,264.727704782149,15030
AS-ABMO,12,20,2050,2978.7711805558083,278.7711805558083,15030
AS-ABMO,12,20,2051,3001.144327413863,301.1443274138628,15030
AS-ABMO,12,20,2052,2940.7285241148397,240.72852411483973,15030
AS-ABMO,12,20,2053,2965.676005296443,265.6760052964428,15030
AS-ABMO,12,20,2054,3051.2712976975076,351.27129769750763,15030
AS-ABMO,12,20,2055,2941.8678443781237,241.86784437812366,15030
RUN,1,20,2026,14405.782830483997,14105.782830483997,15043
RUN,1,20,2027,8850.55396903181,8550.55396903181,15045
RUN,1,20,2028,10457.172638073356,10157.172638073356,15060
RUN,1,20,2029,6223.374616417189,5923.374616417189,15068
RUN,1,20,2030,6566.252403228421,6266.252403228421,15038
RUN,1,20,2031,11896.655268587856,11596.655268587856,15042
RUN,1,20,2032,13856.136508465797,13556.136508465797,15072
RUN,1,20,2033,10763.324084630312,10463.324084630312,15034
RUN,1,20,2034,9019.713729530567,8719.713729530567,15078
RUN,1,20,2035,11373.150725616959,11073.150725616959,15038
RUN,1,20,2036,11533.341744130803,11233.341744130803,15051
RUN,1,20,2037,6349.262768996006,6049.262768996006,15054
RUN,1,20,2038,8766.2201245235,8466.2201245235,15081
RUN,1,20,2039,13527.464345382738,13227.464345382738,15083
RUN,1,20,2040,10560.436715823955,10260.436715823955,15038
RUN,1,20,2041,11873.861068555962,11573.861068555962,15069
RUN,1,20,2042,10632.395284184691,10332.395284184691,15053
RUN,1,20,2043,9346.879715221548,9046.879715221548,15037
RUN,1,20,2044,14291.803003904548,13991.803003904548,15086
RUN,1,20,2045,5298.064533716316,4998.064533716316,15074
RUN,1,20,2046,13679.738237330745,13379.738237330745,15069
RUN,1,20,2047,13880.241707609099,13580.241707609099,15049
RUN,1,20,2048,7876.506964252649,7576.506964252649,15033
RUN,1,20,2049,15740.735432771646,15440.735432771646,15081
RUN,1,20,2050,6258.264884871843,5958.264884871843,15084
RUN,1,20,2051,11379.866794567384,11079.866794567384,15040
RUN,1,20,2052,12740.347174959308,12440.347174959308,15069
RUN,1,20,2053,8115.692281089444,7815.692281089444,15083
RUN,1,20,2054,10089.412788315401,9789.412788315401,15078
RUN,1,20,2055,6771.530565161941,6471.530565161941,15042
RUN,2,20,2026,932.6174637529767,532.6174637529767,15041
RUN,2,20,2027,824.5016481190974,424.50164811909735,15040
RUN,2,20,2028,881.2941507248365,481.2941507248365,15065
RUN,2,20,2029,747.3576671107285,347.35766711072847,15069
RUN,2,20,2030,865.1851971465372,465.18519714653723,15050
RUN,2,20,2031,816.6108368610649,416.61083686106485,15080
RUN,2,20,2032,760.4330204842296,360.4330204842296,15081
RUN,2,20,2033,821.4205226991266,421.42052269912665,15076
RUN,2,20,2034,1096.1509500717334,696.1509500717334,15037
RUN,2,20,2035,1026.907328201948,626.9073282019481,15032
RUN,2,20,2036,756.3340721303072,356.33407213030716,15049
RUN,2,20,2037,828.235148789172,428.23514878917194,15058
RUN,2,20,2038,782.8620933344862,382.8620933344862,15048
RUN,2,20,2039,1156.462565123383,756.462565123383,15043
RUN,2,20,2040,775.4988327225053,375.4988327225053,15077
RUN,2,20,2041,1001.2291491102181,601.2291491102181,15036
RUN,2,20,2042,846.5254531548842,446.5254531548842,15038
RUN,2,20,2043,671.4049183239663,271.4049183239663,15038
RUN,2,20,2044,736.8857679505297,336.8857679505297,15074
RUN,2,20,2045,839.4765954015625,439.47659540156246,15040
RUN,2,20,2046,694.5349899000828,294.5349899000828,15039
RUN,2,20,2047,712.328882747463,312.328882747463,15082
RUN,2,20,2048,767.0186423856208,367.01864238562075,15057
RUN,2,20,2049,812.4315787786481,412.43157877864815,15042
RUN,2,20,2050,899.2900111759603,499.29001117596033,15079
RUN,2,20,2051,769.5421582160017,369.54215821600167,15060
RUN,2,20,2052,979.1921194285882,579.1921194285882,15063
RUN,2,20,2053,984.8588869447042,584.8588869447042,15067
RUN,2,20,2054,1186.6140404043633,786.6140404043633,15077
RUN,2,20,2055,893.6315734613579,493.6315734613579,15037
RUN,3,20,2026,600.3085366990222,0.30853669902217007,15069
RUN,3,20,2027,600.2218508833154,0.22185088331536917,15048
RUN,3,20,2028,600.2668235608227,0.26682356082267233,15036
RUN,3,20,2029,600.3206605333991,0.32066053339906375,15030
RUN,3,20,2030,600.251999140762,0.2519991407619955,15035
RUN,3,20,2031,600.3391461635689,0.3391461635688984,15039
RUN,3,20,2032,600.3494050754935,0.34940507549345057,15054
RUN,3,20,2033,600.3043079100162,0.30430791001617763,15038
RUN,3,20,2034,600.2674272210812,0.2674272210812205,15037
RUN,3,20,2035,600.3303539280638,0.3303539280638006,15078
RUN,3,20,2036,600.3586975621182,0.35869756211820913,15067
RUN,3,20,2037,600.6670491434306,0.6670491434306314,15080
RUN,3,20,2038,600.2707452505832,0.27074525058321797,15049
RUN,3,20,2039,600.4269142103417,0.4269142103416925,15063
RUN,3,20,2040,600.4817002379609,0.4817002379609221,15086
RUN,3,20,2041,600.1760489565709,0.17604895657086672,15061
RUN,3,20,2042,600.2895180339415,0.28951803394147646,15031
RUN,3,20,2043,600.3214714882336,0.32147148823355565,15086
RUN,3,20,2044,600.5036158152182,0.5036158152181542,15062
RUN,3,20,2045,600.3192502194195,0.31925021941947307,15059
RUN,3,20,2046,600.1806659582662,0.18066595826621779,15071
RUN,3,20,2047,600.2856192773452,0.28561927734517667,15053
RUN,3,20,2048,600.173308033703,0.17330803370305148,15069
RUN,3,20,2049,600.2562096117398,0.2562096117397914,15036
RUN,3,20,2050,600.5002095073517,0.5002095073516557,15056
RUN,3,20,2051,600.6833608960477,0.6833608960477022,15073
RUN,3,20,2052,600.2912525421211,0.2912525421211285,15035
RUN,3,20,2053,600.477605540946,0.4776055409460014,15057
RUN,3,20,2054,600.3753431260702,0.37534312607022,15069
RUN,3,20,2055,600.2158067220332,0.21580672203322138,15062
RUN,4,20,2026,974.4114761528006,174.41147615280056,15061
RUN,4,20,2027,988.3709035777106,188.37090357771058,15040
RUN,4,20,2028,1000.5,200.5,15064
RUN,4,20,2029,1014.7613392631541,214.76133926315413,15086
RUN,4,20,2030,969.051589167594,169.051589167594,15081
RUN,4,20,2031,1020.2173526878485,220.21735268784846,15040
RUN,4,20,2032,976.9537024140129,176.95370241401292,15069
RUN,4,20,2033,986.2869499569478,186.28694995694775,15080
RUN,4,20,2034,996.5,196.5,15068
RUN,4,20,2035,984.8237886772476,184.82378867724765,15045
RUN,4,20,2036,994.2146384715882,194.21463847158816,15051
RUN,4,20,2037,1023.7163756004954,223.71637560049544,15052
RUN,4,20,2038,1043.184151672192,243.184151672192,15033
RUN,4,20,2039,993.6027748312473,193.6027748312473,15055
RUN,4,20,2040,1051.1390806687173,251.13908066871727,15063
RUN,4,20,2041,974.1602300278478,174.16023002784777,15047
RUN,4,20,2042,970.0484923482543,170.04849234825429,15072
RUN,4,20,2043,979.0415955386443,179.0415955386443,15054
RUN,4,20,2044,1015.7361672699724,215.73616726997238,15031
RUN,4,20,2045,944.126821665384,144.126821665384,15049
RUN,4,20,2046,985.994390997595,185.99439099759502,15051
RUN,4,20,2047,1025.600174148896,225.60017414889603,15075
RUN,4,20,2048,985.9341828254276,185.93418282542757,15050
RUN,4,20,2049,992.0569072790001,192.05690727900014,15048
RUN,4,20,2050,1013.1602423526127,213.16024235261273,15055
RUN,4,20,2051,998.972119452332,198.97211945233198,15041
RUN,4,20,2052,1067.597677772326,267.59767777232605,15038
RUN,4,20,2053,1051.5398711260825,251.53987112608252,15035
RUN,4,20,2054,978.5668401068122,178.56684010681215,15064
RUN,4,20,2055,1028.3415627608274,228.3415627608274,15082
RUN,5,20,2026,904.0160826298787,4.016082629878724,15060
RUN,5,20,2027,904.8531764653056,4.853176465305637,15083
RUN,5,20,2028,903.526515722048,3.526515722047975,15048
RUN,5,20,2029,903.592419540526,3.5924195405259525,15081
RUN,5,20,2030,904.8784955631306,4.8784955631306275,15053
RUN,5,20,2031,902.971559522542,2.971559522541952,15069
RUN,5,20,2032,904.2187974883703,4.218797488370342,15077
RUN,5,20,2033,903.802214849792,3.8022148497919943,15083
RUN,5,20,2034,903.8545565014568,3.854556501456841,15069
RUN,5,20,2035,903.7020260640388,3.7020260640388187,15045
RUN,5,20,2036,904.0140350972468,4.014035097246847,15041
RUN,5,20,2037,903.0707042057813,3.0707042057813396,15064
RUN,5,20,2038,904.632770176027,4.632770176026952,15073
RUN,5,20,2039,903.816418197984,3.816418197984035,15046
RUN,5,20,2040,904.945624485947,4.945624485946951,15054
RUN,5,20,2041,903.1102942071007,3.110294207100651,15062
RUN,5,20,2042,904.3643669971852,4.364366997185243,15035
RUN,5,20,2043,903.7723639751017,3.7723639751017117,15051
RUN,5,20,2044,903.055829739452,3.0558297394519514,15036
RUN,5,20,2045,903.8955945952525,3.8955945952525326,15040
RUN,5,20,2046,903.6055195399958,3.6055195399958393,15042
RUN,5,20,2047,903.951147048787,3.951147048786993,15080
RUN,5,20,2048,903.4889383557368,3.4889383557367637,15050
RUN,5,20,2049,904.1324296354096,4.132429635409608,15051
RUN,5,20,2050,904.3224417953168,4.322441795316763,15041
RUN,5,20,2051,904.1963440484278,4.196344048427818,15063
RUN,5,20,2052,904.134704549462,4.134704549461958,15046
RUN,5,20,2053,903.2734115727288,3.2734115727288327,15065
RUN,5,20,2054,904.8884864090043,4.888486409004258,15063
RUN,5,20,2055,904.449403367717,4.449403367716968,15053
RUN,6,20,2026,33823507.876958564,33821707.876958564,15044
RUN,6,20,2027,175689661.84461853,175687861.84461853,15034
RUN,6,20,2028,62480210.2891592,62478410.2891592,15080
RUN,6,20,2029,321297032.61176807,321295232.61176807,15045
RUN,6,20,2030,110574475.95134605,110572675.95134605,15082
RUN,6,20,2031,103305835.65763535,103304035.65763535,15070
RUN,6,20,2032,40319797.05367799,40317997.05367799,15035
RUN,6,20,2033,55080358.485585935,55078558.485585935,15067
RUN,6,20,2034,248039901.70954773,248038101.70954773,15060
RUN,6,20,2035,254433769.89143014,254431969.89143014,15065
RUN,6,20,2036,48715236.226983234,48713436.226983234,15035
RUN,6,20,2037,120324400.35321724,120322600.35321724,15072
RUN,6,20,2038,222787824.4588605,222786024.4588605,15048
RUN,6,20,2039,66176451.999071285,66174651.999071285,15072
RUN,6,20,2040,105160408.66212507,105158608.66212507,15073
RUN,6,20,2041,61864119.29158027,61862319.29158027,15051
RUN,6,20,2042,211309982.6271872,211308182.6271872,15043
RUN,6,20,2043,95156976.46280278,95155176.46280278,15067
RUN,6,20,2044,42501559.863177024,42499759.863177024,15038
RUN,6,20,2045,305614125.44663614,305612325.44663614,15064
RUN,6,20,2046,108339620.99244025,108337820.99244025,15058
RUN,6,20,2047,92401707.48412263,92399907.48412263,15078
RUN,6,20,2048,127449865.47541988,127448065.47541988,15062
RUN,6,20,2049,309318238.61330825,309316438.61330825,15034
RUN,6,20,2050,123175393.05909756,123173593.05909756,15065
RUN,6,20,2051,45841923.23426377,45840123.23426377,15036
RUN,6,20,2052,554275497.9553509,554273697.9553509,15064
RUN,6,20,2053,56089913.87165283,56088113.87165283,15038
RUN,6,20,2054,164319464.7747127,164317664.7747127,15036
RUN,6,20,2055,104923923.30180097,104922123.30180097,15093
RUN,7,20,2026,2803.434920837174,803.4349208371741,15039
RUN,7,20,2027,2707.6156135119395,707.6156135119395,15076
RUN,7,20,2028,2472.951645151498,472.9516451514978,15085
RUN,7,20,2029,2227.417406180214,227.41740618021413,15047
RUN,7,20,2030,2348.2882705107277,348.28827051072767,15086
RUN,7,20,2031,2984.2822022269843,984.2822022269843,15036
RUN,7,20,2032,2906.9348502898297,906.9348502898297,15071
RUN,7,20,2033,2619.72625654221,619.7262565422102,15062
RUN,7,20,2034,2683.487549326022,683.487549326022,15057
RUN,7,20,2035,2959.4472705534877,959.4472705534877,15044
RUN,7,20,2036,3154.035643806125,1154.0356438061249,15034
RUN,7,20,2037,2750.764178801198,750.7641788011979,15042
RUN,7,20,2038,3422.6778603976836,1422.6778603976836,15039
RUN,7,20,2039,2496.5693135797683,496.5693135797683,15047
RUN,7,20,2040,2866.0631848963762,866.0631848963762,15075
RUN,7,20,2041,2671.0689372647003,671.0689372647003,15074
RUN,7,20,2042,2836.785511137405,836.7855111374051,15035
RUN,7,20,2043,3011.256063326843,1011.2560633268431,15045
RUN,7,20,2044,2815.148810821626,815.1488108216258,15036
RUN,7,20,2045,3245.7599342386325,1245.7599342386325,15046
RUN,7,20,2046,2240.6331453728376,240.6331453728376,15085
RUN,7,20,2047,3143.6911197977033,1143.6911197977033,15067
RUN,7,20,2048,2194.5985879843333,194.59858798433334,15046
RUN,7,20,2049,2248.105836693204,248.10583669320386,15078
RUN,7,20,2050,2429.8663507585243,429.8663507585243,15080
RUN,7,20,2051,2651.3722538290745,651.3722538290745,15042
RUN,7,20,2052,2623.929232468795,623.9292324687949,15042
RUN,7,20,2053,2424.7692611505418,424.76926115054175,15057
RUN,7,20,2054,2860.9983837718555,860.9983837718555,15052
RUN,7,20,2055,3544.1242327042773,1544.1242327042773,15035
RUN,8,20,2026,4560.202856775305,2360.202856775305,15079
RUN,8,20,2027,6405.7431016122955,4205.7431016122955,15069
RUN,8,20,2028,4624.652444983286,2424.652444983286,15040
RUN,8,20,2029,4593.412778636239,2393.4127786362387,15046
RUN,8,20,2030,6194.725409415698,3994.725409415698,15071
RUN,8,20,2031,3422.468674279862,1222.4686742798622,15079
RUN,8,20,2032,3553.7737282478747,1353.7737282478747,15031
RUN,8,20,2033,4526.865481879164,2326.865481879164,15077
RUN,8,20,2034,3389.9710485070295,1189.9710485070295,15045
RUN,8,20,2035,3732.1294768326406,1532.1294768326406,15041
RUN,8,20,2036,3974.3517479901466,1774.3517479901466,15073
RUN,8,20,2037,5385.8388804424485,3185.8388804424485,15045
RUN,8,20,2038,3676.2488798596046,1476.2488798596046,15081
RUN,8,20,2039,12218.504754038886,10018.504754038886,15041
RUN,8,20,2040,3972.8147645218323,1772.8147645218323,15066
RUN,8,20,2041,3751.0435313934877,1551.0435313934877,15075
RUN,8,20,2042,4052.014463064002,1852.014463064002,15072
RUN,8,20,2043,4408.67686634936,2208.6768663493604,15030
RUN,8,20,2044,5412.14537078568,3212.14537078568,15033
RUN,8,20,2045,4062.2754307892496,1862.2754307892496,15080
RUN,8,20,2046,3736.957633832043,1536.957633832043,15071
RUN,8,20,2047,4792.526905286016,2592.526905286016,15074
RUN,8,20,2048,3586.179379470538,1386.1793794705382,15046
RUN,8,20,2049,5424.6229376443225,3224.6229376443225,15054
RUN,8,20,2050,5570.239921059938,3370.239921059938,15078
RUN,8,20,2051,3817.8038282125426,1617.8038282125426,15055
RUN,8,20,2052,4744.876418423387,2544.876418423387,15071
RUN,8,20,2053,3936.527632899276,1736.5276328992759,15080
RUN,8,20,2054,3510.0340807726006,1310.0340807726006,15046
RUN,8,20,2055,3933.0269353973936,1733.0269353973936,15078
RUN,9,20,2026,2953.824662306371,653.824662306371,15042
RUN,9,20,2027,2913.8071837457237,613.8071837457237,15046
RUN,9,20,2028,2794.4426793391694,494.44267933916944,15068
RUN,9,20,2029,2981.5045660840487,681.5045660840487,15057
RUN,9,20,2030,2988.071668130632,688.0716681306321,15082
RUN,9,20,2031,2782.1945293064746,482.1945293064746,15091
RUN,9,20,2032,2878.954769882595,578.954769882595,15044
RUN,9,20,2033,2791.7078973554144,491.7078973554144,15086
RUN,9,20,2034,3101.661774669053,801.6617746690531,15088
RUN,9,20,2035,3073.4285231009344,773.4285231009344,15053
RUN,9,20,2036,2771.2474562344846,471.2474562344846,15080
RUN,9,20,2037,3042.342938068129,742.3429380681291,15048
RUN,9,20,2038,3282.4234715351076,982.4234715351076,15062
RUN,9,20,2039,2949.3390207876264,649.3390207876264,15047
RUN,9,20,2040,2898.8898546253245,598.8898546253245,15054
RUN,9,20,2041,3164.8133097965274,864.8133097965274,15080
RUN,9,20,2042,2775.2015479888237,475.2015479888237,15063
RUN,9,20,2043,2984.7973434541213,684.7973434541213,15064
RUN,9,20,2044,3140.421457223348,840.4214572233482,15055
RUN,9,20,2045,3238.929315271086,938.9293152710861,15046
RUN,9,20,2046,2913.701169388019,613.701169388019,15077
RUN,9,20,2047,3003.3980103871377,703.3980103871377,15085
RUN,9,20,2048,3190.628108386848,890.628108386848,15076
RUN,9,20,2049,2773.0919573853976,473.09195738539756,15038
RUN,9,20,2050,3094.2412197240646,794.2412197240646,15051
RUN,9,20,2051,2866.4686785698464,566.4686785698464,15054
RUN,9,20,2052,2989.9316157755684,689.9316157755684,15063
RUN,9,20,2053,2942.434406638651,642.4344066386511,15032
RUN,9,20,2054,3028.5025898777126,728.5025898777126,15068
RUN,9,20,2055,2993.403322998736,693.4033229987358,15031
RUN,10,20,2026,2892.891938897009,492.8919388970089,15075
RUN,10,20,2027,2909.777532805886,509.77753280588604,15048
RUN,10,20,2028,3125.4224619176975,725.4224619176975,15066
RUN,10,20,2029,2927.796223685669,527.7962236856688,15069
RUN,10,20,2030,2859.2853422642256,459.2853422642256,15050
RUN,10,20,2031,3151.3122492089906,751.3122492089906,15062
RUN,10,20,2032,2894.4278225080734,494.4278225080734,15041
RUN,10,20,2033,2856.5205157657856,456.5205157657856,15080
RUN,10,20,2034,2866.188148284274,466.1881482842741,15069
RUN,10,20,2035,2910.4515775223504,510.45157752235036,15085
RUN,10,20,2036,2903.8019473120135,503.80194731201345,15066
RUN,10,20,2037,2887.754712216174,487.7547122161741,15081
RUN,10,20,2038,2889.2922102430143,489.2922102430143,15066
RUN,10,20,2039,2881.449612517559,481.4496125175592,15038
RUN,10,20,2040,6664.565445435734,4264.565445435734,15078
RUN,10,20,2041,3147.7574344094537,747.7574344094537,15072
RUN,10,20,2042,3180.4569270066922,780.4569270066922,15068
RUN,10,20,2043,3016.0361329016832,616.0361329016832,15055
RUN,10,20,2044,2840.4690284887033,440.4690284887033,15036
RUN,10,20,2045,2903.6302515558386,503.63025155583864,15074
RUN,10,20,2046,2922.457516553864,522.457516553864,15057
RUN,10,20,2047,7132.473070413836,4732.473070413836,15077
RUN,10,20,2048,2927.459803601463,527.4598036014631,15082
RUN,10,20,2049,3689.4196126139764,1289.4196126139764,15031
RUN,10,20,2050,7108.799731475215,4708.799731475215,15081
RUN,10,20,2051,2909.5025593605833,509.5025593605833,15045
RUN,10,20,2052,2951.6203619450935,551.6203619450935,15037
RUN,10,20,2053,7185.094966584911,4785.094966584911,15058
RUN,10,20,2054,7324.535674810104,4924.535674810104,15081
RUN,10,20,2055,6996.379122662296,4596.379122662296,15044
RUN,11,20,2026,2779.0814351281497,179.08143512814968,15079
RUN,11,20,2027,2663.0841623734054,63.084162373405434,15051
RUN,11,20,2028,2768.7481658789793,168.7481658789793,15060
RUN,11,20,2029,2696.929148170851,96.92914817085102,15043
RUN,11,20,2030,2790.791806429212,190.7918064292121,15037
RUN,11,20,2031,2848.036943159922,248.03694315992198,15063
RUN,11,20,2032,2730.818703350181,130.81870335018084,15037
RUN,11,20,2033,2689.6711640640283,89.67116406402829,15083
RUN,11,20,2034,4417.265797406809,1817.2657974068088,15064
RUN,11,20,2035,2725.6159532857946,125.6159532857946,15051
RUN,11,20,2036,2906.908563746231,306.9085637462308,15046
RUN,11,20,2037,2688.417515244137,88.41751524413712,15088
RUN,11,20,2038,2734.4736766363735,134.4736766363735,15076
RUN,11,20,2039,2785.9811709142837,185.98117091428367,15068
RUN,11,20,2040,2741.803870481492,141.80387048149214,15058
RUN,11,20,2041,2843.216093658122,243.2160936581222,15050
RUN,11,20,2042,2920.673478666817,320.6734786668171,15078
RUN,11,20,2043,2797.733573239469,197.73357323946902,15062
RUN,11,20,2044,2852.4616776141766,252.46167761417655,15037
RUN,11,20,2045,2673.7860197089385,73.78601970893851,15077
RUN,11,20,2046,2865.6817245085044,265.68172450850443,15054
RUN,11,20,2047,2719.419054077493,119.419054077493,15037
RUN,11,20,2048,3016.0737880032307,416.0737880032307,15035
RUN,11,20,2049,2956.5850935652797,356.58509356527975,15059
RUN,11,20,2050,2702.0618094113183,102.06180941131834,15034
RUN,11,20,2051,2663.9663232769826,63.96632327698262,15078
RUN,11,20,2052,2957.646306814934,357.6463068149342,15073
RUN,11,20,2053,2702.3504658167876,102.35046581678762,15055
RUN,11,20,2054,2726.1797043767897,126.17970437678969,15080
RUN,11,20,2055,2718.4536773233103,118.45367732331033,15033
RUN,12,20,2026,2999.419119435249,299.41911943524883,15052
RUN,12,20,2027,3001.9249514874,301.9249514874,15045
RUN,12,20,2028,3017.8017458732857,317.80174587328565,15032
RUN,12,20,2029,3015.301021982615,315.3010219826151,15084
RUN,12,20,2030,3028.2163884132733,328.2163884132733,15045
RUN,12,20,2031,2999.8686592040362,299.86865920403625,15061
RUN,12,20,2032,2999.7829341118977,299.7829341118977,15043
RUN,12,20,2033,3027.491700945553,327.491700945553,15047
RUN,12,20,2034,3046.956615797785,346.95661579778516,15051
RUN,12,20,2035,3009.339731698713,309.33973169871297,15052
RUN,12,20,2036,3023.643041217145,323.64304121714486,15073
RUN,12,20,2037,3040.6240060483037,340.6240060483037,15070
RUN,12,20,2038,3011.639883776388,311.63988377638816,15062
RUN,12,20,2039,3003.13655161564,303.1365516156402,15040
RUN,12,20,2040,2990.591353335397,290.5913533353969,15079
RUN,12,20,2041,3007.2382514157975,307.23825141579755,15057
RUN,12,20,2042,3007.0367100049525,307.0367100049525,15045
RUN,12,20,2043,3002.7251344197607,302.7251344197607,15058
RUN,12,20,2044,3007.175261186633,307.1752611866332,15036
RUN,12,20,2045,3022.6950094675412,322.69500946754124,15064
RUN,12,20,2046,3040.4701893139336,340.4701893139336,15061
RUN,12,20,2047,3046.029790962144,346.02979096214403,15074
RUN,12,20,2048,3003.330493221435,303.33049322143506,15092
RUN,12,20,2049,2994.568271423669,294.5682714236691,15033
RUN,12,20,2050,3005.0268676713467,305.02686767134674,15055
RUN,12,20,2051,3001.6053855216087,301.6053855216087,15041
RUN,12,20,2052,3019.1007945683987,319.10079456839867,15042
RUN,12,20,2053,3011.245732773531,311.245732773531,15060
RUN,12,20,2054,3004.6323812627224,304.63238126272245,15049
RUN,12,20,2055,3036.0227110657625,336.02271106576245,15056
GWO,1,20,2026,1686.5760165952547,1386.5760165952547,15030
GWO,1,20,2027,2471.6231355818486,2171.6231355818486,15030
GWO,1,20,2028,1660.647392904366,1360.647392904366,15030
GWO,1,20,2029,1581.0156405722303,1281.0156405722303,15030
GWO,1,20,2030,1357.5182647413944,1057.5182647413944,15030
GWO,1,20,2031,1573.4484916421632,1273.4484916421632,15030
GWO,1,20,2032,3326.423467046126,3026.423467046126,15030
GWO,1,20,2033,1575.6648751710943,1275.6648751710943,15030
GWO,1,20,2034,1653.355366843903,1353.355366843903,15030
GWO,1,20,2035,1657.8298482723867,1357.8298482723867,15030
GWO,1,20,2036,1757.7689329323155,1457.7689329323155,15030
GWO,1,20,2037,3159.233655281685,2859.233655281685,15030
GWO,1,20,2038,1729.0384710695666,1429.0384710695666,15030
GWO,1,20,2039,1535.9441838545522,1235.9441838545522,15030
GWO,1,20,2040,2088.5744376785124,1788.5744376785124,15030
GWO,1,20,2041,1199.9251984352927,899.9251984352927,15030
GWO,1,20,2042,3263.5780157163135,2963.5780157163135,15030
GWO,1,20,2043,1294.6756316210508,994.6756316210508,15030
GWO,1,20,2044,1110.2417960358534,810.2417960358534,15030
GWO,1,20,2045,1298.7708909870198,998.7708909870198,15030
GWO,1,20,2046,1668.0375000779459,1368.0375000779459,15030
GWO,1,20,2047,1153.7462915114666,853.7462915114666,15030
GWO,1,20,2048,1340.0306681618042,1040.0306681618042,15030
GWO,1,20,2049,1985.3600953730877,1685.3600953730877,15030
GWO,1,20,2050,1914.7226268270886,1614.7226268270886,15030
GWO,1,20,2051,1526.1343778252185,1226.1343778252185,15030
GWO,1,20,2052,2815.050198735428,2515.050198735428,15030
GWO,1,20,2053,1999.3856579140513,1699.3856579140513,15030
GWO,1,20,2054,2465.183339619464,2165.183339619464,15030
GWO,1,20,2055,1644.0682597742461,1344.0682597742461,15030
GWO,2,20,2026,501.2175903910525,101.21759039105251,15030
GWO,2,20,2027,517.5535372842177,117.55353728421767,15030
GWO,2,20,2028,512.1076923375821,112.10769233758208,15030
GWO,2,20,2029,557.3385288937401,157.3385288937401,15030
GWO,2,20,2030,487.0147781504065,87.01477815040653,15030
GWO,2,20,2031,511.34742998933217,111.34742998933217,15030
GWO,2,20,2032,524.994697705078,124.99469770507801,15030
GWO,2,20,2033,527.8318575751605,127.83185757516048,15030
GWO,2,20,2034,507.41623370622784,107.41623370622784,15030
GWO,2,20,2035,495.1408683828436,95.14086838284362,15030
GWO,2,20,2036,518.1270300981364,118.1270300981364,15030
GWO,2,20,2037,549.542482322271,149.54248232227098,15030
GWO,2,20,2038,516.5762294914239,116.57622949142387,15030
GWO,2,20,2039,503.8119096483588,103.81190964835878,15030
GWO,2,20,2040,523.9067652143332,123.90676521433318,15030
GWO,2,20,2041,498.60459030914956,98.60459030914956,15030
GWO,2,20,2042,495.61629726415225,95.61629726415225,15030
GWO,2,20,2043,488.1531145762772,88.15311457627718,15030
GWO,2,20,2044,516.8861278156238,116.88612781562381,15030
GWO,2,20,2045,519.141819326504,119.14181932650399,15030
GWO,2,20,2046,512.4819675078245,112.48196750782449,15030
GWO,2,20,2047,550.8166920485573,150.81669204855734,15030
GWO,2,20,2048,493.9580539171627,93.95805391716272,15030
GWO,2,20,2049,528.0812541856559,128.0812541856559,15030
GWO,2,20,2050,502.52989099990396,102.52989099990396,15030
GWO,2,20,2051,577.1644209912205,177.16442099122048,15030
GWO,2,20,2052,521.9685215508443,121.96852155084434,15030
GWO,2,20,2053,500.45780023186813,100.45780023186813,15030
GWO,2,20,2054,526.117099074045,126.11709907404497,15030
GWO,2,20,2055,485.0786545559208,85.07865455592082,15030
GWO,3,20,2026,600.0948717902696,0.09487179026962167,15030
GWO,3,20,2027,600.0545899272541,0.05458992725414191,15030
GWO,3,20,2028,600.092003064568,0.0920030645679617,15030
GWO,3,20,2029,600.0790955614684,0.07909556146842078,15030
GWO,3,20,2030,600.0950807282347,0.09508072823473412,15030
GWO,3,20,2031,600.0513182266488,0.051318226648845666,15030
GWO,3,20,2032,600.0852453749164,0.08524537491643969,15030
GWO,3,20,2033,600.0807445769473,0.08074457694726789,15030
GWO,3,20,2034,600.1033519021499,0.10335190214993872,15030
GWO,3,20,2035,600.0728592410454,0.07285924104542119,15030
GWO,3,20,2036,600.0733754146245,0.07337541462447916,15030
GWO,3,20,2037,600.0747336071814,0.07473360718142885,15030
GWO,3,20,2038,600.083671385739,0.08367138573896682,15030
GWO,3,20,2039,600.1144278850978,0.11442788509782531,15030
GWO,3,20,2040,600.0860104481826,0.08601044818260561,15030
GWO,3,20,2041,600.0774830498992,0.07748304989922872,15030
GWO,3,20,2042,600.079277127302,0.07927712730202074,15030
GWO,3,20,2043,600.0517422335967,0.05174223359665575,15030
GWO,3,20,2044,600.0521997397243,0.05219973972430125,15030
GWO,3,20,2045,600.0650565631911,0.06505656319109221,15030
GWO,3,20,2046,600.0917551775084,0.09175517750838935,15030
GWO,3,20,2047,600.0843496171703,0.08434961717034639,15030
GWO,3,20,2048,600.0601256981108,0.06012569811082358,15030
GWO,3,20,2049,600.0891108660513,0.08911086605132823,15030
GWO,3,20,2050,600.0864162380005,0.08641623800053821,15030
GWO,3,20,2051,600.0823174640211,0.0823174640211164,15030
GWO,3,20,2052,600.0730390441767,0.07303904417665308,15030
GWO,3,20,2053,600.0863125868095,0.08631258680952669,15030
GWO,3,20,2054,600.0726971514673,0.0726971514673096,15030
GWO,3,20,2055,600.0806133978311,0.08061339783114363,15030
GWO,4,20,2026,972.1411075457258,172.14110754572584,15030
GWO,4,20,2027,1050.3008368693247,250.3008368693247,15030
GWO,4,20,2028,1028.8765307893937,228.87653078939366,15030
GWO,4,20,2029,989.2098186729874,189.20981867298735,15030
GWO,4,20,2030,1003.1537674637796,203.15376746377956,15030
GWO,4,20,2031,1001.7920846075754,201.79208460757536,15030
GWO,4,20,2032,1008.5120970844204,208.51209708442036,15030
GWO,4,20,2033,992.8013731139865,192.80137311398653,15030
GWO,4,20,2034,993.8572031296806,193.85720312968056,15030
GWO,4,20,2035,1013.5117805194948,213.51178051949478,15030
GWO,4,20,2036,1018.1817243979674,218.1817243979674,15030
GWO,4,20,2037,1004.6310528942635,204.63105289426346,15030
GWO,4,20,2038,1076.872340233484,276.872340233484,15030
GWO,4,20,2039,1023.5486540465073,223.5486540465073,15030
GWO,4,20,2040,1023.9716764761182,223.9716764761182,15030
GWO,4,20,2041,965.0473004323538,165.04730043235384,15030
GWO,4,20,2042,973.0481829064285,173.04818290642845,15030
GWO,4,20,2043,1055.2663762478987,255.26637624789873,15030
GWO,4,20,2044,982.3861007984854,182.38610079848536,15030
GWO,4,20,2045,1051.9399207649126,251.93992076491259,15030
GWO,4,20,2046,996.1091342932363,196.10913429323625,15030
GWO,4,20,2047,1003.7421539445468,203.74215394454677,15030
GWO,4,20,2048,952.0318890398705,152.03188903987052,15030
GWO,4,20,2049,1041.6959942879423,241.6959942879423,15030
GWO,4,20,2050,978.5608732728367,178.56087327283672,15030
GWO,4,20,2051,1049.9264310986287,249.92643109862865,15030
GWO,4,20,2052,1011.326246765934,211.326246765934,15030
GWO,4,20,2053,1035.9664037735831,235.96640377358312,15030
GWO,4,20,2054,1005.0763192682766,205.07631926827662,15030
GWO,4,20,2055,1011.2186980429634,211.2186980429634,15030
GWO,5,20,2026,900.8029934985456,0.8029934985455611,15030
GWO,5,20,2027,901.0911886717355,1.0911886717354946,15030
GWO,5,20,2028,901.5777620605234,1.577762060523355,15030
GWO,5,20,2029,901.6030437037491,1.6030437037491083,15030
GWO,5,20,2030,901.4344258867536,1.4344258867536155,15030
GWO,5,20,2031,900.651733718578,0.6517337185780434,15030
GWO,5,20,2032,901.098395462796,1.0983954627960202,15030
GWO,5,20,2033,901.7758742194738,1.7758742194738488,15030
GWO,5,20,2034,900.6874668745292,0.6874668745291501,15030
GWO,5,20,2035,901.2787014336652,1.2787014336652192,15030
GWO,5,20,2036,902.5107645185416,2.5107645185415777,15030
GWO,5,20,2037,900.7876764245484,0.7876764245484082,15030
GWO,5,20,2038,901.0008663964137,1.0008663964136986,15030
GWO,5,20,2039,900.9186880559048,0.918688055904795,15030
GWO,5,20,2040,903.6827091386976,3.6827091386976463,15030
GWO,5,20,2041,904.4897878922249,4.489787892224854,15030
GWO,5,20,2042,900.847517806829,0.8475178068290461,15030
GWO,5,20,2043,900.7320445465909,0.7320445465909415,15030
GWO,5,20,2044,901.2210494365987,1.2210494365987188,15030
GWO,5,20,2045,901.0101951579838,1.0101951579838442,15030
GWO,5,20,2046,903.7092130178554,3.7092130178554044,15030
GWO,5,20,2047,901.5320031457729,1.5320031457729328,15030
GWO,5,20,2048,901.3021612887882,1.3021612887881702,15030
GWO,5,20,2049,901.2348621185641,1.2348621185641377,15030
GWO,5,20,2050,903.1573936073917,3.1573936073916684,15030
GWO,5,20,2051,901.2432520688243,1.2432520688242903,15030
GWO,5,20,2052,901.3416337135438,1.3416337135438425,15030
GWO,5,20,2053,901.3170939240714,1.3170939240714006,15030
GWO,5,20,2054,901.6225966161701,1.6225966161700853,15030
GWO,5,20,2055,901.3621341045174,1.362134104517395,15030
GWO,6,20,2026,62915795.27411913,62913995.27411913,15030
GWO,6,20,2027,40141999.350263216,40140199.350263216,15030
GWO,6,20,2028,30163620.450297754,30161820.450297754,15030
GWO,6,20,2029,32383685.043107387,32381885.043107387,15030
GWO,6,20,2030,35584054.94519647,35582254.94519647,15030
GWO,6,20,2031,30687447.429681364,30685647.429681364,15030
GWO,6,20,2032,49758603.20908005,49756803.20908005,15030
GWO,6,20,2033,47064831.224660926,47063031.224660926,15030
GWO,6,20,2034,36853778.639423415,36851978.639423415,15030
GWO,6,20,2035,18570327.23426617,18568527.23426617,15030
GWO,6,20,2036,48702417.049227305,48700617.049227305,15030
GWO,6,20,2037,13209432.045141246,13207632.045141246,15030
GWO,6,20,2038,25096211.069889646,25094411.069889646,15030
GWO,6,20,2039,42208054.99203804,42206254.99203804,15030
GWO,6,20,2040,16130226.188596731,16128426.188596731,15030
GWO,6,20,2041,65929214.479720466,65927414.479720466,15030
GWO,6,20,2042,53710374.49197537,53708574.49197537,15030
GWO,6,20,2043,65372006.16688616,65370206.16688616,15030
GWO,6,20,2044,80981415.73163886,80979615.73163886,15030
GWO,6,20,2045,41883320.75387236,41881520.75387236,15030
GWO,6,20,2046,35927747.58076191,35925947.58076191,15030
GWO,6,20,2047,74644785.52798487,74642985.52798487,15030
GWO,6,20,2048,12594225.989689508,12592425.989689508,15030
GWO,6,20,2049,38969057.99985391,38967257.99985391,15030
GWO,6,20,2050,27904940.262327924,27903140.262327924,15030
GWO,6,20,2051,30990528.76527487,30988728.76527487,15030
GWO,6,20,2052,54507943.19507916,54506143.19507916,15030
GWO,6,20,2053,33522213.005515818,33520413.005515818,15030
GWO,6,20,2054,60367367.086985305,60365567.086985305,15030
GWO,6,20,2055,33369437.087911908,33367637.087911908,15030
GWO,7,20,2026,2458.6481520666657,458.6481520666657,15030
GWO,7,20,2027,2349.777105339992,349.777105339992,15030
GWO,7,20,2028,2253.6173189088745,253.6173189088745,15030
GWO,7,20,2029,2236.921035291603,236.92103529160295,15030
GWO,7,20,2030,2264.011065144673,264.011065144673,15030
GWO,7,20,2031,2250.161760777254,250.16176077725413,15030
GWO,7,20,2032,2316.372513170486,316.37251317048595,15030
GWO,7,20,2033,2196.20406213106,196.2040621310598,15030
GWO,7,20,2034,2277.850794592359,277.85079459235885,15030
GWO,7,20,2035,2233.76717218642,233.76717218641988,15030
GWO,7,20,2036,2242.4304215257034,242.43042152570342,15030
GWO,7,20,2037,2231.854178045499,231.85417804549888,15030
GWO,7,20,2038,2218.8692686467216,218.8692686467216,15030
GWO,7,20,2039,2393.492365663745,393.4923656637452,15030
GWO,7,20,2040,2256.5535424053537,256.5535424053537,15030
GWO,7,20,2041,2258.4202922306044,258.42029223060445,15030
GWO,7,20,2042,2268.711352041436,268.71135204143593,15030
GWO,7,20,2043,2303.337745410851,303.33774541085086,15030
GWO,7,20,2044,2285.118026661272,285.11802666127187,15030
GWO,7,20,2045,2283.156807849123,283.1568078491232,15030
GWO,7,20,2046,2338.4279002362246,338.42790023622456,15030
GWO,7,20,2047,2275.6852689975344,275.6852689975344,15030
GWO,7,20,2048,2250.3366373959407,250.33663739594067,15030
GWO,7,20,2049,2208.9505028230133,208.95050282301327,15030
GWO,7,20,2050,2190.165854821788,190.1658548217879,15030
GWO,7,20,2051,2235.239519030906,235.2395190309062,15030
GWO,7,20,2052,2388.8661120665565,388.8661120665565,15030
GWO,7,20,2053,2319.7667014990593,319.7667014990593,15030
GWO,7,20,2054,2234.895444880406,234.8954448804061,15030
GWO,7,20,2055,2193.545060553651,193.54506055365118,15030
GWO,8,20,2026,4529.700456553408,2329.700456553408,15030
GWO,8,20,2027,8897.07692069629,6697.0769206962905,15030
GWO,8,20,2028,7399.260837721262,5199.260837721262,15030
GWO,8,20,2029,11139.608516022556,8939.608516022556,15030
GWO,8,20,2030,5082.511473145903,2882.5114731459034,15030
GWO,8,20,2031,4628.074173264618,2428.0741732646184,15030
GWO,8,20,2032,6586.063029381692,4386.063029381692,15030
GWO,8,20,2033,64296.16197720622,62096.16197720622,15030
GWO,8,20,2034,8651.275294400182,6451.275294400182,15030
GWO,8,20,2035,81910.24142894939,79710.24142894939,15030
GWO,8,20,2036,4573.414585643621,2373.4145856436207,15030
GWO,8,20,2037,7126.496446061366,4926.496446061366,15030
GWO,8,20,2038,15579.881440766017,13379.881440766017,15030
GWO,8,20,2039,12397.96982017984,10197.96982017984,15030
GWO,8,20,2040,7426.71573272131,5226.71573272131,15030
GWO,8,20,2041,5904.204427564338,3704.2044275643384,15030
GWO,8,20,2042,4079.1560055975824,1879.1560055975824,15030
GWO,8,20,2043,6079.637620212552,3879.637620212552,15030
GWO,8,20,2044,7521.3853643179555,5321.3853643179555,15030
GWO,8,20,2045,6253.264694534316,4053.264694534316,15030
GWO,8,20,2046,11172.788869393722,8972.788869393722,15030
GWO,8,20,2047,5857.125201734291,3657.1252017342913,15030
GWO,8,20,2048,7388.52011002675,5188.52011002675,15030
GWO,8,20,2049,7058.319947459171,4858.319947459171,15030
GWO,8,20,2050,5316.703733114267,3116.7037331142674,15030
GWO,8,20,2051,11053.364877188491,8853.364877188491,15030
GWO,8,20,2052,13850.778618922055,11650.778618922055,15030
GWO,8,20,2053,5979.382134667047,3779.3821346670466,15030
GWO,8,20,2054,4864.354726615662,2664.354726615662,15030
GWO,8,20,2055,6396.080476592641,4196.080476592641,15030
GWO,9,20,2026,2703.813600291434,403.8136002914339,15030
GWO,9,20,2027,2675.4915664803375,375.4915664803375,15030
GWO,9,20,2028,2739.551619664709,439.55161966470905,15030
GWO,9,20,2029,2684.682908320618,384.682908320618,15030
GWO,9,20,2030,2750.8702015138115,450.8702015138115,15030
GWO,9,20,2031,2673.1187502674825,373.1187502674825,15030
GWO,9,20,2032,2694.8330715126967,394.83307151269673,15030
GWO,9,20,2033,2696.5398834383695,396.53988343836954,15030
GWO,9,20,2034,2711.8611594077383,411.86115940773834,15030
GWO,9,20,2035,2681.1472803060224,381.14728030602237,15030
GWO,9,20,2036,2765.3805081122064,465.38050811220637,15030
GWO,9,20,2037,2705.272634786892,405.272634786892,15030
GWO,9,20,2038,2668.580706728407,368.5807067284072,15030
GWO,9,20,2039,2683.4789532999794,383.47895329997937,15030
GWO,9,20,2040,2684.3290493301483,384.32904933014834,15030
GWO,9,20,2041,2672.650045321371,372.6500453213712,15030
GWO,9,20,2042,2702.9683776244374,402.9683776244374,15030
GWO,9,20,2043,2680.660720216229,380.66072021622904,15030
GWO,9,20,2044,2707.2530383186336,407.25303831863357,15030
GWO,9,20,2045,2746.6276178882426,446.62761788824264,15030
GWO,9,20,2046,2812.3352267889904,512.3352267889904,15030
GWO,9,20,2047,2712.8029802241726,412.80298022417264,15030
GWO,9,20,2048,2713.0796091051757,413.0796091051757,15030
GWO,9,20,2049,2684.593971647048,384.59397164704797,15030
GWO,9,20,2050,2788.078125237409,488.07812523740904,15030
GWO,9,20,2051,2699.24465163883,399.24465163882996,15030
GWO,9,20,2052,2706.6655006805613,406.6655006805613,15030
GWO,9,20,2053,2731.194606690533,431.19460669053296,15030
GWO,9,20,2054,2705.088278139161,405.08827813916105,15030
GWO,9,20,2055,2668.317847527567,368.3178475275672,15030
GWO,10,20,2026,3030.2837878410087,630.2837878410087,15030
GWO,10,20,2027,2824.9163074283747,424.9163074283747,15030
GWO,10,20,2028,2823.1327309500302,423.13273095003024,15030
GWO,10,20,2029,2826.935725084709,426.9357250847088,15030
GWO,10,20,2030,6845.365536147058,4445.365536147058,15030
GWO,10,20,2031,5656.706528494918,3256.7065284949176,15030
GWO,10,20,2032,3012.2967841967297,612.2967841967297,15030
GWO,10,20,2033,6973.06484444944,4573.06484444944,15030
GWO,10,20,2034,6812.220925468207,4412.220925468207,15030
GWO,10,20,2035,2823.8137395764657,423.81373957646565,15030
GWO,10,20,2036,2823.1065796789053,423.1065796789053,15030
GWO,10,20,2037,3005.218992382656,605.2189923826559,15030
GWO,10,20,2038,6458.371540656741,4058.3715406567408,15030
GWO,10,20,2039,6210.866381158374,3810.8663811583738,15030
GWO,10,20,2040,6720.193770318733,4320.193770318733,15030
GWO,10,20,2041,6129.679134521956,3729.6791345219563,15030
GWO,10,20,2042,3014.7596339264387,614.7596339264387,15030
GWO,10,20,2043,6880.089779416793,4480.089779416793,15030
GWO,10,20,2044,6519.682521708477,4119.682521708477,15030
GWO,10,20,2045,6275.345776167677,3875.3457761676773,15030
GWO,10,20,2046,6300.725325151718,3900.7253251517177,15030
GWO,10,20,2047,6828.903982286403,4428.903982286403,15030
GWO,10,20,2048,3024.111343600114,624.1113436001142,15030
GWO,10,20,2049,2830.84725987735,430.8472598773501,15030
GWO,10,20,2050,6051.065381627746,3651.0653816277463,15030
GWO,10,20,2051,7110.670864021958,4710.670864021958,15030
GWO,10,20,2052,2824.8114520120394,424.81145201203935,15030
GWO,10,20,2053,6766.317920139787,4366.317920139787,15030
GWO,10,20,2054,6590.285743391714,4190.285743391714,15030
GWO,10,20,2055,3035.639087797439,635.6390877974391,15030
GWO,11,20,2026,2630.8266018971326,30.826601897132605,15030
GWO,11,20,2027,2632.3730073312263,32.37300733122629,15030
GWO,11,20,2028,2634.7127446359855,34.71274463598547,15030
GWO,11,20,2029,2671.923397734696,71.92339773469621,15030
GWO,11,20,2030,2636.1734244492864,36.17342444928636,15030
GWO,11,20,2031,2633.596565958848,33.596565958847805,15030
GWO,11,20,2032,2631.871297321087,31.871297321086786,15030
GWO,11,20,2033,2632.0232384609913,32.02323846099125,15030
GWO,11,20,2034,2664.927874428727,64.92787442872714,15030
GWO,11,20,2035,2628.1634790479993,28.163479047999317,15030
GWO,11,20,2036,2637.105789705708,37.10578970570805,15030
GWO,11,20,2037,2641.295087096082,41.29508709608217,15030
GWO,11,20,2038,2632.7145147432566,32.714514743256586,15030
GWO,11,20,2039,2629.8984527376833,29.89845273768333,15030
GWO,11,20,2040,2631.060681208209,31.06068120820919,15030
GWO,11,20,2041,2636.5796972067105,36.579697206710534,15030
GWO,11,20,2042,2640.442787554489,40.44278755448886,15030
GWO,11,20,2043,2631.0352088271725,31.035208827172482,15030
GWO,11,20,2044,2630.5609088987603,30.560908898760317,15030
GWO,11,20,2045,2644.287004559492,44.287004559491834,15030
GWO,11,20,2046,2644.9660355617284,44.966035561728404,15030
GWO,11,20,2047,2663.4147308532056,63.41473085320558,15030
GWO,11,20,2048,2638.376970290966,38.3769702909658,15030
GWO,11,20,2049,2636.586599183005,36.58659918300509,15030
GWO,11,20,2050,2641.638719860952,41.638719860951824,15030
GWO,11,20,2051,2627.841329979224,27.841329979224156,15030
GWO,11,20,2052,2630.848600450226,30.84860045022606,15030
GWO,11,20,2053,2627.600667064786,27.600667064786194,15030
GWO,11,20,2054,2627.6379209112933,27.63792091129335,15030
GWO,11,20,2055,2643.8567694994285,43.85676949942854,15030
GWO,12,20,2026,2961.172246725331,261.1722467253312,15030
GWO,12,20,2027,2981.216887789088,281.2168877890881,15030
GWO,12,20,2028,2993.989807181214,293.989807181214,15030
GWO,12,20,2029,2956.0041344245037,256.0041344245037,15030
GWO,12,20,2030,3018.4039093147285,318.4039093147285,15030
GWO,12,20,2031,2992.891969486763,292.8919694867632,15030
GWO,12,20,2032,2974.1193391054067,274.11933910540665,15030
GWO,12,20,2033,2982.836098288038,282.8360982880381,15030
GWO,12,20,2034,2980.7385317586777,280.7385317586777,15030
GWO,12,20,2035,2966.1186139193564,266.11861391935645,15030
GWO,12,20,2036,2958.0777508953347,258.0777508953347,15030
GWO,12,20,2037,2962.614329283127,262.61432928312706,15030
GWO,12,20,2038,2971.3104897875287,271.3104897875287,15030
GWO,12,20,2039,2990.865027612111,290.86502761211113,15030
GWO,12,20,2040,2993.345227299298,293.34522729929813,15030
GWO,12,20,2041,2971.128772638475,271.12877263847486,15030
GWO,12,20,2042,3062.3424860603263,362.34248606032634,15030
GWO,12,20,2043,2967.3634579056925,267.3634579056925,15030
GWO,12,20,2044,2986.25908268706,286.2590826870601,15030
GWO,12,20,2045,3032.732964391386,332.73296439138585,15030
GWO,12,20,2046,2969.247448772967,269.2474487729669,15030
GWO,12,20,2047,2998.99672239629,298.9967223962899,15030
GWO,12,20,2048,3004.6984280301117,304.6984280301117,15030
GWO,12,20,2049,2974.3178911926307,274.31789119263067,15030
GWO,12,20,2050,2981.80957404927,281.80957404926994,15030
GWO,12,20,2051,2992.0061084067734,292.00610840677336,15030
GWO,12,20,2052,2970.450183595746,270.4501835957458,15030
GWO,12,20,2053,2971.66313650753,271.66313650753,15030
GWO,12,20,2054,3030.3078204458598,330.30782044585976,15030
GWO,12,20,2055,3000.1635069511362,300.16350695113624,15030
WOA,1,20,2026,12608.004115284624,12308.004115284624,15030
WOA,1,20,2027,15033.617450050146,14733.617450050146,15030
WOA,1,20,2028,17749.900784895613,17449.900784895613,15030
WOA,1,20,2029,9025.305819457682,8725.305819457682,15030
WOA,1,20,2030,7759.605929892963,7459.605929892963,15030
WOA,1,20,2031,14694.783742972324,14394.783742972324,15030
WOA,1,20,2032,15667.009398002501,15367.009398002501,15030
WOA,1,20,2033,5432.079181832036,5132.079181832036,15030
WOA,1,20,2034,13829.538298591971,13529.538298591971,15030
WOA,1,20,2035,6055.1592145770155,5755.1592145770155,15030
WOA,1,20,2036,2319.319365075131,2019.319365075131,15030
WOA,1,20,2037,5710.551793502453,5410.551793502453,15030
WOA,1,20,2038,7646.951381543934,7346.951381543934,15030
WOA,1,20,2039,25489.825942554955,25189.825942554955,15030
WOA,1,20,2040,7603.044699513163,7303.044699513163,15030
WOA,1,20,2041,4896.08294957522,4596.08294957522,15030
WOA,1,20,2042,15160.45788447039,14860.45788447039,15030
WOA,1,20,2043,3652.0080100165005,3352.0080100165005,15030
WOA,1,20,2044,2797.428036332129,2497.428036332129,15030
WOA,1,20,2045,10975.986908323799,10675.986908323799,15030
WOA,1,20,2046,17752.607767656675,17452.607767656675,15030
WOA,1,20,2047,6989.042658992618,6689.042658992618,15030
WOA,1,20,2048,10008.845119149037,9708.845119149037,15030
WOA,1,20,2049,10682.42959899156,10382.42959899156,15030
WOA,1,20,2050,9707.605193062758,9407.605193062758,15030
WOA,1,20,2051,3412.7973087244964,3112.7973087244964,15030
WOA,1,20,2052,9157.930322584332,8857.930322584332,15030
WOA,1,20,2053,17886.00724516234,17586.00724516234,15030
WOA,1,20,2054,14496.356120322574,14196.356120322574,15030
WOA,1,20,2055,7724.587591312965,7424.587591312965,15030
WOA,2,20,2026,524.187620367883,124.18762036788303,15030
WOA,2,20,2027,682.7423907700932,282.74239077009315,15030
WOA,2,20,2028,547.4400085803143,147.44000858031427,15030
WOA,2,20,2029,719.7740965855985,319.7740965855985,15030
WOA,2,20,2030,640.982074448734,240.982074448734,15030
WOA,2,20,2031,987.4005177702871,587.4005177702871,15030
WOA,2,20,2032,763.9889297720979,363.9889297720979,15030
WOA,2,20,2033,762.886700151261,362.88670015126104,15030
WOA,2,20,2034,1000.8541358203837,600.8541358203837,15030
WOA,2,20,2035,827.4384975489297,427.4384975489297,15030
WOA,2,20,2036,607.1486352005434,207.14863520054337,15030
WOA,2,20,2037,625.1138060809533,225.11380608095328,15030
WOA,2,20,2038,629.0266135802203,229.02661358022033,15030
WOA,2,20,2039,642.112777378378,242.11277737837804,15030
WOA,2,20,2040,745.8740484024861,345.8740484024861,15030
WOA,2,20,2041,557.5913386074923,157.59133860749228,15030
WOA,2,20,2042,677.7121299264173,277.71212992641733,15030
WOA,2,20,2043,743.2529171159265,343.2529171159265,15030
WOA,2,20,2044,613.3750155493027,213.3750155493027,15030
WOA,2,20,2045,718.1531723420496,318.15317234204963,15030
WOA,2,20,2046,651.1721626372857,251.17216263728574,15030
WOA,2,20,2047,642.135782099989,242.135782099989,15030
WOA,2,20,2048,842.2272844074024,442.2272844074024,15030
WOA,2,20,2049,634.7727478021523,234.77274780215225,15030
WOA,2,20,2050,512.4380350124349,112.43803501243485,15030
WOA,2,20,2051,973.0168189064818,573.0168189064818,15030
WOA,2,20,2052,664.9972232640251,264.99722326402514,15030
WOA,2,20,2053,678.6164077193987,278.6164077193987,15030
WOA,2,20,2054,762.6177524184038,362.6177524184038,15030
WOA,2,20,2055,621.9214746120028,221.92147461200284,15030
WOA,3,20,2026,600.1645292491703,0.16452924917030032,15030
WOA,3,20,2027,600.1781512613572,0.17815126135724313,15030
WOA,3,20,2028,600.2338808174734,0.2338808174733913,15030
WOA,3,20,2029,600.1965712891979,0.19657128919789102,15030
WOA,3,20,2030,600.3351080117874,0.3351080117873835,15030
WOA,3,20,2031,600.2106811256238,0.21068112562375063,15030
WOA,3,20,2032,600.1397235874239,0.13972358742387314,15030
WOA,3,20,2033,600.3714992936602,0.3714992936602357,15030
WOA,3,20,2034,600.2184113638605,0.21841136386046855,15030
WOA,3,20,2035,600.3470738097418,0.3470738097418007,15030
WOA,3,20,2036,600.5914708752471,0.5914708752470688,15030
WOA,3,20,2037,600.1321051364417,0.13210513644173716,15030
WOA,3,20,2038,600.2282972248447,0.2282972248447095,15030
WOA,3,20,2039,600.4095378709634,0.40953787096339056,15030
WOA,3,20,2040,600.2660967646341,0.26609676463408505,15030
WOA,3,20,2041,600.0429291748901,0.04292917489010506,15030
WOA,3,20,2042,600.7170665976452,0.7170665976451573,15030
WOA,3,20,2043,600.1279888760001,0.1279888760001313,15030
WOA,3,20,2044,600.1931354286319,0.1931354286318765,15030
WOA,3,20,2045,600.30624564524,0.3062456452399829,15030
WOA,3,20,2046,600.1662560872194,0.1662560872193808,15030
WOA,3,20,2047,600.0865316775032,0.086531677503217,15030
WOA,3,20,2048,600.1696254730742,0.16962547307423392,15030
WOA,3,20,2049,600.0552080784729,0.055208078472901434,15030
WOA,3,20,2050,600.363968483859,0.3639684838590256,15030
WOA,3,20,2051,600.0671098330783,0.06710983307834795,15030
WOA,3,20,2052,600.1865692037103,0.18656920371029173,15030
WOA,3,20,2053,600.0513090945116,0.0513090945115664,15030
WOA,3,20,2054,600.1249715189144,0.12497151891443536,15030
WOA,3,20,2055,600.0650733496371,0.06507334963714584,15030
WOA,4,20,2026,983.9030206069182,183.90302060691818,15030
WOA,4,20,2027,1130.0626814730776,330.06268147307765,15030
WOA,4,20,2028,1159.0018866052458,359.0018866052458,15030
WOA,4,20,2029,1135.9052009795155,335.9052009795155,15030
WOA,4,20,2030,1167.0551127328354,367.05511273283537,15030
WOA,4,20,2031,1187.591418090949,387.591418090949,15030
WOA,4,20,2032,1185.1980096337816,385.19800963378157,15030
WOA,4,20,2033,1035.3227839140811,235.32278391408113,15030
WOA,4,20,2034,1296.7918173124617,496.7918173124617,15030
WOA,4,20,2035,1197.2978414493455,397.29784144934547,15030
WOA,4,20,2036,1161.1121103672544,361.11211036725445,15030
WOA,4,20,2037,1234.1511308750696,434.1511308750696,15030
WOA,4,20,2038,1166.2152288124878,366.2152288124878,15030
WOA,4,20,2039,1144.6152065941264,344.61520659412645,15030
WOA,4,20,2040,1247.5770051274453,447.5770051274453,15030
WOA,4,20,2041,1113.3194864853722,313.3194864853722,15030
WOA,4,20,2042,1163.98510933935,363.98510933934995,15030
WOA,4,20,2043,1200.0294850244225,400.02948502442246,15030
WOA,4,20,2044,1073.9544959748878,273.9544959748878,15030
WOA,4,20,2045,1140.046315206708,340.04631520670796,15030
WOA,4,20,2046,1215.053133268501,415.0531332685009,15030
WOA,4,20,2047,1159.3513904533552,359.3513904533552,15030
WOA,4,20,2048,1089.907682755285,289.9076827552849,15030
WOA,4,20,2049,1246.9788142775458,446.9788142775458,15030
WOA,4,20,2050,1270.2054175061119,470.20541750611187,15030
WOA,4,20,2051,1236.984227413538,436.98422741353806,15030
WOA,4,20,2052,1258.1993902919094,458.19939029190937,15030
WOA,4,20,2053,1215.5423713483565,415.5423713483565,15030
WOA,4,20,2054,1269.2413842575734,469.2413842575734,15030
WOA,4,20,2055,1188.0500476576271,388.05004765762715,15030
WOA,5,20,2026,905.3413238508147,5.3413238508146605,15030
WOA,5,20,2027,905.4464449363844,5.44644493638441,15030
WOA,5,20,2028,905.5120110115448,5.512011011544814,15030
WOA,5,20,2029,910.1141357003548,10.114135700354836,15030
WOA,5,20,2030,909.8441282793679,9.844128279367851,15030
WOA,5,20,2031,901.910025290882,1.910025290882004,15030
WOA,5,20,2032,910.0334483140704,10.03344831407037,15030
WOA,5,20,2033,906.9924266238272,6.992426623827214,15030
WOA,5,20,2034,908.4555697022564,8.455569702256412,15030
WOA,5,20,2035,904.9684509024158,4.968450902415839,15030
WOA,5,20,2036,908.5479971279103,8.547997127910321,15030
WOA,5,20,2037,907.5716204383396,7.571620438339551,15030
WOA,5,20,2038,911.5778159922553,11.577815992255296,15030
WOA,5,20,2039,905.1624088207858,5.162408820785799,15030
WOA,5,20,2040,907.7498912726206,7.74989127262063,15030
WOA,5,20,2041,911.1856522645614,11.18565226456144,15030
WOA,5,20,2042,909.5826724353603,9.582672435360337,15030
WOA,5,20,2043,911.414974139425,11.414974139424999,15030
WOA,5,20,2044,907.9937607133048,7.993760713304823,15030
WOA,5,20,2045,906.8356673237848,6.835667323784833,15030
WOA,5,20,2046,913.9997472418609,13.99974724186086,15030
WOA,5,20,2047,912.0384658532768,12.038465853276762,15030
WOA,5,20,2048,908.7642994295021,8.764299429502103,15030
WOA,5,20,2049,912.8850063032287,12.885006303228693,15030
WOA,5,20,2050,907.2645441894673,7.264544189467301,15030
WOA,5,20,2051,908.3301709168505,8.330170916850534,15030
WOA,5,20,2052,908.8112818517573,8.811281851757258,15030
WOA,5,20,2053,906.74909002946,6.749090029460035,15030
WOA,5,20,2054,911.8329496921912,11.832949692191164,15030
WOA,5,20,2055,903.4626472233998,3.462647223399813,15030
WOA,6,20,2026,52331.07287763059,50531.07287763059,15030
WOA,6,20,2027,65555.98355541755,63755.98355541755,15030
WOA,6,20,2028,53922.28813848112,52122.28813848112,15030
WOA,6,20,2029,82952.191082509,81152.191082509,15030
WOA,6,20,2030,11360059.69108855,11358259.69108855,15030
WOA,6,20,2031,861572.2345602664,859772.2345602664,15030
WOA,6,20,2032,308650.23456581595,306850.23456581595,15030
WOA,6,20,2033,3399058.6249228157,3397258.6249228157,15030
WOA,6,20,2034,417261.86444314814,415461.86444314814,15030
WOA,6,20,2035,133421.9861479468,131621.9861479468,15030
WOA,6,20,2036,65338.08822670049,63538.08822670049,15030
WOA,6,20,2037,18603247.719891414,18601447.719891414,15030
WOA,6,20,2038,18526.353050527905,16726.353050527905,15030
WOA,6,20,2039,141431.60503984892,139631.60503984892,15030
WOA,6,20,2040,179409.00717744182,177609.00717744182,15030
WOA,6,20,2041,17098087.2242377,17096287.2242377,15030
WOA,6,20,2042,66453.80067538765,64653.800675387654,15030
WOA,6,20,2043,37148.4217256549,35348.4217256549,15030
WOA,6,20,2044,60482.573340438816,58682.573340438816,15030
WOA,6,20,2045,6691899.216287798,6690099.216287798,15030
WOA,6,20,2046,75030578.75715505,75028778.75715505,15030
WOA,6,20,2047,9736296.838146502,9734496.838146502,15030
WOA,6,20,2048,1080112.3442065225,1078312.3442065225,15030
WOA,6,20,2049,41859.87892027197,40059.87892027197,15030
WOA,6,20,2050,99842.29122776799,98042.29122776799,15030
WOA,6,20,2051,38641.52067105467,36841.52067105467,15030
WOA,6,20,2052,246479.5182544214,244679.5182544214,15030
WOA,6,20,2053,181614.5102753693,179814.5102753693,15030
WOA,6,20,2054,32069.226535841935,30269.226535841935,15030
WOA,6,20,2055,210050.8326166161,208250.8326166161,15030
WOA,7,20,2026,3645.652655953537,1645.6526559535369,15030
WOA,7,20,2027,5014.058017079662,3014.058017079662,15030
WOA,7,20,2028,4536.690258488607,2536.6902584886066,15030
WOA,7,20,2029,4460.023085638499,2460.0230856384987,15030
WOA,7,20,2030,3909.530779408259,1909.5307794082591,15030
WOA,7,20,2031,3094.3410573454285,1094.3410573454285,15030
WOA,7,20,2032,2405.9543583403606,405.9543583403606,15030
WOA,7,20,2033,4075.4053377020205,2075.4053377020205,15030
WOA,7,20,2034,3849.7325300311163,1849.7325300311163,15030
WOA,7,20,2035,2643.7919317804326,643.7919317804326,15030
WOA,7,20,2036,4097.061173677281,2097.0611736772807,15030
WOA,7,20,2037,3074.95350354092,1074.9535035409199,15030
WOA,7,20,2038,2985.4436832897823,985.4436832897823,15030
WOA,7,20,2039,2731.3842615704893,731.3842615704893,15030
WOA,7,20,2040,4415.97137258335,2415.97137258335,15030
WOA,7,20,2041,3543.9214740717075,1543.9214740717075,15030
WOA,7,20,2042,2920.5059084236327,920.5059084236327,15030
WOA,7,20,2043,2624.03813801014,624.0381380101398,15030
WOA,7,20,2044,3679.266008612447,1679.266008612447,15030
WOA,7,20,2045,3484.8570449546646,1484.8570449546646,15030
WOA,7,20,2046,3417.891616257569,1417.8916162575688,15030
WOA,7,20,2047,3855.99007733559,1855.9900773355898,15030
WOA,7,20,2048,3766.6724261246404,1766.6724261246404,15030
WOA,7,20,2049,2476.8411137805156,476.84111378051557,15030
WOA,7,20,2050,3417.2879819895616,1417.2879819895616,15030
WOA,7,20,2051,3587.0215260231894,1587.0215260231894,15030
WOA,7,20,2052,3573.099759187706,1573.0997591877058,15030
WOA,7,20,2053,3267.6703114444244,1267.6703114444244,15030
WOA,7,20,2054,3195.235051917393,1195.2350519173929,15030
WOA,7,20,2055,3361.670488969664,1361.670488969664,15030
WOA,8,20,2026,5761.836094161703,3561.836094161703,15030
WOA,8,20,2027,4611.524400201529,2411.524400201529,15030
WOA,8,20,2028,4339.611079557319,2139.6110795573186,15030
WOA,8,20,2029,4509.504258615203,2309.504258615203,15030
WOA,8,20,2030,7650.547806713463,5450.547806713463,15030
WOA,8,20,2031,2983.035495416274,783.035495416274,15030
WOA,8,20,2032,4712.851952927298,2512.851952927298,15030
WOA,8,20,2033,6670.238362217269,4470.238362217269,15030
WOA,8,20,2034,5151.6086130470285,2951.6086130470285,15030
WOA,8,20,2035,6220.3841389557365,4020.3841389557365,15030
WOA,8,20,2036,6687.66857906627,4487.66857906627,15030
WOA,8,20,2037,8796.28788785552,6596.28788785552,15030
WOA,8,20,2038,4372.0583271020605,2172.0583271020605,15030
WOA,8,20,2039,5884.108930953431,3684.108930953431,15030
WOA,8,20,2040,4427.495364109802,2227.495364109802,15030
WOA,8,20,2041,8323.494762359333,6123.4947623593325,15030
WOA,8,20,2042,4989.4037985889445,2789.4037985889445,15030
WOA,8,20,2043,10114.94320372898,7914.943203728981,15030
WOA,8,20,2044,4102.159427385685,1902.1594273856854,15030
WOA,8,20,2045,9512.889985643516,7312.889985643516,15030
WOA,8,20,2046,6249.165801534159,4049.165801534159,15030
WOA,8,20,2047,5024.6231525589155,2824.6231525589155,15030
WOA,8,20,2048,3964.322632695108,1764.322632695108,15030
WOA,8,20,2049,5434.159564421572,3234.159564421572,15030
WOA,8,20,2050,5859.77666365438,3659.77666365438,15030
WOA,8,20,2051,3479.174345429161,1279.174345429161,15030
WOA,8,20,2052,3789.2309487652633,1589.2309487652633,15030
WOA,8,20,2053,7560.406385866342,5360.406385866342,15030
WOA,8,20,2054,6007.2204472938265,3807.2204472938265,15030
WOA,8,20,2055,7381.380647410982,5181.380647410982,15030
WOA,9,20,2026,2905.708955411724,605.7089554117242,15030
WOA,9,20,2027,3171.0991028969147,871.0991028969147,15030
WOA,9,20,2028,2854.495758924962,554.495758924962,15030
WOA,9,20,2029,3139.8679899638146,839.8679899638146,15030
WOA,9,20,2030,2801.5319683014914,501.53196830149136,15030
WOA,9,20,2031,2867.2629472388785,567.2629472388785,15030
WOA,9,20,2032,3023.0392668486475,723.0392668486475,15030
WOA,9,20,2033,3104.9347140146942,804.9347140146942,15030
WOA,9,20,2034,2884.8166006142364,584.8166006142364,15030
WOA,9,20,2035,2806.104087727753,506.1040877277528,15030
WOA,9,20,2036,2998.189323105793,698.1893231057929,15030
WOA,9,20,2037,2934.6283781045927,634.6283781045927,15030
WOA,9,20,2038,2842.7792760138323,542.7792760138323,15030
WOA,9,20,2039,2908.2093315491074,608.2093315491074,15030
WOA,9,20,2040,2697.2731859420637,397.2731859420637,15030
WOA,9,20,2041,2729.209578373518,429.20957837351807,15030
WOA,9,20,2042,2789.6149312224775,489.6149312224775,15030
WOA,9,20,2043,2721.554940531798,421.5549405317979,15030
WOA,9,20,2044,3152.733963911571,852.7339639115712,15030
WOA,9,20,2045,2732.769321195535,432.7693211955352,15030
WOA,9,20,2046,3058.85943068452,758.8594306845198,15030
WOA,9,20,2047,2867.4570688165586,567.4570688165586,15030
WOA,9,20,2048,2862.301097059685,562.3010970596852,15030
WOA,9,20,2049,3002.6528604961363,702.6528604961363,15030
WOA,9,20,2050,2765.6364694352715,465.63646943527147,15030
WOA,9,20,2051,2908.5849213832553,608.5849213832553,15030
WOA,9,20,2052,2888.5092649716676,588.5092649716676,15030
WOA,9,20,2053,2758.5291322313365,458.52913223133646,15030
WOA,9,20,2054,3240.9317860358406,940.9317860358406,15030
WOA,9,20,2055,2871.517502984461,571.5175029844609,15030
WOA,10,20,2026,5466.366233513828,3066.366233513828,15030
WOA,10,20,2027,5609.135379904795,3209.1353799047947,15030
WOA,10,20,2028,5151.583402923347,2751.5834029233474,15030
WOA,10,20,2029,2835.046240639524,435.04624063952406,15030
WOA,10,20,2030,5989.554350551179,3589.5543505511787,15030
WOA,10,20,2031,3870.6213266386303,1470.6213266386303,15030
WOA,10,20,2032,6162.303427943719,3762.303427943719,15030
WOA,10,20,2033,6432.2751553386315,4032.2751553386315,15030
WOA,10,20,2034,4974.148133326058,2574.148133326058,15030
WOA,10,20,2035,2893.3864176990396,493.3864176990396,15030
WOA,10,20,2036,2918.814547235802,518.8145472358019,15030
WOA,10,20,2037,6942.645081852501,4542.645081852501,15030
WOA,10,20,2038,7314.6236256385755,4914.6236256385755,15030
WOA,10,20,2039,5121.233491639054,2721.2334916390537,15030
WOA,10,20,2040,6943.497488788986,4543.497488788986,15030
WOA,10,20,2041,6225.772224706307,3825.7722247063066,15030
WOA,10,20,2042,3220.5617641402214,820.5617641402214,15030
WOA,10,20,2043,5478.997296265936,3078.997296265936,15030
WOA,10,20,2044,6080.841015373205,3680.8410153732048,15030
WOA,10,20,2045,7227.07524959652,4827.07524959652,15030
WOA,10,20,2046,5938.414351766679,3538.414351766679,15030
WOA,10,20,2047,5325.908476945213,2925.908476945213,15030
WOA,10,20,2048,5045.89977285689,2645.89977285689,15030
WOA,10,20,2049,5441.88680492374,3041.88680492374,15030
WOA,10,20,2050,4776.212739328941,2376.212739328941,15030
WOA,10,20,2051,5095.0990160742185,2695.0990160742185,15030
WOA,10,20,2052,5139.177678937413,2739.1776789374126,15030
WOA,10,20,2053,4828.181067841904,2428.181067841904,15030
WOA,10,20,2054,6936.991099653453,4536.991099653453,15030
WOA,10,20,2055,6397.96833824054,3997.96833824054,15030
WOA,11,20,2026,2794.904307545762,194.9043075457621,15030
WOA,11,20,2027,3040.7259484541305,440.7259484541305,15030
WOA,11,20,2028,2877.831108563118,277.83110856311805,15030
WOA,11,20,2029,2666.1315205349347,66.13152053493468,15030
WOA,11,20,2030,2680.972952651152,80.9729526511519,15030
WOA,11,20,2031,4489.228588216919,1889.228588216919,15030
WOA,11,20,2032,3078.5916700862367,478.5916700862367,15030
WOA,11,20,2033,2638.3785968518428,38.37859685184276,15030
WOA,11,20,2034,4375.9548140908255,1775.9548140908255,15030
WOA,11,20,2035,2761.9402720844923,161.94027208449234,15030
WOA,11,20,2036,3498.9606603432535,898.9606603432535,15030
WOA,11,20,2037,3103.705272815118,503.70527281511795,15030
WOA,11,20,2038,2722.6224962648134,122.62249626481344,15030
WOA,11,20,2039,3620.879689370383,1020.879689370383,15030
WOA,11,20,2040,2751.1344007979387,151.13440079793872,15030
WOA,11,20,2041,2634.366216527565,34.36621652756503,15030
WOA,11,20,2042,4017.8076283006067,1417.8076283006067,15030
WOA,11,20,2043,2837.624791875849,237.62479187584904,15030
WOA,11,20,2044,4232.285904774952,1632.2859047749516,15030
WOA,11,20,2045,2851.0071543210847,251.00715432108473,15030
WOA,11,20,2046,5435.254368466472,2835.2543684664724,15030
WOA,11,20,2047,2664.1293794924927,64.12937949249272,15030
WOA,11,20,2048,3093.4897633850555,493.48976338505554,15030
WOA,11,20,2049,4417.504758090707,1817.5047580907067,15030
WOA,11,20,2050,4653.315819566804,2053.315819566804,15030
WOA,11,20,2051,2989.579544168435,389.57954416843495,15030
WOA,11,20,2052,2652.0558319040215,52.05583190402149,15030
WOA,11,20,2053,2652.673025153152,52.67302515315214,15030
WOA,11,20,2054,2687.1758882058457,87.1758882058457,15030
WOA,11,20,2055,3774.3930468503595,1174.3930468503595,15030
WOA,12,20,2026,3323.2218717440574,623.2218717440574,15030
WOA,12,20,2027,3371.8044508434377,671.8044508434377,15030
WOA,12,20,2028,3462.2909792874852,762.2909792874852,15030
WOA,12,20,2029,3251.5120864359615,551.5120864359615,15030
WOA,12,20,2030,3215.8212557950974,515.8212557950974,15030
WOA,12,20,2031,3004.0651722675607,304.0651722675607,15030
WOA,12,20,2032,3181.957990572507,481.9579905725068,15030
WOA,12,20,2033,3247.5065598341616,547.5065598341616,15030
WOA,12,20,2034,3431.2571330094033,731.2571330094033,15030
WOA,12,20,2035,3346.7651968047026,646.7651968047026,15030
WOA,12,20,2036,3042.051273719399,342.051273719399,15030
WOA,12,20,2037,3537.4101864281315,837.4101864281315,15030
WOA,12,20,2038,3440.730580566161,740.7305805661608,15030
WOA,12,20,2039,3206.0703067759887,506.0703067759887,15030
WOA,12,20,2040,3181.221727734788,481.22172773478815,15030
WOA,12,20,2041,3166.395725557395,466.39572555739505,15030
WOA,12,20,2042,3389.9032627783236,689.9032627783236,15030
WOA,12,20,2043,3246.884496443888,546.8844964438881,15030
WOA,12,20,2044,3331.3969664699225,631.3969664699225,15030
WOA,12,20,2045,3068.983071379931,368.98307137993106,15030
WOA,12,20,2046,3384.120663272237,684.1206632722369,15030
WOA,12,20,2047,3329.9337920161224,629.9337920161224,15030
WOA,12,20,2048,3165.792785740555,465.7927857405548,15030
WOA,12,20,2049,3198.9864758744334,498.9864758744334,15030
WOA,12,20,2050,3173.008103623908,473.008103623908,15030
WOA,12,20,2051,3137.8695328041667,437.86953280416674,15030
WOA,12,20,2052,3243.0816676108434,543.0816676108434,15030
WOA,12,20,2053,3485.069498255725,785.0694982557252,15030
WOA,12,20,2054,3137.1695489072113,437.16954890721127,15030
WOA,12,20,2055,3328.5608121664736,628.5608121664736,15030
HHO,1,20,2026,13986.364673707103,13686.364673707103,15030
HHO,1,20,2027,24251.198276786865,23951.198276786865,15044
HHO,1,20,2028,7445.256446002694,7145.256446002694,15042
HHO,1,20,2029,11595.26415460006,11295.26415460006,15052
HHO,1,20,2030,10508.650807777136,10208.650807777136,15076
HHO,1,20,2031,7232.364183744657,6932.364183744657,15066
HHO,1,20,2032,10807.13669580658,10507.13669580658,15040
HHO,1,20,2033,7283.361203576975,6983.361203576975,15068
HHO,1,20,2034,20744.937245077814,20444.937245077814,15038
HHO,1,20,2035,8948.770243107016,8648.770243107016,15054
HHO,1,20,2036,9977.948488793827,9677.948488793827,15040
HHO,1,20,2037,13501.895376880568,13201.895376880568,15062
HHO,1,20,2038,11914.712332131014,11614.712332131014,15040
HHO,1,20,2039,13791.88997822177,13491.88997822177,15038
HHO,1,20,2040,6018.499971510521,5718.499971510521,15062
HHO,1,20,2041,10116.75353215614,9816.75353215614,15050
HHO,1,20,2042,16489.300919308058,16189.300919308058,15056
HHO,1,20,2043,15897.744339711242,15597.744339711242,15068
HHO,1,20,2044,6482.069574002819,6182.069574002819,15070
HHO,1,20,2045,7113.097528386647,6813.097528386647,15034
HHO,1,20,2046,12008.540533234387,11708.540533234387,15052
HHO,1,20,2047,9524.792941945783,9224.792941945783,15044
HHO,1,20,2048,9643.368032551496,9343.368032551496,15066
HHO,1,20,2049,9918.561792283695,9618.561792283695,15044
HHO,1,20,2050,11613.935102988215,11313.935102988215,15032
HHO,1,20,2051,7890.3198464135385,7590.3198464135385,15052
HHO,1,20,2052,11294.466881672992,10994.466881672992,15060
HHO,1,20,2053,12391.973525081825,12091.973525081825,15068
HHO,1,20,2054,10680.956626468762,10380.956626468762,15080
HHO,1,20,2055,16533.59868955819,16233.598689558188,15044
HHO,2,20,2026,690.7671631906458,290.76716319064576,15030
HHO,2,20,2027,635.6754866390298,235.67548663902983,15044
HHO,2,20,2028,667.0776925302703,267.07769253027027,15042
HHO,2,20,2029,684.0299753251413,284.0299753251413,15052
HHO,2,20,2030,954.3415578011233,554.3415578011233,15076
HHO,2,20,2031,828.2301326709107,428.23013267091073,15066
HHO,2,20,2032,954.4585446968994,554.4585446968994,15040
HHO,2,20,2033,842.2490802496429,442.24908024964293,15068
HHO,2,20,2034,860.1063840239073,460.10638402390725,15038
HHO,2,20,2035,948.1772347198685,548.1772347198685,15054
HHO,2,20,2036,959.5382095311745,559.5382095311745,15040
HHO,2,20,2037,959.0813744961604,559.0813744961604,15062
HHO,2,20,2038,778.7037487645321,378.70374876453207,15040
HHO,2,20,2039,733.6257380338316,333.62573803383157,15038
HHO,2,20,2040,875.3706257661404,475.3706257661404,15062
HHO,2,20,2041,695.4615996292559,295.46159962925594,15050
HHO,2,20,2042,801.7105083163385,401.7105083163385,15056
HHO,2,20,2043,812.2306306708093,412.2306306708093,15068
HHO,2,20,2044,680.3381650375828,280.3381650375828,15070
HHO,2,20,2045,1009.6687063926864,609.6687063926864,15034
HHO,2,20,2046,1075.3041941985605,675.3041941985605,15052
HHO,2,20,2047,631.108356189108,231.108356189108,15044
HHO,2,20,2048,854.2341682685803,454.23416826858033,15066
HHO,2,20,2049,695.521047840519,295.52104784051903,15044
HHO,2,20,2050,1162.4424890128894,762.4424890128894,15032
HHO,2,20,2051,844.1202330408162,444.1202330408162,15052
HHO,2,20,2052,954.3404352570352,554.3404352570352,15060
HHO,2,20,2053,1057.8781578239007,657.8781578239007,15068
HHO,2,20,2054,670.3574988004459,270.3574988004459,15080
HHO,2,20,2055,709.1762903706776,309.17629037067763,15044
HHO,3,20,2026,600.1886644341735,0.1886644341734609,15030
HHO,3,20,2027,600.3749797227568,0.3749797227568479,15044
HHO,3,20,2028,600.5140646788298,0.5140646788297545,15042
HHO,3,20,2029,600.1846436815242,0.1846436815242214,15052
HHO,3,20,2030,600.3493332661716,0.349333266171584,15076
HHO,3,20,2031,600.2986745643684,0.29867456436841167,15066
HHO,3,20,2032,600.2687926640091,0.26879266400908364,15040
HHO,3,20,2033,600.2400340553436,0.24003405534358535,15068
HHO,3,20,2034,600.5897932246008,0.5897932246008395,15038
HHO,3,20,2035,600.2732043392783,0.27320433927832255,15054
HHO,3,20,2036,600.301250488274,0.3012504882740359,15040
HHO,3,20,2037,600.2066185341341,0.20661853413412246,15062
HHO,3,20,2038,600.325920736601,0.32592073660100596,15040
HHO,3,20,2039,600.3608271159922,0.36082711599215145,15038
HHO,3,20,2040,600.2780520441173,0.27805204411731665,15062
HHO,3,20,2041,600.2888807497028,0.2888807497027983,15050
HHO,3,20,2042,600.6148774078772,0.6148774078772021,15056
HHO,3,20,2043,600.2095343224529,0.20953432245289605,15068
HHO,3,20,2044,600.1707234326326,0.17072343263259881,15070
HHO,3,20,2045,600.276655160336,0.27665516033596305,15034
HHO,3,20,2046,600.2433041928921,0.24330419289208294,15052
HHO,3,20,2047,600.3410684114347,0.34106841143466227,15044
HHO,3,20,2048,600.2025053713403,0.202505371340294,15066
HHO,3,20,2049,600.3123803244548,0.3123803244548071,15044
HHO,3,20,2050,600.2883285486638,0.28832854866379876,15032
HHO,3,20,2051,600.3503606660732,0.350360666073243,15052
HHO,3,20,2052,600.1925275687419,0.19252756874186616,15060
HHO,3,20,2053,600.4599179472807,0.4599179472807009,15068
HHO,3,20,2054,600.1035005145626,0.10350051456259735,15080
HHO,3,20,2055,600.4031017218484,0.4031017218484294,15044
HHO,4,20,2026,1019.0462719552102,219.04627195521016,15030
HHO,4,20,2027,1116.3030516531194,316.3030516531194,15044
HHO,4,20,2028,1008.5033107556044,208.5033107556044,15042
HHO,4,20,2029,1112.164917783383,312.1649177833831,15052
HHO,4,20,2030,1038.5002505048114,238.50025050481145,15076
HHO,4,20,2031,1155.037672150924,355.037672150924,15066
HHO,4,20,2032,1040.0721439659167,240.07214396591667,15040
HHO,4,20,2033,1107.6149253070764,307.6149253070764,15068
HHO,4,20,2034,1043.5608963513469,243.56089635134686,15038
HHO,4,20,2035,1107.0556137981455,307.0556137981455,15054
HHO,4,20,2036,958.8750066162229,158.8750066162229,15040
HHO,4,20,2037,1065.9682224833286,265.96822248332865,15062
HHO,4,20,2038,1034.5,234.5,15040
HHO,4,20,2039,1095.0,295.0,15038
HHO,4,20,2040,1098.507472055318,298.507472055318,15062
HHO,4,20,2041,968.5449162269346,168.54491622693456,15050
HHO,4,20,2042,1099.8364113832606,299.8364113832606,15056
HHO,4,20,2043,1075.1198879369695,275.11988793696946,15068
HHO,4,20,2044,996.4300484267669,196.43004842676692,15070
HHO,4,20,2045,1135.5,335.5,15034
HHO,4,20,2046,1170.6265865991518,370.6265865991518,15052
HHO,4,20,2047,1019.466240329862,219.466240329862,15044
HHO,4,20,2048,1126.2157049065804,326.2157049065804,15066
HHO,4,20,2049,1066.4402769000171,266.4402769000171,15044
HHO,4,20,2050,988.5047341474817,188.5047341474817,15032
HHO,4,20,2051,1059.4533832785578,259.4533832785578,15052
HHO,4,20,2052,1153.861566301308,353.8615663013079,15060
HHO,4,20,2053,1094.7267968532385,294.7267968532385,15068
HHO,4,20,2054,968.0122017127101,168.01220171271007,15080
HHO,4,20,2055,1072.8597891821246,272.8597891821246,15044
HHO,5,20,2026,905.8545456050357,5.854545605035696,15030
HHO,5,20,2027,902.7393792039586,2.739379203958606,15044
HHO,5,20,2028,903.545668607979,3.545668607978996,15042
HHO,5,20,2029,903.2763535864157,3.2763535864156665,15052
HHO,5,20,2030,909.3932070880973,9.393207088097256,15076
HHO,5,20,2031,902.3596605536552,2.3596605536552033,15066
HHO,5,20,2032,904.4542551774165,4.454255177416485,15040
HHO,5,20,2033,902.5637725347206,2.563772534720556,15068
HHO,5,20,2034,902.6012672442519,2.601267244251858,15038
HHO,5,20,2035,902.4939303214153,2.4939303214152915,15054
HHO,5,20,2036,904.671435557025,4.671435557025006,15040
HHO,5,20,2037,903.5420317505146,3.5420317505146386,15062
HHO,5,20,2038,903.329422789737,3.3294227897370092,15040
HHO,5,20,2039,902.9240712325943,2.924071232594315,15038
HHO,5,20,2040,909.2385534720089,9.238553472008903,15062
HHO,5,20,2041,904.4183374986491,4.418337498649066,15050
HHO,5,20,2042,903.5312783658273,3.5312783658273474,15056
HHO,5,20,2043,902.8471229889213,2.847122988921342,15068
HHO,5,20,2044,904.3959140730755,4.39591407307546,15070
HHO,5,20,2045,902.6278395871146,2.627839587114636,15034
HHO,5,20,2046,903.4818771110963,3.48187711109631,15052
HHO,5,20,2047,903.5608831003,3.560883100299975,15044
HHO,5,20,2048,902.8758425027008,2.8758425027008343,15066
HHO,5,20,2049,903.3034563862313,3.303456386231346,15044
HHO,5,20,2050,903.3248907280472,3.324890728047194,15032
HHO,5,20,2051,905.4619218064333,5.461921806433338,15052
HHO,5,20,2052,906.317145752638,6.317145752637998,15060
HHO,5,20,2053,904.6616127859306,4.661612785930629,15068
HHO,5,20,2054,905.8027153175944,5.802715317594448,15080
HHO,5,20,2055,904.080537505334,4.08053750533395,15044
HHO,6,20,2026,7623228.051378603,7621428.051378603,15030
HHO,6,20,2027,28365641.00507488,28363841.00507488,15044
HHO,6,20,2028,8871914.571199505,8870114.571199505,15042
HHO,6,20,2029,523124.5503884434,521324.5503884434,15052
HHO,6,20,2030,16788486.019375056,16786686.019375056,15076
HHO,6,20,2031,98923907.32641499,98922107.32641499,15066
HHO,6,20,2032,5884332.032156103,5882532.032156103,15040
HHO,6,20,2033,48947817.25687418,48946017.25687418,15068
HHO,6,20,2034,384184661.1969813,384182861.1969813,15038
HHO,6,20,2035,29005041.46816382,29003241.46816382,15054
HHO,6,20,2036,134985945.22753122,134984145.22753122,15040
HHO,6,20,2037,1369564.3231591347,1367764.3231591347,15062
HHO,6,20,2038,36365694.78383522,36363894.78383522,15040
HHO,6,20,2039,2890591.929300927,2888791.929300927,15038
HHO,6,20,2040,11546108.872271245,11544308.872271245,15062
HHO,6,20,2041,58184922.06425335,58183122.06425335,15050
HHO,6,20,2042,3784069.8854299714,3782269.8854299714,15056
HHO,6,20,2043,46232321.0234186,46230521.0234186,15068
HHO,6,20,2044,84408980.22135793,84407180.22135793,15070
HHO,6,20,2045,23970350.159384985,23968550.159384985,15034
HHO,6,20,2046,23544470.074369006,23542670.074369006,15052
HHO,6,20,2047,329859524.0743693,329857724.0743693,15044
HHO,6,20,2048,18007678.431763876,18005878.431763876,15066
HHO,6,20,2049,39326367.88087495,39324567.88087495,15044
HHO,6,20,2050,20660723.463177957,20658923.463177957,15032
HHO,6,20,2051,48918394.78920749,48916594.78920749,15052
HHO,6,20,2052,21639825.473680917,21638025.473680917,15060
HHO,6,20,2053,5592725.224799763,5590925.224799763,15068
HHO,6,20,2054,40613842.30731198,40612042.30731198,15080
HHO,6,20,2055,375925623.7045569,375923823.7045569,15044
HHO,7,20,2026,2314.981450373314,314.98145037331415,15030
HHO,7,20,2027,4325.071948086672,2325.071948086672,15044
HHO,7,20,2028,5820.391236685353,3820.391236685353,15042
HHO,7,20,2029,4295.11877172617,2295.11877172617,15052
HHO,7,20,2030,5524.844525950435,3524.844525950435,15076
HHO,7,20,2031,3368.0854093837243,1368.0854093837243,15066
HHO,7,20,2032,2315.114188860555,315.1141888605548,15040
HHO,7,20,2033,3092.2615468813115,1092.2615468813115,15068
HHO,7,20,2034,3152.1229816824552,1152.1229816824552,15038
HHO,7,20,2035,4356.16462633422,2356.16462633422,15054
HHO,7,20,2036,3663.9156084921747,1663.9156084921747,15040
HHO,7,20,2037,3519.068469810425,1519.068469810425,15062
HHO,7,20,2038,3215.1553682375184,1215.1553682375184,15040
HHO,7,20,2039,5416.278777098538,3416.278777098538,15038
HHO,7,20,2040,4254.057136131907,2254.057136131907,15062
HHO,7,20,2041,4417.741041665155,2417.7410416651546,15050
HHO,7,20,2042,3324.320446318464,1324.3204463184638,15056
HHO,7,20,2043,3459.028381539581,1459.028381539581,15068
HHO,7,20,2044,2684.7479442939107,684.7479442939107,15070
HHO,7,20,2045,4493.803185338509,2493.803185338509,15034
HHO,7,20,2046,2785.8220323161677,785.8220323161677,15052
HHO,7,20,2047,6539.745886266752,4539.745886266752,15044
HHO,7,20,2048,2580.1945431094196,580.1945431094196,15066
HHO,7,20,2049,3716.793419851975,1716.7934198519752,15044
HHO,7,20,2050,5047.963261191891,3047.9632611918914,15032
HHO,7,20,2051,5829.280453969142,3829.2804539691424,15052
HHO,7,20,2052,4653.066008527032,2653.066008527032,15060
HHO,7,20,2053,3658.566006400856,1658.5660064008562,15068
HHO,7,20,2054,3174.623042381184,1174.623042381184,15080
HHO,7,20,2055,4172.9581774318185,2172.9581774318185,15044
HHO,8,20,2026,5921.471706257183,3721.4717062571826,15030
HHO,8,20,2027,5282.538716534622,3082.538716534622,15044
HHO,8,20,2028,7191.178664870192,4991.178664870192,15042
HHO,8,20,2029,5066.611060147756,2866.611060147756,15052
HHO,8,20,2030,7967.205848285537,5767.205848285537,15076
HHO,8,20,2031,3004.0304954936923,804.0304954936923,15066
HHO,8,20,2032,3934.2207569934008,1734.2207569934008,15040
HHO,8,20,2033,7437.361598656291,5237.361598656291,15068
HHO,8,20,2034,5109.110943680039,2909.110943680039,15038
HHO,8,20,2035,4001.7759255875317,1801.7759255875317,15054
HHO,8,20,2036,4558.194961666626,2358.194961666626,15040
HHO,8,20,2037,9987.064490300074,7787.064490300074,15062
HHO,8,20,2038,3995.522800521847,1795.5228005218469,15040
HHO,8,20,2039,3826.3420181811825,1626.3420181811825,15038
HHO,8,20,2040,8191.545346730099,5991.545346730099,15062
HHO,8,20,2041,5113.832465429046,2913.8324654290464,15050
HHO,8,20,2042,5030.581110923453,2830.581110923453,15056
HHO,8,20,2043,10040.36143360152,7840.36143360152,15068
HHO,8,20,2044,4919.305387941318,2719.3053879413183,15070
HHO,8,20,2045,5083.250353492044,2883.2503534920443,15034
HHO,8,20,2046,4480.289079907336,2280.2890799073357,15052
HHO,8,20,2047,4480.327001238118,2280.327001238118,15044
HHO,8,20,2048,3662.4833233070467,1462.4833233070467,15066
HHO,8,20,2049,7930.088389274011,5730.088389274011,15044
HHO,8,20,2050,5219.370652758322,3019.3706527583217,15032
HHO,8,20,2051,5663.101800984355,3463.1018009843547,15052
HHO,8,20,2052,3076.042617160958,876.0426171609579,15060
HHO,8,20,2053,7060.32831690135,4860.32831690135,15068
HHO,8,20,2054,5036.495519864491,2836.495519864491,15080
HHO,8,20,2055,7372.58557155071,5172.58557155071,15044
HHO,9,20,2026,3050.9472644709085,750.9472644709085,15030
HHO,9,20,2027,2958.591727373084,658.5917273730838,15044
HHO,9,20,2028,3650.382370273477,1350.3823702734771,15042
HHO,9,20,2029,3628.1315411596515,1328.1315411596515,15052
HHO,9,20,2030,3185.8622563242025,885.8622563242025,15076
HHO,9,20,2031,3024.980080614861,724.980080614861,15066
HHO,9,20,2032,3360.2956332875156,1060.2956332875156,15040
HHO,9,20,2033,6000.650213314028,3700.6502133140284,15068
HHO,9,20,2034,3351.5545506807543,1051.5545506807543,15038
HHO,9,20,2035,3237.090174805168,937.0901748051679,15054
HHO,9,20,2036,2865.2799530469847,565.2799530469847,15040
HHO,9,20,2037,3423.740284850078,1123.7402848500778,15062
HHO,9,20,2038,3056.8812468742117,756.8812468742117,15040
HHO,9,20,2039,3403.803926010606,1103.8039260106061,15038
HHO,9,20,2040,3807.1340756678537,1507.1340756678537,15062
HHO,9,20,2041,3073.4685165603532,773.4685165603532,15050
HHO,9,20,2042,3051.672915776459,751.6729157764589,15056
HHO,9,20,2043,2984.4440389377237,684.4440389377237,15068
HHO,9,20,2044,3392.868106599747,1092.868106599747,15070
HHO,9,20,2045,3648.039226166643,1348.039226166643,15034
HHO,9,20,2046,3809.975137983556,1509.9751379835561,15052
HHO,9,20,2047,3243.9310596652194,943.9310596652194,15044
HHO,9,20,2048,2853.591827133737,553.5918271337368,15066
HHO,9,20,2049,3468.503044499789,1168.5030444997892,15044
HHO,9,20,2050,3071.261030157321,771.2610301573209,15032
HHO,9,20,2051,3706.4631282519877,1406.4631282519877,15052
HHO,9,20,2052,3282.9562795782936,982.9562795782936,15060
HHO,9,20,2053,2870.042353360992,570.0423533609919,15068
HHO,9,20,2054,4648.811205630011,2348.8112056300106,15080
HHO,9,20,2055,3675.752843608614,1375.752843608614,15044
HHO,10,20,2026,5142.893824165163,2742.893824165163,15030
HHO,10,20,2027,6025.264415633608,3625.264415633608,15044
HHO,10,20,2028,5645.042186602148,3245.042186602148,15042
HHO,10,20,2029,2852.5277349159987,452.52773491599874,15052
HHO,10,20,2030,6304.335581170651,3904.3355811706506,15076
HHO,10,20,2031,4749.583316948311,2349.583316948311,15066
HHO,10,20,2032,6497.96255311131,4097.96255311131,15040
HHO,10,20,2033,6694.170239325782,4294.170239325782,15068
HHO,10,20,2034,6550.237760134921,4150.237760134921,15038
HHO,10,20,2035,5724.4095711261725,3324.4095711261725,15054
HHO,10,20,2036,2900.089611016801,500.089611016801,15040
HHO,10,20,2037,5836.398265047605,3436.3982650476046,15062
HHO,10,20,2038,4837.631101611698,2437.631101611698,15040
HHO,10,20,2039,6017.831864824187,3617.8318648241866,15038
HHO,10,20,2040,6135.413086946337,3735.413086946337,15062
HHO,10,20,2041,6992.655846942764,4592.655846942764,15050
HHO,10,20,2042,4352.742829061394,1952.7428290613943,15056
HHO,10,20,2043,5874.441004942563,3474.4410049425633,15068
HHO,10,20,2044,5907.124161741622,3507.1241617416217,15070
HHO,10,20,2045,5425.746598735615,3025.7465987356154,15034
HHO,10,20,2046,5745.851283803107,3345.8512838031074,15052
HHO,10,20,2047,6608.324079786697,4208.324079786697,15044
HHO,10,20,2048,5894.799735953786,3494.799735953786,15066
HHO,10,20,2049,5690.824799962248,3290.824799962248,15044
HHO,10,20,2050,5111.636087419643,2711.6360874196434,15032
HHO,10,20,2051,5473.510619141475,3073.510619141475,15052
HHO,10,20,2052,5969.189126178545,3569.189126178545,15060
HHO,10,20,2053,6713.504562568839,4313.504562568839,15068
HHO,10,20,2054,6217.595204284355,3817.5952042843546,15080
HHO,10,20,2055,5218.4454044600925,2818.4454044600925,15044
HHO,11,20,2026,4130.850826160611,1530.8508261606112,15030
HHO,11,20,2027,5781.702739700569,3181.7027397005686,15044
HHO,11,20,2028,3398.4150608176446,798.4150608176446,15042
HHO,11,20,2029,2935.605854770758,335.605854770758,15052
HHO,11,20,2030,3875.205286386083,1275.2052863860831,15076
HHO,11,20,2031,4429.454219266239,1829.4542192662393,15066
HHO,11,20,2032,3069.609617251407,469.60961725140714,15040
HHO,11,20,2033,2785.197621243724,185.19762124372392,15068
HHO,11,20,2034,4752.9986287560305,2152.9986287560305,15038
HHO,11,20,2035,2806.853158550535,206.85315855053523,15054
HHO,11,20,2036,4280.9853107645795,1680.9853107645795,15040
HHO,11,20,2037,6318.7140254364585,3718.7140254364585,15062
HHO,11,20,2038,2835.5569560082504,235.55695600825038,15040
HHO,11,20,2039,4989.785812930047,2389.7858129300466,15038
HHO,11,20,2040,2834.168286560894,234.1682865608941,15062
HHO,11,20,2041,2691.3286548182195,91.32865481821955,15050
HHO,11,20,2042,3152.108805627385,552.1088056273852,15056
HHO,11,20,2043,2710.3154637601606,110.31546376016058,15068
HHO,11,20,2044,3177.911932422963,577.9119324229632,15070
HHO,11,20,2045,2754.3110465223613,154.31104652236127,15034
HHO,11,20,2046,3072.673792330632,472.67379233063184,15052
HHO,11,20,2047,3744.9366524128695,1144.9366524128695,15044
HHO,11,20,2048,2806.586793753104,206.58679375310385,15066
HHO,11,20,2049,2926.155903137878,326.1559031378779,15044
HHO,11,20,2050,4481.981485522495,1881.981485522495,15032
HHO,11,20,2051,4272.018110302862,1672.0181103028617,15052
HHO,11,20,2052,2837.5387319912693,237.5387319912693,15060
HHO,11,20,2053,2711.0118579705727,111.01185797057269,15068
HHO,11,20,2054,2876.8275385669835,276.82753856698355,15080
HHO,11,20,2055,3692.5624643609326,1092.5624643609326,15044
HHO,12,20,2026,3358.8784059315226,658.8784059315226,15030
HHO,12,20,2027,3986.3710341009264,1286.3710341009264,15044
HHO,12,20,2028,4084.201063464548,1384.201063464548,15042
HHO,12,20,2029,3857.280178719817,1157.2801787198168,15052
HHO,12,20,2030,3052.983282966001,352.98328296600084,15076
HHO,12,20,2031,3050.7943552469756,350.79435524697556,15066
HHO,12,20,2032,3393.322288291597,693.322288291597,15040
HHO,12,20,2033,3155.754701884499,455.7547018844989,15068
HHO,12,20,2034,3284.5571330107277,584.5571330107277,15038
HHO,12,20,2035,3048.882175845139,348.88217584513905,15054
HHO,12,20,2036,3369.8252431941914,669.8252431941914,15040
HHO,12,20,2037,3373.210428299305,673.210428299305,15062
HHO,12,20,2038,3343.9693919738293,643.9693919738293,15040
HHO,12,20,2039,3417.1343895594164,717.1343895594164,15038
HHO,12,20,2040,3672.931350851028,972.9313508510281,15062
HHO,12,20,2041,3730.29877947942,1030.2987794794199,15050
HHO,12,20,2042,3537.5288108820673,837.5288108820673,15056
HHO,12,20,2043,3817.2596242618315,1117.2596242618315,15068
HHO,12,20,2044,3428.03423197206,728.0342319720598,15070
HHO,12,20,2045,3369.4153088084754,669.4153088084754,15034
HHO,12,20,2046,3133.3952158657294,433.39521586572937,15052
HHO,12,20,2047,3871.0788993277874,1171.0788993277874,15044
HHO,12,20,2048,3216.2433703209754,516.2433703209754,15066
HHO,12,20,2049,3190.02770090774,490.0277009077399,15044
HHO,12,20,2050,3147.948080587414,447.9480805874141,15032
HHO,12,20,2051,3692.400692063006,992.4006920630059,15052
HHO,12,20,2052,3817.6836343152527,1117.6836343152527,15060
HHO,12,20,2053,3505.632937396668,805.6329373966678,15068
HHO,12,20,2054,4008.605667386693,1308.6056673866929,15080
HHO,12,20,2055,3722.426855745898,1022.4268557458981,15044
SCA,1,20,2026,14701.034899100865,14401.034899100865,15030
SCA,1,20,2027,13855.232486614805,13555.232486614805,15030
SCA,1,20,2028,11375.011545528941,11075.011545528941,15030
SCA,1,20,2029,18114.273866488256,17814.273866488256,15030
SCA,1,20,2030,19163.93972289258,18863.93972289258,15030
SCA,1,20,2031,12269.164387274079,11969.164387274079,15030
SCA,1,20,2032,12743.97560898924,12443.97560898924,15030
SCA,1,20,2033,16095.136838365675,15795.136838365675,15030
SCA,1,20,2034,14380.12747789683,14080.12747789683,15030
SCA,1,20,2035,10060.82159214223,9760.82159214223,15030
SCA,1,20,2036,10910.100929251044,10610.100929251044,15030
SCA,1,20,2037,13190.162711742343,12890.162711742343,15030
SCA,1,20,2038,16069.699531206406,15769.699531206406,15030
SCA,1,20,2039,16334.25234141457,16034.25234141457,15030
SCA,1,20,2040,15712.735404912837,15412.735404912837,15030
SCA,1,20,2041,12064.85035301057,11764.85035301057,15030
SCA,1,20,2042,18972.870923400656,18672.870923400656,15030
SCA,1,20,2043,14686.978015973697,14386.978015973697,15030
SCA,1,20,2044,12137.97102527638,11837.97102527638,15030
SCA,1,20,2045,13022.276702314215,12722.276702314215,15030
SCA,1,20,2046,18632.233848358075,18332.233848358075,15030
SCA,1,20,2047,17558.76676546348,17258.76676546348,15030
SCA,1,20,2048,8244.074941022547,7944.074941022547,15030
SCA,1,20,2049,12459.252563362215,12159.252563362215,15030
SCA,1,20,2050,12469.283024707973,12169.283024707973,15030
SCA,1,20,2051,12753.846027267296,12453.846027267296,15030
SCA,1,20,2052,11555.725297922816,11255.725297922816,15030
SCA,1,20,2053,11750.930014003006,11450.930014003006,15030
SCA,1,20,2054,14225.394282931888,13925.394282931888,15030
SCA,1,20,2055,11800.984714254277,11500.984714254277,15030
SCA,2,20,2026,1045.4207775132659,645.4207775132659,15030
SCA,2,20,2027,961.358118990006,561.358118990006,15030
SCA,2,20,2028,912.194990213976,512.194990213976,15030
SCA,2,20,2029,873.6487831244411,473.64878312444114,15030
SCA,2,20,2030,1165.9199466274308,765.9199466274308,15030
SCA,2,20,2031,961.6397785580884,561.6397785580884,15030
SCA,2,20,2032,1062.3648621656894,662.3648621656894,15030
SCA,2,20,2033,1152.8449008774414,752.8449008774414,15030
SCA,2,20,2034,1073.2094105325823,673.2094105325823,15030
SCA,2,20,2035,1163.4265037733185,763.4265037733185,15030
SCA,2,20,2036,942.7623382345012,542.7623382345012,15030
SCA,2,20,2037,987.3744761165816,587.3744761165816,15030
SCA,2,20,2038,1081.8722385496467,681.8722385496467,15030
SCA,2,20,2039,762.2962180608433,362.29621806084333,15030
SCA,2,20,2040,1140.289640051134,740.289640051134,15030
SCA,2,20,2041,800.8220292837678,400.82202928376785,15030
SCA,2,20,2042,1232.3856902222517,832.3856902222517,15030
SCA,2,20,2043,1137.16528016355,737.16528016355,15030
SCA,2,20,2044,761.9523449455002,361.95234494550016,15030
SCA,2,20,2045,842.5451530366181,442.5451530366181,15030
SCA,2,20,2046,926.4638356128019,526.4638356128019,15030
SCA,2,20,2047,1000.0482737440324,600.0482737440324,15030
SCA,2,20,2048,880.9335138397674,480.93351383976744,15030
SCA,2,20,2049,1044.08560263861,644.08560263861,15030
SCA,2,20,2050,1049.2042695191808,649.2042695191808,15030
SCA,2,20,2051,1207.4194794933392,807.4194794933392,15030
SCA,2,20,2052,1134.0083146723566,734.0083146723566,15030
SCA,2,20,2053,1399.5414427535989,999.5414427535989,15030
SCA,2,20,2054,1601.0700933836818,1201.0700933836818,15030
SCA,2,20,2055,928.1189238138649,528.1189238138649,15030
SCA,3,20,2026,600.5149252491025,0.5149252491024754,15030
SCA,3,20,2027,600.4732356407467,0.47323564074667956,15030
SCA,3,20,2028,600.390375108087,0.3903751080870279,15030
SCA,3,20,2029,600.4906463331106,0.4906463331105897,15030
SCA,3,20,2030,600.5663088716182,0.5663088716181619,15030
SCA,3,20,2031,600.639965272698,0.6399652726979639,15030
SCA,3,20,2032,600.5632198958152,0.563219895815223,15030
SCA,3,20,2033,600.7505313388256,0.7505313388255672,15030
SCA,3,20,2034,600.5233628444248,0.5233628444248097,15030
SCA,3,20,2035,600.6330126308393,0.6330126308392892,15030
SCA,3,20,2036,600.3838550049331,0.38385500493313884,15030
SCA,3,20,2037,600.6747244885403,0.6747244885402779,15030
SCA,3,20,2038,600.4490681967521,0.44906819675213683,15030
SCA,3,20,2039,600.4458170473006,0.44581704730057936,15030
SCA,3,20,2040,600.5504913930044,0.5504913930044495,15030
SCA,3,20,2041,600.6037693268235,0.6037693268234534,15030
SCA,3,20,2042,600.3964462555213,0.3964462555212549,15030
SCA,3,20,2043,600.6400104686485,0.6400104686484838,15030
SCA,3,20,2044,600.5422382915284,0.5422382915284061,15030
SCA,3,20,2045,600.4365387627603,0.4365387627602786,15030
SCA,3,20,2046,600.6719644070389,0.6719644070388995,15030
SCA,3,20,2047,600.6039517851802,0.603951785180243,15030
SCA,3,20,2048,600.535408832672,0.535408832672033,15030
SCA,3,20,2049,600.6767134425031,0.6767134425031145,15030
SCA,3,20,2050,600.5841737816035,0.5841737816034538,15030
SCA,3,20,2051,600.6103912178443,0.610391217844267,15030
SCA,3,20,2052,600.4851111123986,0.48511111239861293,15030
SCA,3,20,2053,600.5239030753179,0.5239030753178895,15030
SCA,3,20,2054,600.6393583020285,0.6393583020285405,15030
SCA,3,20,2055,600.2796192826501,0.2796192826500601,15030
SCA,4,20,2026,948.1771289799713,148.17712897997126,15030
SCA,4,20,2027,1099.7372586494903,299.7372586494903,15030
SCA,4,20,2028,1103.8773846140562,303.87738461405615,15030
SCA,4,20,2029,1108.399932289488,308.3999322894881,15030
SCA,4,20,2030,1126.690999674021,326.690999674021,15030
SCA,4,20,2031,1096.6435745335073,296.64357453350726,15030
SCA,4,20,2032,1116.7535506549964,316.7535506549964,15030
SCA,4,20,2033,1089.9428347025228,289.94283470252276,15030
SCA,4,20,2034,1074.4170796190401,274.4170796190401,15030
SCA,4,20,2035,1107.4686618728233,307.4686618728233,15030
SCA,4,20,2036,1119.9768526422204,319.97685264222036,15030
SCA,4,20,2037,1071.5865581081675,271.58655810816754,15030
SCA,4,20,2038,1051.626236505614,251.6262365056141,15030
SCA,4,20,2039,1133.284917248052,333.2849172480519,15030
SCA,4,20,2040,1114.5781455117242,314.5781455117242,15030
SCA,4,20,2041,1082.646156085187,282.64615608518693,15030
SCA,4,20,2042,1039.4977451885072,239.49774518850722,15030
SCA,4,20,2043,1091.9843070238226,291.98430702382257,15030
SCA,4,20,2044,1049.0269653771966,249.02696537719657,15030
SCA,4,20,2045,1116.8941354241017,316.8941354241017,15030
SCA,4,20,2046,1065.5,265.5,15030
SCA,4,20,2047,1080.5672609613916,280.56726096139164,15030
SCA,4,20,2048,1076.554828116084,276.5548281160841,15030
SCA,4,20,2049,1095.8468083210062,295.84680832100616,15030
SCA,4,20,2050,1105.4747324719658,305.4747324719658,15030
SCA,4,20,2051,1078.9844272753849,278.98442727538486,15030
SCA,4,20,2052,1093.7473895713028,293.74738957130285,15030
SCA,4,20,2053,1090.8083447867684,290.80834478676843,15030
SCA,4,20,2054,1069.1176385326298,269.1176385326298,15030
SCA,4,20,2055,1084.4931518178762,284.4931518178762,15030
SCA,5,20,2026,905.1662947792798,5.166294779279838,15030
SCA,5,20,2027,905.9632849802106,5.963284980210574,15030
SCA,5,20,2028,904.4380964240139,4.4380964240139065,15030
SCA,5,20,2029,903.3068727477346,3.3068727477345874,15030
SCA,5,20,2030,905.1225825793722,5.122582579372192,15030
SCA,5,20,2031,905.6495843904187,5.649584390418681,15030
SCA,5,20,2032,905.9450804001598,5.945080400159782,15030
SCA,5,20,2033,904.3560839658758,4.356083965875769,15030
SCA,5,20,2034,903.8627877044031,3.862787704403104,15030
SCA,5,20,2035,906.8938079047799,6.893807904779919,15030
SCA,5,20,2036,903.9038422588677,3.903842258867712,15030
SCA,5,20,2037,905.4188355587011,5.418835558701062,15030
SCA,5,20,2038,904.7905354140447,4.790535414044712,15030
SCA,5,20,2039,905.488216152184,5.488216152184009,15030
SCA,5,20,2040,905.8763247531385,5.876324753138533,15030
SCA,5,20,2041,905.2850829958375,5.285082995837456,15030
SCA,5,20,2042,905.1425292172498,5.14252921724983,15030
SCA,5,20,2043,903.5008836228366,3.500883622836568,15030
SCA,5,20,2044,904.4084000378678,4.40840003786775,15030
SCA,5,20,2045,906.7058377218746,6.705837721874559,15030
SCA,5,20,2046,904.037883807463,4.037883807463004,15030
SCA,5,20,2047,904.8443348346713,4.844334834671258,15030
SCA,5,20,2048,905.1335165928314,5.13351659283137,15030
SCA,5,20,2049,906.1667145247445,6.1667145247445205,15030
SCA,5,20,2050,905.3348855883359,5.334885588335851,15030
SCA,5,20,2051,903.0085895312975,3.0085895312975026,15030
SCA,5,20,2052,904.9235223784957,4.923522378495704,15030
SCA,5,20,2053,904.0863202022011,4.0863202022011365,15030
SCA,5,20,2054,904.4571276927807,4.457127692780659,15030
SCA,5,20,2055,904.9160217629096,4.916021762909622,15030
SCA,6,20,2026,324498064.03528327,324496264.03528327,15030
SCA,6,20,2027,952670572.7866063,952668772.7866063,15030
SCA,6,20,2028,485453287.7530542,485451487.7530542,15030
SCA,6,20,2029,398524707.20694965,398522907.20694965,15030
SCA,6,20,2030,772074801.2654595,772073001.2654595,15030
SCA,6,20,2031,366146998.9066864,366145198.9066864,15030
SCA,6,20,2032,350135491.36730057,350133691.36730057,15030
SCA,6,20,2033,931342515.9105004,931340715.9105004,15030
SCA,6,20,2034,882981954.4967113,882980154.4967113,15030
SCA,6,20,2035,820965598.3032049,820963798.3032049,15030
SCA,6,20,2036,288164009.4233859,288162209.4233859,15030
SCA,6,20,2037,424381152.1463434,424379352.1463434,15030
SCA,6,20,2038,1183184150.5361812,1183182350.5361812,15030
SCA,6,20,2039,501069398.1036351,501067598.1036351,15030
SCA,6,20,2040,696720104.3292289,696718304.3292289,15030
SCA,6,20,2041,767976898.8916025,767975098.8916025,15030
SCA,6,20,2042,677543257.2573875,677541457.2573875,15030
SCA,6,20,2043,432972044.2252479,432970244.2252479,15030
SCA,6,20,2044,395832166.5513859,395830366.5513859,15030
SCA,6,20,2045,442899790.17772603,442897990.17772603,15030
SCA,6,20,2046,239542867.84202063,239541067.84202063,15030
SCA,6,20,2047,310977050.61392725,310975250.61392725,15030
SCA,6,20,2048,462243225.58940595,462241425.58940595,15030
SCA,6,20,2049,357388342.44622856,357386542.44622856,15030
SCA,6,20,2050,349945967.49543047,349944167.49543047,15030
SCA,6,20,2051,496934415.59377855,496932615.59377855,15030
SCA,6,20,2052,348057911.6849386,348056111.6849386,15030
SCA,6,20,2053,729847304.5048583,729845504.5048583,15030
SCA,6,20,2054,724317900.3426934,724316100.3426934,15030
SCA,6,20,2055,421476737.488747,421474937.488747,15030
SCA,7,20,2026,2888.6250978464122,888.6250978464122,15030
SCA,7,20,2027,2861.615759008593,861.6157590085932,15030
SCA,7,20,2028,3257.5836277688704,1257.5836277688704,15030
SCA,7,20,2029,3340.6113568211445,1340.6113568211445,15030
SCA,7,20,2030,3486.920510813302,1486.920510813302,15030
SCA,7,20,2031,3072.416438200762,1072.416438200762,15030
SCA,7,20,2032,2468.7981792377723,468.7981792377723,15030
SCA,7,20,2033,3812.0898221167017,1812.0898221167017,15030
SCA,7,20,2034,3196.585573812996,1196.5855738129958,15030
SCA,7,20,2035,3353.051113403313,1353.0511134033131,15030
SCA,7,20,2036,3149.674254497977,1149.674254497977,15030
SCA,7,20,2037,3382.728231673795,1382.728231673795,15030
SCA,7,20,2038,2960.7472990715937,960.7472990715937,15030
SCA,7,20,2039,2662.7368670609712,662.7368670609712,15030
SCA,7,20,2040,2667.1615658470846,667.1615658470846,15030
SCA,7,20,2041,3214.3488117437128,1214.3488117437128,15030
SCA,7,20,2042,2626.2294206849915,626.2294206849915,15030
SCA,7,20,2043,3322.7500178172927,1322.7500178172927,15030
SCA,7,20,2044,3104.225399603052,1104.2253996030522,15030
SCA,7,20,2045,3535.9054471458367,1535.9054471458367,15030
SCA,7,20,2046,3173.1692655017196,1173.1692655017196,15030
SCA,7,20,2047,2522.686135527519,522.6861355275191,15030
SCA,7,20,2048,3675.506298602548,1675.5062986025482,15030
SCA,7,20,2049,3068.089839035675,1068.0898390356751,15030
SCA,7,20,2050,2608.7110377369086,608.7110377369086,15030
SCA,7,20,2051,2906.4081032188537,906.4081032188537,15030
SCA,7,20,2052,2566.5790686841297,566.5790686841297,15030
SCA,7,20,2053,3417.0157286388144,1417.0157286388144,15030
SCA,7,20,2054,3070.238889273974,1070.238889273974,15030
SCA,7,20,2055,3478.625226131677,1478.6252261316772,15030
SCA,8,20,2026,20855.801754205717,18655.801754205717,15030
SCA,8,20,2027,2365684.3134564,2363484.3134564,15030
SCA,8,20,2028,268938.3495412051,266738.3495412051,15030
SCA,8,20,2029,66117.09184887965,63917.091848879645,15030
SCA,8,20,2030,225961996.40321305,225959796.40321305,15030
SCA,8,20,2031,3748329.1276719584,3746129.1276719584,15030
SCA,8,20,2032,168232.6204437465,166032.6204437465,15030
SCA,8,20,2033,105119380.49576147,105117180.49576147,15030
SCA,8,20,2034,11170802.836644521,11168602.836644521,15030
SCA,8,20,2035,214551596.89158309,214549396.89158309,15030
SCA,8,20,2036,2395129.46402668,2392929.46402668,15030
SCA,8,20,2037,50707967.14342251,50705767.14342251,15030
SCA,8,20,2038,23006015.84684945,23003815.84684945,15030
SCA,8,20,2039,87775232.35203546,87773032.35203546,15030
SCA,8,20,2040,1977062.036650781,1974862.036650781,15030
SCA,8,20,2041,25114281.182756457,25112081.182756457,15030
SCA,8,20,2042,15694.08931068176,13494.08931068176,15030
SCA,8,20,2043,9176309.016485486,9174109.016485486,15030
SCA,8,20,2044,24518336.037009794,24516136.037009794,15030
SCA,8,20,2045,174365338.69218504,174363138.69218504,15030
SCA,8,20,2046,5944322.923732562,5942122.923732562,15030
SCA,8,20,2047,21771647.966107737,21769447.966107737,15030
SCA,8,20,2048,188341.03891077693,186141.03891077693,15030
SCA,8,20,2049,154293.25917790836,152093.25917790836,15030
SCA,8,20,2050,20536695.781919733,20534495.781919733,15030
SCA,8,20,2051,610536.3897216233,608336.3897216233,15030
SCA,8,20,2052,7820143.162949918,7817943.162949918,15030
SCA,8,20,2053,214514.93791039792,212314.93791039792,15030
SCA,8,20,2054,1940930.1772019067,1938730.1772019067,15030
SCA,8,20,2055,3994876.6869337265,3992676.6869337265,15030
SCA,9,20,2026,3720.420159984371,1420.420159984371,15030
SCA,9,20,2027,3233.5477468603876,933.5477468603876,15030
SCA,9,20,2028,3497.289077632412,1197.289077632412,15030
SCA,9,20,2029,3515.2331285383398,1215.2331285383398,15030
SCA,9,20,2030,3445.855011083947,1145.855011083947,15030
SCA,9,20,2031,3413.2458885591905,1113.2458885591905,15030
SCA,9,20,2032,3125.0144292188857,825.0144292188857,15030
SCA,9,20,2033,3134.9292629480674,834.9292629480674,15030
SCA,9,20,2034,3425.6352546186495,1125.6352546186495,15030
SCA,9,20,2035,3340.9176122455274,1040.9176122455274,15030
SCA,9,20,2036,3545.5905767515133,1245.5905767515133,15030
SCA,9,20,2037,3653.207934438503,1353.207934438503,15030
SCA,9,20,2038,3453.3023320879474,1153.3023320879474,15030
SCA,9,20,2039,3404.2373083453294,1104.2373083453294,15030
SCA,9,20,2040,3376.5403636044593,1076.5403636044593,15030
SCA,9,20,2041,3847.964412556094,1547.964412556094,15030
SCA,9,20,2042,3428.713804358731,1128.713804358731,15030
SCA,9,20,2043,3572.218060399355,1272.2180603993552,15030
SCA,9,20,2044,3841.7387436466665,1541.7387436466665,15030
SCA,9,20,2045,3383.38859112708,1083.38859112708,15030
SCA,9,20,2046,3490.5565011691597,1190.5565011691597,15030
SCA,9,20,2047,3583.329041855493,1283.329041855493,15030
SCA,9,20,2048,3361.866204734768,1061.866204734768,15030
SCA,9,20,2049,3225.398770418892,925.3987704188921,15030
SCA,9,20,2050,3799.195788317478,1499.1957883174782,15030
SCA,9,20,2051,3794.3246261429213,1494.3246261429213,15030
SCA,9,20,2052,3508.8184452256646,1208.8184452256646,15030
SCA,9,20,2053,3621.4179778131825,1321.4179778131825,15030
SCA,9,20,2054,3540.2007861362963,1240.2007861362963,15030
SCA,9,20,2055,3739.7739297066323,1439.7739297066323,15030
SCA,10,20,2026,2948.575351028676,548.5753510286759,15030
SCA,10,20,2027,2943.064245600254,543.0642456002538,15030
SCA,10,20,2028,2918.914439591982,518.914439591982,15030
SCA,10,20,2029,2907.928648086061,507.928648086061,15030
SCA,10,20,2030,2879.6180947036464,479.6180947036464,15030
SCA,10,20,2031,2963.555047023636,563.5550470236358,15030
SCA,10,20,2032,2909.6889049922816,509.68890499228155,15030
SCA,10,20,2033,2941.9309352791,541.9309352791001,15030
SCA,10,20,2034,2908.002912937226,508.00291293722603,15030
SCA,10,20,2035,2891.527392356028,491.52739235602803,15030
SCA,10,20,2036,2945.730743993221,545.730743993221,15030
SCA,10,20,2037,2917.2369924251507,517.2369924251507,15030
SCA,10,20,2038,2925.0410048846284,525.0410048846284,15030
SCA,10,20,2039,3374.7485193841094,974.7485193841094,15030
SCA,10,20,2040,2938.9820720170437,538.9820720170437,15030
SCA,10,20,2041,2948.89634819138,548.8963481913802,15030
SCA,10,20,2042,2900.9353544908913,500.9353544908913,15030
SCA,10,20,2043,2925.283392210496,525.283392210496,15030
SCA,10,20,2044,3345.9488141106285,945.9488141106285,15030
SCA,10,20,2045,2918.016394642818,518.0163946428179,15030
SCA,10,20,2046,2912.327131389988,512.3271313899882,15030
SCA,10,20,2047,2885.1989331338755,485.19893313387547,15030
SCA,10,20,2048,2870.816793328098,470.8167933280979,15030
SCA,10,20,2049,2946.5041172725973,546.5041172725973,15030
SCA,10,20,2050,2906.8044674805005,506.80446748050053,15030
SCA,10,20,2051,2926.0777165379363,526.0777165379363,15030
SCA,10,20,2052,2951.0866514560826,551.0866514560826,15030
SCA,10,20,2053,2914.997683351525,514.9976833515252,15030
SCA,10,20,2054,2982.128563008121,582.1285630081211,15030
SCA,10,20,2055,3320.5421350401043,920.5421350401043,15030
SCA,11,20,2026,2816.6662702166973,216.66627021669728,15030
SCA,11,20,2027,3427.0228475920517,827.0228475920517,15030
SCA,11,20,2028,2986.1775787719025,386.1775787719025,15030
SCA,11,20,2029,2915.0029810417495,315.00298104174954,15030
SCA,11,20,2030,2990.225114873395,390.2251148733949,15030
SCA,11,20,2031,3157.3200705071617,557.3200705071617,15030
SCA,11,20,2032,3011.7852459654005,411.78524596540046,15030
SCA,11,20,2033,3240.8935828778444,640.8935828778444,15030
SCA,11,20,2034,2994.7066511640173,394.70665116401733,15030
SCA,11,20,2035,2987.42224660573,387.4222466057299,15030
SCA,11,20,2036,2777.059221132842,177.05922113284214,15030
SCA,11,20,2037,2923.5121305583225,323.5121305583225,15030
SCA,11,20,2038,2852.102066137437,252.10206613743685,15030
SCA,11,20,2039,2925.140331567868,325.1403315678681,15030
SCA,11,20,2040,3276.8932317030567,676.8932317030567,15030
SCA,11,20,2041,3001.620337903571,401.620337903571,15030
SCA,11,20,2042,2751.7473203534523,151.74732035345232,15030
SCA,11,20,2043,2863.249894805581,263.2498948055809,15030
SCA,11,20,2044,3164.6648614868577,564.6648614868577,15030
SCA,11,20,2045,2893.943413231178,293.94341323117806,15030
SCA,11,20,2046,2845.1535277652156,245.15352776521559,15030
SCA,11,20,2047,2779.6449292509333,179.64492925093327,15030
SCA,11,20,2048,3044.450338520717,444.4503385207172,15030
SCA,11,20,2049,2925.0480670823645,325.04806708236447,15030
SCA,11,20,2050,2860.0219018005587,260.0219018005587,15030
SCA,11,20,2051,2838.3511691393596,238.35116913935963,15030
SCA,11,20,2052,2850.2753857720086,250.27538577200858,15030
SCA,11,20,2053,2883.285302744278,283.28530274427794,15030
SCA,11,20,2054,2893.715335160749,293.71533516074896,15030
SCA,11,20,2055,2857.20935212646,257.2093521264601,15030
SCA,12,20,2026,3412.88868944536,712.8886894453599,15030
SCA,12,20,2027,3352.7025747238886,652.7025747238886,15030
SCA,12,20,2028,3386.606367049646,686.606367049646,15030
SCA,12,20,2029,3298.204479208338,598.204479208338,15030
SCA,12,20,2030,3331.5319245962687,631.5319245962687,15030
SCA,12,20,2031,3343.5460780559506,643.5460780559506,15030
SCA,12,20,2032,3361.8601049117065,661.8601049117065,15030
SCA,12,20,2033,3340.2921195989456,640.2921195989456,15030
SCA,12,20,2034,3406.982560086926,706.9825600869258,15030
SCA,12,20,2035,3514.238857552489,814.2388575524892,15030
SCA,12,20,2036,3402.2188727862376,702.2188727862376,15030
SCA,12,20,2037,3412.7871331160354,712.7871331160354,15030
SCA,12,20,2038,3312.179014540342,612.179014540342,15030
SCA,12,20,2039,3464.9581263871614,764.9581263871614,15030
SCA,12,20,2040,3365.1251404665168,665.1251404665168,15030
SCA,12,20,2041,3248.9744647235225,548.9744647235225,15030
SCA,12,20,2042,3374.7902840091087,674.7902840091087,15030
SCA,12,20,2043,3327.137416800284,627.137416800284,15030
SCA,12,20,2044,3329.4061767211383,629.4061767211383,15030
SCA,12,20,2045,3273.7415230393935,573.7415230393935,15030
SCA,12,20,2046,3419.4335874193366,719.4335874193366,15030
SCA,12,20,2047,3325.7018719910025,625.7018719910025,15030
SCA,12,20,2048,3268.5237302274772,568.5237302274772,15030
SCA,12,20,2049,3293.1724588777156,593.1724588777156,15030
SCA,12,20,2050,3351.758467123612,651.7584671236118,15030
SCA,12,20,2051,3398.6852282868404,698.6852282868404,15030
SCA,12,20,2052,3306.748472730574,606.7484727305741,15030
SCA,12,20,2053,3454.041215984923,754.0412159849229,15030
SCA,12,20,2054,3310.163463591346,610.163463591346,15030
SCA,12,20,2055,3359.490453952769,659.4904539527688,15030
LSHADE,1,20,2026,300.00000000000017,1.7053025658242404e-13,15030
LSHADE,1,20,2027,300.00000000000006,5.684341886080802e-14,15030
LSHADE,1,20,2028,300.0000000000009,9.094947017729282e-13,15030
LSHADE,1,20,2029,300.00000000000006,5.684341886080802e-14,15030
LSHADE,1,20,2030,300.00000000000017,1.7053025658242404e-13,15030
LSHADE,1,20,2031,300.0000000000004,3.979039320256561e-13,15030
LSHADE,1,20,2032,300.0000000000005,5.115907697472721e-13,15030
LSHADE,1,20,2033,300.0,0.0,15030
LSHADE,1,20,2034,300.00000000005394,5.3944404498906806e-11,15030
LSHADE,1,20,2035,300.00000000000006,5.684341886080802e-14,15030
LSHADE,1,20,2036,300.0000000000212,2.120259523508139e-11,15030
LSHADE,1,20,2037,300.00000000000404,4.035882739117369e-12,15030
LSHADE,1,20,2038,300.0000000000004,3.979039320256561e-13,15030
LSHADE,1,20,2039,300.0000000000005,5.115907697472721e-13,15030
LSHADE,1,20,2040,300.00000000000034,3.410605131648481e-13,15030
LSHADE,1,20,2041,300.0000000000001,1.1368683772161603e-13,15030
LSHADE,1,20,2042,300.0000000000003,2.8421709430404007e-13,15030
LSHADE,1,20,2043,300.00000000000034,3.410605131648481e-13,15030
LSHADE,1,20,2044,300.00000000000006,5.684341886080802e-14,15030
LSHADE,1,20,2045,300.00000000000006,5.684341886080802e-14,15030
LSHADE,1,20,2046,300.0000000000001,1.1368683772161603e-13,15030
LSHADE,1,20,2047,300.00000000000006,5.684341886080802e-14,15030
LSHADE,1,20,2048,300.00000000000006,5.684341886080802e-14,15030
LSHADE,1,20,2049,300.0000000000044,4.376943252282217e-12,15030
LSHADE,1,20,2050,300.00000000000006,5.684341886080802e-14,15030
LSHADE,1,20,2051,300.00000000000006,5.684341886080802e-14,15030
LSHADE,1,20,2052,300.0000000000052,5.172751116333529e-12,15030
LSHADE,1,20,2053,300.00000000000006,5.684341886080802e-14,15030
LSHADE,1,20,2054,300.00000000000017,1.7053025658242404e-13,15030
LSHADE,1,20,2055,300.0000000000001,1.1368683772161603e-13,15030
LSHADE,2,20,2026,449.0845200353175,49.084520035317496,15030
LSHADE,2,20,2027,449.0844796535748,49.08447965357482,15030
LSHADE,2,20,2028,449.0844790082823,49.0844790082823,15030
LSHADE,2,20,2029,449.0844790907217,49.084479090721686,15030
LSHADE,2,20,2030,444.8954693174578,44.89546931745781,15030
LSHADE,2,20,2031,449.08448442234055,49.08448442234055,15030
LSHADE,2,20,2032,444.8954693174939,44.895469317493905,15030
LSHADE,2,20,2033,449.0844804278495,49.084480427849485,15030
LSHADE,2,20,2034,449.08447897950526,49.08447897950526,15030
LSHADE,2,20,2035,449.084479430388,49.084479430388,15030
LSHADE,2,20,2036,469.64619523230397,69.64619523230397,15030
LSHADE,2,20,2037,449.0844860875382,49.08448608753821,15030
LSHADE,2,20,2038,449.08447901691716,49.08447901691716,15030
LSHADE,2,20,2039,449.0844791783448,49.08447917834479,15030
LSHADE,2,20,2040,449.0844791025639,49.084479102563876,15030
LSHADE,2,20,2041,449.0844792041152,49.08447920411521,15030
LSHADE,2,20,2042,449.0880905937118,49.0880905937118,15030
LSHADE,2,20,2043,444.89546931745133,44.89546931745133,15030
LSHADE,2,20,2044,449.08448544491307,49.08448544491307,15030
LSHADE,2,20,2045,449.08449369146257,49.08449369146257,15030
LSHADE,2,20,2046,449.0844837449602,49.08448374496021,15030
LSHADE,2,20,2047,449.08447924418874,49.08447924418874,15030
LSHADE,2,20,2048,449.08447898555414,49.08447898555414,15030
LSHADE,2,20,2049,449.08449516172203,49.08449516172203,15030
LSHADE,2,20,2050,441.6797193484531,41.67971934845309,15030
LSHADE,2,20,2051,449.0844789795741,49.0844789795741,15030
LSHADE,2,20,2052,449.0844801467679,49.08448014676787,15030
LSHADE,2,20,2053,449.084480838033,49.084480838033016,15030
LSHADE,2,20,2054,449.0844791814504,49.08447918145038,15030
LSHADE,2,20,2055,449.08447945275924,49.08447945275924,15030
LSHADE,3,20,2026,600.0,0.0,15030
LSHADE,3,20,2027,600.0000000000001,1.1368683772161603e-13,15030
LSHADE,3,20,2028,600.0,0.0,15030
LSHADE,3,20,2029,600.0,0.0,15030
LSHADE,3,20,2030,600.0,0.0,15030
LSHADE,3,20,2031,600.0,0.0,15030
LSHADE,3,20,2032,600.0,0.0,15030
LSHADE,3,20,2033,600.0,0.0,15030
LSHADE,3,20,2034,600.0,0.0,15030
LSHADE,3,20,2035,600.0000000000001,1.1368683772161603e-13,15030
LSHADE,3,20,2036,600.0000000000001,1.1368683772161603e-13,15030
LSHADE,3,20,2037,600.0000000000001,1.1368683772161603e-13,15030
LSHADE,3,20,2038,600.0,0.0,15030
LSHADE,3,20,2039,600.0000000000001,1.1368683772161603e-13,15030
LSHADE,3,20,2040,600.0,0.0,15030
LSHADE,3,20,2041,600.0,0.0,15030
LSHADE,3,20,2042,600.0,0.0,15030
LSHADE,3,20,2043,600.0,0.0,15030
LSHADE,3,20,2044,600.0000000000001,1.1368683772161603e-13,15030
LSHADE,3,20,2045,600.0000000000001,1.1368683772161603e-13,15030
LSHADE,3,20,2046,600.0,0.0,15030
LSHADE,3,20,2047,600.0,0.0,15030
LSHADE,3,20,2048,600.0000000000001,1.1368683772161603e-13,15030
LSHADE,3,20,2049,600.0000000000001,1.1368683772161603e-13,15030
LSHADE,3,20,2050,600.0,0.0,15030
LSHADE,3,20,2051,600.0,0.0,15030
LSHADE,3,20,2052,600.0,0.0,15030
LSHADE,3,20,2053,600.0000000000001,1.1368683772161603e-13,15030
LSHADE,3,20,2054,600.0,0.0,15030
LSHADE,3,20,2055,600.0,0.0,15030
LSHADE,4,20,2026,861.6907844439796,61.690784443979624,15030
LSHADE,4,20,2027,887.4489635158643,87.4489635158643,15030
LSHADE,4,20,2028,852.2636975158491,52.26369751584912,15030
LSHADE,4,20,2029,864.3489675077021,64.34896750770213,15030
LSHADE,4,20,2030,873.9798725121185,73.9798725121185,15030
LSHADE,4,20,2031,872.5617033128462,72.56170331284625,15030
LSHADE,4,20,2032,883.0374097906108,83.03740979061081,15030
LSHADE,4,20,2033,872.132885315506,72.13288531550597,15030
LSHADE,4,20,2034,858.6553337018233,58.65533370182334,15030
LSHADE,4,20,2035,891.8291774324557,91.82917743245571,15030
LSHADE,4,20,2036,864.7132342993704,64.71323429937036,15030
LSHADE,4,20,2037,852.4635319910797,52.46353199107966,15030
LSHADE,4,20,2038,856.5871429564688,56.587142956468824,15030
LSHADE,4,20,2039,888.0009264141084,88.00092641410845,15030
LSHADE,4,20,2040,873.3102092228564,73.31020922285643,15030
LSHADE,4,20,2041,864.1560313894395,64.15603138943948,15030
LSHADE,4,20,2042,885.6790493124191,85.67904931241912,15030
LSHADE,4,20,2043,888.3580046792727,88.35800467927265,15030
LSHADE,4,20,2044,874.1240285300669,74.12402853006688,15030
LSHADE,4,20,2045,865.0209873642016,65.02098736420157,15030
LSHADE,4,20,2046,878.9614598086146,78.96145980861456,15030
LSHADE,4,20,2047,856.8143396421475,56.8143396421475,15030
LSHADE,4,20,2048,861.0657981131613,61.06579811316135,15030
LSHADE,4,20,2049,877.6843355670294,77.6843355670294,15030
LSHADE,4,20,2050,868.3168010343477,68.31680103434769,15030
LSHADE,4,20,2051,885.8232107529849,85.82321075298489,15030
LSHADE,4,20,2052,846.599005535564,46.59900553556395,15030
LSHADE,4,20,2053,882.593649700993,82.59364970099296,15030
LSHADE,4,20,2054,865.6757327871054,65.6757327871054,15030
LSHADE,4,20,2055,878.7641283137613,78.76412831376126,15030
LSHADE,5,20,2026,900.0895282504166,0.08952825041660617,15030
LSHADE,5,20,2027,900.1790565008331,0.17905650083309865,15030
LSHADE,5,20,2028,900.0895282504167,0.08952825041671986,15030
LSHADE,5,20,2029,900.0000000000082,8.185452315956354e-12,15030
LSHADE,5,20,2030,900.0000000000364,3.637978807091713e-11,15030
LSHADE,5,20,2031,900.0000000000359,3.5925040720030665e-11,15030
LSHADE,5,20,2032,900.5438522691109,0.5438522691108574,15030
LSHADE,5,20,2033,900.0000000000013,1.2505552149377763e-12,15030
LSHADE,5,20,2034,900.089528250419,0.0895282504189936,15030
LSHADE,5,20,2035,900.0000000009989,9.988525562221184e-10,15030
LSHADE,5,20,2036,900.0000000002381,2.3806023818906397e-10,15030
LSHADE,5,20,2037,900.0000000000003,3.410605131648481e-13,15030
LSHADE,5,20,2038,900.0895282504166,0.08952825041660617,15030
LSHADE,5,20,2039,900.0000000000002,2.2737367544323206e-13,15030
LSHADE,5,20,2040,900.0000000023407,2.3406983018503524e-09,15030
LSHADE,5,20,2041,900.0895282504166,0.08952825041660617,15030
LSHADE,5,20,2042,900.454324019028,0.45432401902803576,15030
LSHADE,5,20,2043,900.0000000000006,5.684341886080801e-13,15030
LSHADE,5,20,2044,900.0000000000001,1.1368683772161603e-13,15030
LSHADE,5,20,2045,900.0000000000116,1.1596057447604835e-11,15030
LSHADE,5,20,2046,900.4543240284703,0.45432402847029607,15030
LSHADE,5,20,2047,900.0000000000042,4.206412995699793e-12,15030
LSHADE,5,20,2048,900.0000000029451,2.9450575311784633e-09,15030
LSHADE,5,20,2049,900.0000000000063,6.252776074688882e-12,15030
LSHADE,5,20,2050,900.0000000000209,2.091837814077735e-11,15030
LSHADE,5,20,2051,900.0000000000024,2.3874235921539366e-12,15030
LSHADE,5,20,2052,900.0000000001506,1.5063505998114124e-10,15030
LSHADE,5,20,2053,900.0000000000302,3.0240698833949864e-11,15030
LSHADE,5,20,2054,900.0000000001625,1.624584911041893e-10,15030
LSHADE,5,20,2055,900.0000000000068,6.821210263296962e-12,15030
LSHADE,6,20,2026,30274.198190644373,28474.198190644373,15030
LSHADE,6,20,2027,39553.25375926258,37753.25375926258,15030
LSHADE,6,20,2028,30498.756650940122,28698.756650940122,15030
LSHADE,6,20,2029,17120.40104362574,15320.401043625741,15030
LSHADE,6,20,2030,18245.54448467376,16445.54448467376,15030
LSHADE,6,20,2031,30036.90794518203,28236.90794518203,15030
LSHADE,6,20,2032,21714.97217735747,19914.97217735747,15030
LSHADE,6,20,2033,34530.32341624038,32730.323416240382,15030
LSHADE,6,20,2034,18220.75354501563,16420.75354501563,15030
LSHADE,6,20,2035,28918.17959135225,27118.17959135225,15030
LSHADE,6,20,2036,27965.645797163997,26165.645797163997,15030
LSHADE,6,20,2037,55193.926427778846,53393.926427778846,15030
LSHADE,6,20,2038,25775.882410335653,23975.882410335653,15030
LSHADE,6,20,2039,46437.6928574968,44637.6928574968,15030
LSHADE,6,20,2040,12162.054481456573,10362.054481456573,15030
LSHADE,6,20,2041,28897.282918371286,27097.282918371286,15030
LSHADE,6,20,2042,45701.3823014783,43901.3823014783,15030
LSHADE,6,20,2043,25174.307423115268,23374.307423115268,15030
LSHADE,6,20,2044,18360.133007870383,16560.133007870383,15030
LSHADE,6,20,2045,36730.453371780546,34930.453371780546,15030
LSHADE,6,20,2046,20469.80619106355,18669.80619106355,15030
LSHADE,6,20,2047,18822.242243698995,17022.242243698995,15030
LSHADE,6,20,2048,34709.416551691196,32909.416551691196,15030
LSHADE,6,20,2049,21401.25150910513,19601.25150910513,15030
LSHADE,6,20,2050,20849.39169696297,19049.39169696297,15030
LSHADE,6,20,2051,20595.542870208246,18795.542870208246,15030
LSHADE,6,20,2052,47383.57622681048,45583.57622681048,15030
LSHADE,6,20,2053,25679.022346338723,23879.022346338723,15030
LSHADE,6,20,2054,22291.796031968683,20491.796031968683,15030
LSHADE,6,20,2055,38457.110174547175,36657.110174547175,15030
LSHADE,7,20,2026,2030.5426985917,30.542698591699946,15030
LSHADE,7,20,2027,2028.5517491274213,28.551749127421317,15030
LSHADE,7,20,2028,2039.9242636643457,39.924263664345744,15030
LSHADE,7,20,2029,2030.882779591521,30.882779591521057,15030
LSHADE,7,20,2030,2026.3710746030365,26.371074603036504,15030
LSHADE,7,20,2031,2025.2972262179167,25.29722621791666,15030
LSHADE,7,20,2032,2028.246701701083,28.24670170108311,15030
LSHADE,7,20,2033,2029.811301776081,29.81130177608111,15030
LSHADE,7,20,2034,2031.9053506620953,31.905350662095316,15030
LSHADE,7,20,2035,2027.14536052325,27.14536052325002,15030
LSHADE,7,20,2036,2026.8090893136555,26.809089313655477,15030
LSHADE,7,20,2037,2030.480020283435,30.480020283434897,15030
LSHADE,7,20,2038,2027.3477991639695,27.347799163969512,15030
LSHADE,7,20,2039,2029.392231892582,29.392231892582004,15030
LSHADE,7,20,2040,2038.8061768607845,38.80617686078449,15030
LSHADE,7,20,2041,2027.6309240494609,27.630924049460873,15030
LSHADE,7,20,2042,2028.5448097396186,28.544809739618586,15030
LSHADE,7,20,2043,2030.0467595368086,30.046759536808622,15030
LSHADE,7,20,2044,2028.4458691595853,28.4458691595853,15030
LSHADE,7,20,2045,2037.5950412341097,37.59504123410966,15030
LSHADE,7,20,2046,2030.1281290380264,30.128129038026373,15030
LSHADE,7,20,2047,2038.680829976277,38.68082997627698,15030
LSHADE,7,20,2048,2028.19408237919,28.194082379189922,15030
LSHADE,7,20,2049,2031.766251605341,31.76625160534104,15030
LSHADE,7,20,2050,2026.9423028716615,26.942302871661468,15030
LSHADE,7,20,2051,2027.0092238085908,27.009223808590832,15030
LSHADE,7,20,2052,2032.4230516366354,32.423051636635364,15030
LSHADE,7,20,2053,2027.6783848366038,27.678384836603755,15030
LSHADE,7,20,2054,2030.5094694083455,30.509469408345467,15030
LSHADE,7,20,2055,2026.9684969788893,26.968496978889334,15030
LSHADE,8,20,2026,2226.0994835906704,26.09948359067039,15030
LSHADE,8,20,2027,2226.233550226979,26.233550226978878,15030
LSHADE,8,20,2028,2226.1094454632425,26.109445463242537,15030
LSHADE,8,20,2029,2228.7691897641776,28.769189764177554,15030
LSHADE,8,20,2030,2223.733925558108,23.733925558107785,15030
LSHADE,8,20,2031,2235.2471601718153,35.24716017181527,15030
LSHADE,8,20,2032,2224.8069500706806,24.806950070680614,15030
LSHADE,8,20,2033,2224.3395300459088,24.33953004590876,15030
LSHADE,8,20,2034,2226.2853247366797,26.28532473667974,15030
LSHADE,8,20,2035,2223.9634983818546,23.963498381854606,15030
LSHADE,8,20,2036,2226.038210363813,26.03821036381305,15030
LSHADE,8,20,2037,2228.6788147160264,28.67881471602641,15030
LSHADE,8,20,2038,2226.694149352362,26.69414935236182,15030
LSHADE,8,20,2039,2231.6496884766398,31.649688476639767,15030
LSHADE,8,20,2040,2226.0908801240284,26.090880124028445,15030
LSHADE,8,20,2041,2230.618862524853,30.61886252485283,15030
LSHADE,8,20,2042,2227.025795089668,27.02579508966801,15030
LSHADE,8,20,2043,2225.245847369792,25.245847369792045,15030
LSHADE,8,20,2044,2233.266147313002,33.266147313001966,15030
LSHADE,8,20,2045,2228.9625657168144,28.962565716814424,15030
LSHADE,8,20,2046,2229.2613807835746,29.261380783574623,15030
LSHADE,8,20,2047,2226.809115773868,26.809115773868143,15030
LSHADE,8,20,2048,2222.8364249599736,22.836424959973556,15030
LSHADE,8,20,2049,2236.363752293278,36.36375229327814,15030
LSHADE,8,20,2050,2228.913251831203,28.91325183120307,15030
LSHADE,8,20,2051,2225.013920704701,25.013920704700922,15030
LSHADE,8,20,2052,2227.9745176961537,27.974517696153725,15030
LSHADE,8,20,2053,2229.779587867395,29.779587867395094,15030
LSHADE,8,20,2054,2225.9774282411126,25.977428241112648,15030
LSHADE,8,20,2055,2231.974193435829,31.974193435828965,15030
LSHADE,9,20,2026,2635.638771325701,335.6387713257009,15030
LSHADE,9,20,2027,2635.6387708727716,335.6387708727716,15030
LSHADE,9,20,2028,2635.638802359318,335.6388023593181,15030
LSHADE,9,20,2029,2635.6388922306687,335.6388922306687,15030
LSHADE,9,20,2030,2635.6388943895317,335.63889438953174,15030
LSHADE,9,20,2031,2635.638775716603,335.63877571660305,15030
LSHADE,9,20,2032,2635.6387714518555,335.6387714518555,15030
LSHADE,9,20,2033,2635.6387749140913,335.6387749140913,15030
LSHADE,9,20,2034,2635.6388584161705,335.6388584161705,15030
LSHADE,9,20,2035,2635.6387705677776,335.63877056777756,15030
LSHADE,9,20,2036,2635.6387949788686,335.63879497886865,15030
LSHADE,9,20,2037,2635.638777026405,335.638777026405,15030
LSHADE,9,20,2038,2635.638777192551,335.63877719255106,15030
LSHADE,9,20,2039,2635.6387708237794,335.6387708237794,15030
LSHADE,9,20,2040,2635.6388081488026,335.6388081488026,15030
LSHADE,9,20,2041,2635.6387979760084,335.6387979760084,15030
LSHADE,9,20,2042,2635.6387751384327,335.6387751384327,15030
LSHADE,9,20,2043,2635.638794542092,335.638794542092,15030
LSHADE,9,20,2044,2635.6388358115014,335.6388358115014,15030
LSHADE,9,20,2045,2635.6387732403587,335.63877324035866,15030
LSHADE,9,20,2046,2635.638772773963,335.63877277396296,15030
LSHADE,9,20,2047,2635.6387706234173,335.63877062341726,15030
LSHADE,9,20,2048,2635.6387743828022,335.63877438280224,15030
LSHADE,9,20,2049,2635.638789345681,335.63878934568083,15030
LSHADE,9,20,2050,2635.638824117197,335.63882411719715,15030
LSHADE,9,20,2051,2635.638776345699,335.63877634569917,15030
LSHADE,9,20,2052,2635.638865343621,335.6388653436211,15030
LSHADE,9,20,2053,2635.639127954946,335.63912795494616,15030
LSHADE,9,20,2054,2635.638775695481,335.63877569548094,15030
LSHADE,9,20,2055,2635.638771138072,335.6387711380721,15030
LSHADE,10,20,2026,4625.809158530293,2225.8091585302927,15030
LSHADE,10,20,2027,2806.1639822265747,406.1639822265747,15030
LSHADE,10,20,2028,4148.349439678161,1748.3494396781607,15030
LSHADE,10,20,2029,2805.109729500157,405.10972950015685,15030
LSHADE,10,20,2030,2835.551504133515,435.5515041335152,15030
LSHADE,10,20,2031,2799.4115146232207,399.4115146232207,15030
LSHADE,10,20,2032,2799.3352070338506,399.33520703385057,15030
LSHADE,10,20,2033,2806.289155553788,406.2891555537881,15030
LSHADE,10,20,2034,2887.4510836383506,487.4510836383506,15030
LSHADE,10,20,2035,2800.2839332888752,400.28393328887523,15030
LSHADE,10,20,2036,2803.0393387832914,403.03933878329144,15030
LSHADE,10,20,2037,2890.355602154675,490.3556021546751,15030
LSHADE,10,20,2038,2805.0354078071064,405.03540780710637,15030
LSHADE,10,20,2039,2802.034364066149,402.034364066149,15030
LSHADE,10,20,2040,4475.3408067546725,2075.3408067546725,15030
LSHADE,10,20,2041,2807.441059302928,407.4410593029279,15030
LSHADE,10,20,2042,2874.334400195588,474.33440019558793,15030
LSHADE,10,20,2043,4540.736437436615,2140.7364374366152,15030
LSHADE,10,20,2044,2892.067654738909,492.0676547389089,15030
LSHADE,10,20,2045,2801.4689146256082,401.46891462560825,15030
LSHADE,10,20,2046,2799.057161333989,399.0571613339889,15030
LSHADE,10,20,2047,2885.7518344897344,485.7518344897344,15030
LSHADE,10,20,2048,2896.9104061711164,496.9104061711164,15030
LSHADE,10,20,2049,2802.2892026481236,402.2892026481236,15030
LSHADE,10,20,2050,2806.034250516293,406.034250516293,15030
LSHADE,10,20,2051,2807.1703080572897,407.17030805728973,15030
LSHADE,10,20,2052,2799.334820545783,399.3348205457828,15030
LSHADE,10,20,2053,4061.7209064284616,1661.7209064284616,15030
LSHADE,10,20,2054,2861.9265996792446,461.92659967924465,15030
LSHADE,10,20,2055,2802.4865823805494,402.4865823805494,15030
LSHADE,11,20,2026,2600.0000000098626,9.862560546025634e-09,15030
LSHADE,11,20,2027,2600.0000000015366,1.5365912986453623e-09,15030
LSHADE,11,20,2028,2600.0000000023206,2.3205757315736264e-09,15030
LSHADE,11,20,2029,2600.000000002734,2.7339410735294223e-09,15030
LSHADE,11,20,2030,2600.0000000012483,1.248281478183344e-09,15030
LSHADE,11,20,2031,2600.000000001775,1.7748789105098695e-09,15030
LSHADE,11,20,2032,2600.0000000157684,1.5768364391988143e-08,15030
LSHADE,11,20,2033,2600.0000000008213,8.212737157009542e-10,15030
LSHADE,11,20,2034,2600.0000000035943,3.5943230614066124e-09,15030
LSHADE,11,20,2035,2600.000000000224,2.241904439870268e-10,15030
LSHADE,11,20,2036,2600.0000000011705,1.1705196811817586e-09,15030
LSHADE,11,20,2037,2600.0000000034397,3.4397089621052146e-09,15030
LSHADE,11,20,2038,2600.0000000033656,3.365585143910721e-09,15030
LSHADE,11,20,2039,2600.0000044435383,4.4435382733354345e-06,15030
LSHADE,11,20,2040,2600.000000011088,1.1088104656664655e-08,15030
LSHADE,11,20,2041,2600.000000000723,7.23048287909478e-10,15030
LSHADE,11,20,2042,2600.000000003829,3.828972694464028e-09,15030
LSHADE,11,20,2043,2600.0000000003297,3.296918293926865e-10,15030
LSHADE,11,20,2044,2600.00000000352,3.5201992432121187e-09,15030
LSHADE,11,20,2045,2600.0000000022437,2.243723429273814e-09,15030
LSHADE,11,20,2046,2600.0000000005402,5.402398528531194e-10,15030
LSHADE,11,20,2047,2600.000000002103,2.1032064978498966e-09,15030
LSHADE,11,20,2048,2600.0000000015984,1.5984369383659214e-09,15030
LSHADE,11,20,2049,2600.000000001423,1.4229044609237462e-09,15030
LSHADE,11,20,2050,2600.0000000296004,2.9600414563901722e-08,15030
LSHADE,11,20,2051,2600.0000000010064,1.006355887511745e-09,15030
LSHADE,11,20,2052,2600.0000000093814,9.381437848787755e-09,15030
LSHADE,11,20,2053,2600.000000003308,3.30783223034814e-09,15030
LSHADE,11,20,2054,2600.0000000032705,3.27054294757545e-09,15030
LSHADE,11,20,2055,2600.000000003007,3.0067894840613008e-09,15030
LSHADE,12,20,2026,2938.2850342651927,238.28503426519273,15030
LSHADE,12,20,2027,2938.2850342661977,238.28503426619773,15030
LSHADE,12,20,2028,2942.3979425145258,242.39794251452577,15030
LSHADE,12,20,2029,2943.9318245662694,243.93182456626937,15030
LSHADE,12,20,2030,2939.5694924868053,239.5694924868053,15030
LSHADE,12,20,2031,2944.866775995226,244.8667759952259,15030
LSHADE,12,20,2032,2939.497355536895,239.49735553689516,15030
LSHADE,12,20,2033,2938.2850342653514,238.28503426535144,15030
LSHADE,12,20,2034,2939.490219684649,239.49021968464922,15030
LSHADE,12,20,2035,2938.2850342651814,238.28503426518137,15030
LSHADE,12,20,2036,2939.093188421651,239.09318842165112,15030
LSHADE,12,20,2037,2940.4668939933154,240.46689399331535,15030
LSHADE,12,20,2038,2938.4757101041673,238.47571010416732,15030
LSHADE,12,20,2039,2941.203912066685,241.203912066685,15030
LSHADE,12,20,2040,2938.285034266042,238.2850342660422,15030
LSHADE,12,20,2041,2948.5724356544183,248.5724356544183,15030
LSHADE,12,20,2042,2970.099399843483,270.09939984348284,15030
LSHADE,12,20,2043,2941.2423877731117,241.24238777311166,15030
LSHADE,12,20,2044,2938.7483109056866,238.7483109056866,15030
LSHADE,12,20,2045,2939.09354228709,239.0935422870898,15030
LSHADE,12,20,2046,2965.3151651647495,265.3151651647495,15030
LSHADE,12,20,2047,2934.853317389174,234.8533173891742,15030
LSHADE,12,20,2048,2950.9086676380225,250.9086676380225,15030
LSHADE,12,20,2049,2942.618025568483,242.61802556848306,15030
LSHADE,12,20,2050,2939.497355536903,239.4973555369029,15030
LSHADE,12,20,2051,2945.601155039147,245.60115503914722,15030
LSHADE,12,20,2052,2974.0872229317365,274.0872229317365,15030
LSHADE,12,20,2053,2939.4973555369097,239.4973555369097,15030
LSHADE,12,20,2054,2938.9391244732683,238.9391244732683,15030
LSHADE,12,20,2055,2939.093188421871,239.09318842187122,15030
