alg,problem,seed,f,viol,nfe,x
EAO,truss,2026,263.89584337646835,0.0,15030,"[0.788675, 0.408248]"
EAO,truss,2027,263.8958433764684,0.0,15030,"[0.788675, 0.408248]"
EAO,truss,2028,263.89584337646835,0.0,15030,"[0.788675, 0.408248]"
EAO,truss,2029,263.8958433764684,0.0,15030,"[0.788675, 0.408248]"
EAO,truss,2030,263.89584337646835,0.0,15030,"[0.788675, 0.408248]"
EAO,truss,2031,263.8958433764684,0.0,15030,"[0.788675, 0.408248]"
EAO,truss,2032,263.8958433764684,0.0,15030,"[0.788675, 0.408248]"
EAO,truss,2033,263.89584337646835,0.0,15030,"[0.788675, 0.408248]"
EAO,truss,2034,263.8958433764684,0.0,15030,"[0.788675, 0.408248]"
EAO,truss,2035,263.8958433764684,0.0,15030,"[0.788675, 0.408248]"
EAO,truss,2036,263.89584337646835,0.0,15030,"[0.788675, 0.408248]"
EAO,truss,2037,263.8958433764684,0.0,15030,"[0.788675, 0.408248]"
EAO,truss,2038,263.8958433764684,0.0,15030,"[0.788675, 0.408248]"
EAO,truss,2039,263.89584337646835,0.0,15030,"[0.788675, 0.408248]"
EAO,truss,2040,263.89584337646835,0.0,15030,"[0.788675, 0.408248]"
EAO,truss,2041,263.8958433764684,0.0,15030,"[0.788675, 0.408248]"
EAO,truss,2042,263.8958433764684,0.0,15030,"[0.788675, 0.408248]"
EAO,truss,2043,263.89584337646835,0.0,15030,"[0.788675, 0.408248]"
EAO,truss,2044,263.89584337646835,0.0,15030,"[0.788675, 0.408248]"
EAO,truss,2045,263.89584337646835,0.0,15030,"[0.788675, 0.408248]"
EAO,truss,2046,263.89584337646835,0.0,15030,"[0.788675, 0.408248]"
EAO,truss,2047,263.8958433764684,0.0,15030,"[0.788675, 0.408248]"
EAO,truss,2048,263.8958433764684,0.0,15030,"[0.788675, 0.408248]"
EAO,truss,2049,263.8958433764684,0.0,15030,"[0.788675, 0.408248]"
EAO,truss,2050,263.8958433764684,0.0,15030,"[0.788675, 0.408248]"
EAO,truss,2051,263.89584337646835,0.0,15030,"[0.788675, 0.408248]"
EAO,truss,2052,263.89584337646835,0.0,15030,"[0.788675, 0.408248]"
EAO,truss,2053,263.8958433764684,0.0,15030,"[0.788675, 0.408248]"
EAO,truss,2054,263.8958433764684,0.0,15030,"[0.788675, 0.408248]"
EAO,truss,2055,263.89584337646835,0.0,15030,"[0.788675, 0.408248]"
RS-EAO,truss,2026,263.8958433764684,0.0,15030,"[0.788675, 0.408248]"
RS-EAO,truss,2027,263.8958433764684,0.0,15030,"[0.788675, 0.408248]"
RS-EAO,truss,2028,263.8958433764684,0.0,15030,"[0.788675, 0.408248]"
RS-EAO,truss,2029,263.8958433764684,0.0,15030,"[0.788675, 0.408248]"
RS-EAO,truss,2030,263.8958433764684,0.0,15030,"[0.788675, 0.408248]"
RS-EAO,truss,2031,263.89584337646835,0.0,15030,"[0.788675, 0.408248]"
RS-EAO,truss,2032,263.8958433764684,0.0,15030,"[0.788675, 0.408248]"
RS-EAO,truss,2033,263.8958433764684,0.0,15030,"[0.788675, 0.408248]"
RS-EAO,truss,2034,263.8958433764684,0.0,15030,"[0.788675, 0.408248]"
RS-EAO,truss,2035,263.8958433764684,0.0,15030,"[0.788675, 0.408248]"
RS-EAO,truss,2036,263.89584337646835,0.0,15030,"[0.788675, 0.408248]"
RS-EAO,truss,2037,263.8958433764684,0.0,15030,"[0.788675, 0.408248]"
RS-EAO,truss,2038,263.89584337646835,0.0,15030,"[0.788675, 0.408248]"
RS-EAO,truss,2039,263.89584337646835,0.0,15030,"[0.788675, 0.408248]"
RS-EAO,truss,2040,263.8958433764684,0.0,15030,"[0.788675, 0.408248]"
RS-EAO,truss,2041,263.89584337646835,0.0,15030,"[0.788675, 0.408248]"
RS-EAO,truss,2042,263.89584337646835,0.0,15030,"[0.788675, 0.408248]"
RS-EAO,truss,2043,263.89584337646835,0.0,15030,"[0.788675, 0.408248]"
RS-EAO,truss,2044,263.8958433764684,0.0,15030,"[0.788675, 0.408248]"
RS-EAO,truss,2045,263.8958433764684,0.0,15030,"[0.788675, 0.408248]"
RS-EAO,truss,2046,263.89584337646835,0.0,15030,"[0.788675, 0.408248]"
RS-EAO,truss,2047,263.89584337646835,0.0,15030,"[0.788675, 0.408248]"
RS-EAO,truss,2048,263.8958433764684,0.0,15030,"[0.788675, 0.408248]"
RS-EAO,truss,2049,263.8958433764684,0.0,15030,"[0.788675, 0.408248]"
RS-EAO,truss,2050,263.8958433764684,0.0,15030,"[0.788675, 0.408248]"
RS-EAO,truss,2051,263.8958433764684,0.0,15030,"[0.788675, 0.408248]"
RS-EAO,truss,2052,263.89584337646835,0.0,15030,"[0.788675, 0.408248]"
RS-EAO,truss,2053,263.8958433764684,0.0,15030,"[0.788675, 0.408248]"
RS-EAO,truss,2054,263.8958433764684,0.0,15030,"[0.788675, 0.408248]"
RS-EAO,truss,2055,263.8958433764684,0.0,15030,"[0.788675, 0.408248]"
AS-ABMO,truss,2026,263.89584483056905,0.0,15030,"[0.788631, 0.408374]"
AS-ABMO,truss,2027,263.8959199894146,0.0,15030,"[0.78895, 0.407471]"
AS-ABMO,truss,2028,263.8958718128353,0.0,15030,"[0.788492, 0.408767]"
AS-ABMO,truss,2029,263.89609551886247,0.0,15030,"[0.789261, 0.406594]"
AS-ABMO,truss,2030,263.89584475664674,0.0,15030,"[0.788697, 0.408188]"
AS-ABMO,truss,2031,263.89586420306415,0.0,15030,"[0.788574, 0.408534]"
AS-ABMO,truss,2032,263.89586385545454,0.0,15030,"[0.788508, 0.408721]"
AS-ABMO,truss,2033,263.89584887447154,0.0,15030,"[0.788589, 0.408493]"
AS-ABMO,truss,2034,263.8958951563931,0.0,15030,"[0.788423, 0.408962]"
AS-ABMO,truss,2035,263.895964175714,0.0,15030,"[0.788327, 0.409234]"
AS-ABMO,truss,2036,263.8959152016305,0.0,15030,"[0.788415, 0.408984]"
AS-ABMO,truss,2037,263.89595123627976,0.0,15030,"[0.78895, 0.407471]"
AS-ABMO,truss,2038,263.8958642507638,0.0,15030,"[0.788775, 0.407967]"
AS-ABMO,truss,2039,263.89585285971043,0.0,15030,"[0.788562, 0.40857]"
AS-ABMO,truss,2040,263.89586918418325,0.0,15030,"[0.788789, 0.407926]"
AS-ABMO,truss,2041,263.8959864737571,0.0,15030,"[0.78824, 0.40948]"
AS-ABMO,truss,2042,263.8958847125464,0.0,15030,"[0.788855, 0.407739]"
AS-ABMO,truss,2043,263.89585235509696,0.0,15030,"[0.788725, 0.408108]"
AS-ABMO,truss,2044,263.8961654574509,0.0,15030,"[0.789337, 0.406378]"
AS-ABMO,truss,2045,263.89606651940636,0.0,15030,"[0.7884, 0.409029]"
AS-ABMO,truss,2046,263.89584349370205,0.0,15030,"[0.788678, 0.408241]"
AS-ABMO,truss,2047,263.8958893397885,0.0,15030,"[0.788925, 0.407541]"
AS-ABMO,truss,2048,263.89585139554254,0.0,15030,"[0.788571, 0.408544]"
AS-ABMO,truss,2049,263.89588746032405,0.0,15030,"[0.788592, 0.408482]"
AS-ABMO,truss,2050,263.89588196589864,0.0,15030,"[0.788446, 0.408897]"
AS-ABMO,truss,2051,263.89585655170606,0.0,15030,"[0.78855, 0.408601]"
AS-ABMO,truss,2052,263.89624188273626,0.0,15030,"[0.789412, 0.406168]"
AS-ABMO,truss,2053,263.8959637536618,0.0,15030,"[0.788271, 0.409392]"
AS-ABMO,truss,2054,263.8958487557374,0.0,15030,"[0.788594, 0.408477]"
AS-ABMO,truss,2055,263.8958460595279,0.0,15030,"[0.788631, 0.408372]"
GWO,truss,2026,282.84281247461905,0.0,15030,"[1.0, 1e-06]"
GWO,truss,2027,263.9046011464325,0.0,15030,"[0.788236, 0.409579]"
GWO,truss,2028,263.91214028129804,0.0,15030,"[0.792568, 0.397402]"
GWO,truss,2029,282.84281247461905,0.0,15030,"[1.0, 1e-06]"
GWO,truss,2030,263.91116854326924,0.0,15030,"[0.784374, 0.420567]"
GWO,truss,2031,263.9033855116692,0.0,15030,"[0.786036, 0.41579]"
GWO,truss,2032,263.89623770476067,0.0,15030,"[0.788093, 0.409899]"
GWO,truss,2033,263.89662758625786,0.0,15030,"[0.788714, 0.408147]"
GWO,truss,2034,263.90010471970385,0.0,15030,"[0.786717, 0.413829]"
GWO,truss,2035,263.8966955025931,0.0,15030,"[0.789349, 0.406352]"
GWO,truss,2036,263.9065631447624,0.0,15030,"[0.786269, 0.415162]"
GWO,truss,2037,263.9003714003706,0.0,15030,"[0.787794, 0.410786]"
GWO,truss,2038,263.89842693914983,0.0,15030,"[0.787225, 0.412377]"
GWO,truss,2039,263.90211038261225,0.0,15030,"[0.788076, 0.410005]"
GWO,truss,2040,263.89725874676253,0.0,15030,"[0.788396, 0.409052]"
GWO,truss,2041,263.9012558205941,0.0,15030,"[0.788124, 0.409862]"
GWO,truss,2042,263.9126839596726,0.0,15030,"[0.789632, 0.405711]"
GWO,truss,2043,263.9057074333628,0.0,15030,"[0.787547, 0.411539]"
GWO,truss,2044,263.8985255230215,0.0,15030,"[0.787437, 0.411777]"
GWO,truss,2045,263.90142029095074,0.0,15030,"[0.791181, 0.401217]"
GWO,truss,2046,263.90985174878074,0.0,15030,"[0.792617, 0.397239]"
GWO,truss,2047,263.90038901854444,0.0,15030,"[0.787142, 0.41263]"
GWO,truss,2048,263.9170816495892,0.0,15030,"[0.793936, 0.39358]"
GWO,truss,2049,263.9042083304863,0.0,15030,"[0.791159, 0.401306]"
GWO,truss,2050,282.84281247461905,0.0,15030,"[1.0, 1e-06]"
GWO,truss,2051,263.90109181853325,0.0,15030,"[0.790853, 0.402142]"
GWO,truss,2052,263.90340168252055,0.0,15030,"[0.785802, 0.41645]"
GWO,truss,2053,263.8968780757659,0.0,15030,"[0.788116, 0.40984]"
GWO,truss,2054,263.90508415713776,0.0,15030,"[0.787909, 0.410506]"
GWO,truss,2055,263.90410991313087,0.0,15030,"[0.786186, 0.415373]"
WOA,truss,2026,277.4899031535888,0.0,15030,"[0.960451, 0.058332]"
WOA,truss,2027,266.6150321700349,0.0,15030,"[0.856251, 0.244306]"
WOA,truss,2028,265.0605119189673,0.0,15030,"[0.751515, 0.525]"
WOA,truss,2029,280.5754314752864,0.0,15030,"[0.983693, 0.02345]"
WOA,truss,2030,265.423421277098,0.0,15030,"[0.74654, 0.5427]"
WOA,truss,2031,265.11167235877735,0.0,15030,"[0.750764, 0.527634]"
WOA,truss,2032,265.73322635523226,0.0,15030,"[0.742816, 0.556333]"
WOA,truss,2033,268.1725870495956,0.0,15030,"[0.875706, 0.204854]"
WOA,truss,2034,263.89770565359936,0.0,15030,"[0.790267, 0.403765]"
WOA,truss,2035,268.9010276756188,0.0,15030,"[0.717104, 0.660734]"
WOA,truss,2036,266.4549586801443,0.0,15030,"[0.854026, 0.248999]"
WOA,truss,2037,263.90636266021994,0.0,15030,"[0.78492, 0.418975]"
WOA,truss,2038,264.3122801804565,0.0,15030,"[0.81348, 0.342255]"
WOA,truss,2039,269.4438630264745,0.0,15030,"[0.88962, 0.178215]"
WOA,truss,2040,265.34117983399886,0.0,15030,"[0.836561, 0.287259]"
WOA,truss,2041,263.9010457211032,0.0,15030,"[0.786042, 0.415747]"
WOA,truss,2042,263.9387399726166,0.0,15030,"[0.796416, 0.386783]"
WOA,truss,2043,263.9924403984258,0.0,15030,"[0.800366, 0.376148]"
WOA,truss,2044,269.33282246375325,0.0,15030,"[0.714526, 0.672342]"
WOA,truss,2045,265.45313742765234,0.0,15030,"[0.746165, 0.544058]"
WOA,truss,2046,263.89615689387585,0.0,15030,"[0.788063, 0.409982]"
WOA,truss,2047,263.9997408125551,0.0,15030,"[0.777027, 0.442233]"
WOA,truss,2048,265.2893960120649,0.0,15030,"[0.748289, 0.536412]"
WOA,truss,2049,264.198177458283,0.0,15030,"[0.769092, 0.46666]"
WOA,truss,2050,263.91894448438546,0.0,15030,"[0.794333, 0.392475]"
WOA,truss,2051,265.75739880233215,0.0,15030,"[0.742541, 0.557352]"
WOA,truss,2052,263.9323114331433,0.0,15030,"[0.795803, 0.388451]"
WOA,truss,2053,266.0484972821407,0.0,15030,"[0.739388, 0.56918]"
WOA,truss,2054,269.88723407082824,0.0,15030,"[0.711404, 0.686717]"
WOA,truss,2055,267.6572240761716,0.0,15030,"[0.869629, 0.216889]"
SCA,truss,2026,282.84281247461905,0.0,15030,"[1.0, 1e-06]"
SCA,truss,2027,264.3748537791939,0.0,15030,"[0.785285, 0.422628]"
SCA,truss,2028,264.1936429096277,0.0,15030,"[0.770055, 0.463892]"
SCA,truss,2029,282.84281247461905,0.0,15030,"[1.0, 1e-06]"
SCA,truss,2030,264.0355194690554,0.0,15030,"[0.784329, 0.421938]"
SCA,truss,2031,264.1804138009779,0.0,15030,"[0.803372, 0.369526]"
SCA,truss,2032,264.0795172356529,0.0,15030,"[0.796249, 0.388663]"
SCA,truss,2033,264.20115746402615,0.0,15030,"[0.795565, 0.391815]"
SCA,truss,2034,282.84281247461905,0.0,15030,"[1.0, 1e-06]"
SCA,truss,2035,282.84279032910587,0.0,15030,"[1.0, 1e-06]"
SCA,truss,2036,263.92532862891073,0.0,15030,"[0.786461, 0.414805]"
SCA,truss,2037,264.0502619626883,0.0,15030,"[0.774677, 0.449386]"
SCA,truss,2038,263.9952641265137,0.0,15030,"[0.782975, 0.425365]"
SCA,truss,2039,264.2243491240301,0.0,15030,"[0.791601, 0.403259]"
SCA,truss,2040,264.05083247264855,0.0,15030,"[0.776574, 0.444024]"
SCA,truss,2041,264.1342805724367,0.0,15030,"[0.804449, 0.366016]"
SCA,truss,2042,263.99803680484854,0.0,15030,"[0.794287, 0.393399]"
SCA,truss,2043,282.84281247461905,0.0,15030,"[1.0, 1e-06]"
SCA,truss,2044,263.9906395482957,0.0,15030,"[0.782464, 0.426765]"
SCA,truss,2045,264.160847935255,0.0,15030,"[0.799444, 0.380438]"
SCA,truss,2046,282.84281247461905,0.0,15030,"[1.0, 1e-06]"
SCA,truss,2047,264.2457914105455,0.0,15030,"[0.783515, 0.426342]"
SCA,truss,2048,264.18860952774145,0.0,15030,"[0.804434, 0.366603]"
SCA,truss,2049,264.4688360238375,0.0,15030,"[0.799718, 0.382745]"
SCA,truss,2050,264.1549275995894,0.0,15030,"[0.806877, 0.359356]"
SCA,truss,2051,264.2336935428959,0.0,15030,"[0.786287, 0.418382]"
SCA,truss,2052,263.9604270633484,0.0,15030,"[0.79639, 0.387073]"
SCA,truss,2053,264.19150764629904,0.0,15030,"[0.774738, 0.450625]"
SCA,truss,2054,282.84281247461905,0.0,15030,"[1.0, 1e-06]"
SCA,truss,2055,264.5698751426304,0.0,15030,"[0.799304, 0.384927]"
HHO,truss,2026,264.4915141555963,0.0,15029,"[0.818585, 0.329607]"
HHO,truss,2027,264.694726565257,0.0,15029,"[0.823584, 0.317501]"
HHO,truss,2028,264.3286166232705,0.0,15029,"[0.765406, 0.478391]"
HHO,truss,2029,263.89831281853293,0.0,15030,"[0.786851, 0.413433]"
HHO,truss,2030,264.0925641679323,0.0,15029,"[0.772771, 0.4552]"
HHO,truss,2031,264.04444597728445,0.0,15029,"[0.774801, 0.448977]"
HHO,truss,2032,265.29179961094405,0.0,15029,"[0.748256, 0.536529]"
HHO,truss,2033,263.8991552427231,0.0,15029,"[0.790805, 0.402257]"
HHO,truss,2034,263.9950950031423,0.0,15029,"[0.800533, 0.375701]"
HHO,truss,2035,263.90140293152297,0.0,15029,"[0.785938, 0.416047]"
HHO,truss,2036,263.9025931284848,0.0,15029,"[0.791722, 0.399699]"
HHO,truss,2037,264.1771317997633,0.0,15030,"[0.769762, 0.464556]"
HHO,truss,2038,264.0315473435863,0.0,15029,"[0.802588, 0.370254]"
HHO,truss,2039,265.2778536926973,0.0,15029,"[0.835422, 0.28985]"
HHO,truss,2040,264.23901105120046,0.0,15030,"[0.811109, 0.348227]"
HHO,truss,2041,263.94511362841155,0.0,15029,"[0.780602, 0.431575]"
HHO,truss,2042,264.01656994092326,0.0,15029,"[0.80178, 0.372388]"
HHO,truss,2043,264.8491202434409,0.0,15030,"[0.827007, 0.309363]"
HHO,truss,2044,265.3029264455403,0.0,15030,"[0.748108, 0.537061]"
HHO,truss,2045,265.0299591341066,0.0,15030,"[0.751972, 0.523401]"
HHO,truss,2046,264.46585216883847,0.0,15029,"[0.762135, 0.489015]"
HHO,truss,2047,264.2118144566281,0.0,15029,"[0.768671, 0.46799]"
HHO,truss,2048,265.1729014006412,0.0,15030,"[0.833481, 0.294288]"
HHO,truss,2049,263.89587606373703,0.0,15029,"[0.788886, 0.407652]"
HHO,truss,2050,264.2666072389719,0.0,15029,"[0.812028, 0.345904]"
HHO,truss,2051,266.79298828138354,0.0,15029,"[0.732344, 0.596548]"
HHO,truss,2052,265.4434477242621,0.0,15029,"[0.746287, 0.543617]"
HHO,truss,2053,264.7059142344745,0.0,15029,"[0.757328, 0.505013]"
HHO,truss,2054,264.02336802595715,0.0,15029,"[0.802153, 0.371404]"
HHO,truss,2055,264.13733568454603,0.0,15029,"[0.80738, 0.357758]"
EAO,spring,2026,0.012665293963892656,0.0,15030,"[0.051746, 0.358094, 11.208746]"
EAO,spring,2027,0.012665969588163385,0.0,15030,"[0.051489, 0.351934, 11.575044]"
EAO,spring,2028,0.012665297412158903,0.0,15030,"[0.05163, 0.355288, 11.37327]"
EAO,spring,2029,0.012665253301207085,0.0,15030,"[0.051656, 0.355912, 11.336375]"
EAO,spring,2030,0.012665279542170131,0.0,15030,"[0.05174, 0.357937, 11.217825]"
EAO,spring,2031,0.01279285209781977,0.0,15030,"[0.054373, 0.424765, 8.187077]"
EAO,spring,2032,0.012719053710180877,0.0,15030,"[0.05, 0.317425, 14.02777]"
EAO,spring,2033,0.012669233458046544,0.0,15030,"[0.051223, 0.345608, 11.971278]"
EAO,spring,2034,0.01266588324178814,0.0,15030,"[0.051878, 0.361278, 11.026542]"
EAO,spring,2035,0.012671609821464288,0.0,15030,"[0.052283, 0.371183, 10.488688]"
EAO,spring,2036,0.012719053710180877,0.0,15030,"[0.05, 0.317425, 14.02777]"
EAO,spring,2037,0.01266523308103541,0.0,15030,"[0.051685, 0.356623, 11.294529]"
EAO,spring,2038,0.012665232792442931,0.0,15030,"[0.05169, 0.356729, 11.288305]"
EAO,spring,2039,0.012667635867915897,0.0,15030,"[0.052053, 0.36554, 10.789871]"
EAO,spring,2040,0.012719053710180877,0.0,15030,"[0.05, 0.317425, 14.02777]"
EAO,spring,2041,0.012666871644100219,0.0,15030,"[0.051989, 0.363977, 10.875763]"
EAO,spring,2042,0.012719053710180877,0.0,15030,"[0.05, 0.317425, 14.02777]"
EAO,spring,2043,0.012679648105853246,0.0,15030,"[0.052584, 0.378622, 10.111543]"
EAO,spring,2044,0.013025992749198877,0.0,15030,"[0.056267, 0.477177, 6.622317]"
EAO,spring,2045,0.012665334327912389,0.0,15030,"[0.051764, 0.358514, 11.184408]"
EAO,spring,2046,0.0025000000000000005,0.8655465929060793,15030,"[0.05, 0.25, 2.0]"
EAO,spring,2047,0.012674928668795788,0.0,15030,"[0.052422, 0.374614, 10.312052]"
EAO,spring,2048,0.013148581534995658,0.0,15030,"[0.057004, 0.498563, 6.116218]"
EAO,spring,2049,0.012665694074600676,0.0,15030,"[0.051847, 0.36054, 11.068377]"
EAO,spring,2050,0.012667546982027354,0.0,15030,"[0.052046, 0.365358, 10.799853]"
EAO,spring,2051,0.012665240091254621,0.0,15030,"[0.051709, 0.357197, 11.2609]"
EAO,spring,2052,0.01266525457745377,0.0,15030,"[0.051655, 0.355889, 11.337744]"
EAO,spring,2053,0.012669066190351005,0.0,15030,"[0.051233, 0.345834, 11.956759]"
EAO,spring,2054,0.01266701148701647,0.0,15030,"[0.052002, 0.364298, 10.85804]"
EAO,spring,2055,0.010625000000000002,0.22810820034357193,15030,"[0.05, 0.25, 15.0]"
RS-EAO,spring,2026,0.012668359170441951,0.0,15030,"[0.051277, 0.346881, 11.88985]"
RS-EAO,spring,2027,0.01266523346856762,0.0,15030,"[0.051683, 0.356572, 11.297538]"
RS-EAO,spring,2028,0.012719053710180877,0.0,15030,"[0.05, 0.317425, 14.02777]"
RS-EAO,spring,2029,0.012710306634283184,0.0,15030,"[0.053281, 0.396231, 9.299706]"
RS-EAO,spring,2030,0.01266544775845911,0.0,15030,"[0.051798, 0.359337, 11.137016]"
RS-EAO,spring,2031,0.012665957234400796,0.0,15030,"[0.05149, 0.351951, 11.573967]"
RS-EAO,spring,2032,0.012675905708803866,0.0,15030,"[0.052456, 0.375456, 10.269425]"
RS-EAO,spring,2033,0.012665667762015286,0.0,15030,"[0.051844, 0.360449, 11.073507]"
RS-EAO,spring,2034,0.012665574391515647,0.0,15030,"[0.051552, 0.353439, 11.483806]"
RS-EAO,spring,2035,0.012665232788619925,0.0,15030,"[0.051689, 0.356715, 11.289147]"
RS-EAO,spring,2036,0.012719053710180861,0.0,15030,"[0.05, 0.317425, 14.02777]"
RS-EAO,spring,2037,0.012719053710180877,0.0,15030,"[0.05, 0.317425, 14.02777]"
RS-EAO,spring,2038,0.012667204710768772,0.0,15030,"[0.051361, 0.348888, 11.763184]"
RS-EAO,spring,2039,0.012665251307674801,0.0,15030,"[0.051657, 0.355955, 11.333815]"
RS-EAO,spring,2040,0.012665255055366496,0.0,15030,"[0.051656, 0.355933, 11.335103]"
RS-EAO,spring,2041,0.012719053710180872,0.0,15030,"[0.05, 0.317425, 14.02777]"
RS-EAO,spring,2042,0.012719053710180858,0.0,15030,"[0.05, 0.317425, 14.02777]"
RS-EAO,spring,2043,0.012665232789104365,0.0,15030,"[0.051689, 0.356722, 11.288741]"
RS-EAO,spring,2044,0.012719053710180858,0.0,15030,"[0.05, 0.317425, 14.02777]"
RS-EAO,spring,2045,0.012665488366087623,0.0,15030,"[0.051807, 0.359565, 11.12399]"
RS-EAO,spring,2046,0.012665233005208226,0.0,15030,"[0.051692, 0.3568, 11.284159]"
RS-EAO,spring,2047,0.012665236822723712,0.0,15030,"[0.051674, 0.356361, 11.30993]"
RS-EAO,spring,2048,0.012665268141684024,0.0,15030,"[0.051645, 0.355664, 11.351014]"
RS-EAO,spring,2049,0.012719053710180877,0.0,15030,"[0.05, 0.317425, 14.02777]"
RS-EAO,spring,2050,0.012665499536407304,0.0,15030,"[0.051569, 0.353835, 11.459984]"
RS-EAO,spring,2051,0.01266687719144816,0.0,15030,"[0.051393, 0.349641, 11.716293]"
RS-EAO,spring,2052,0.01266523559136271,0.0,15030,"[0.051701, 0.357015, 11.271561]"
RS-EAO,spring,2053,0.012674606854925705,0.0,15030,"[0.052406, 0.374199, 10.333241]"
RS-EAO,spring,2054,0.012665386036421391,0.0,15030,"[0.05178, 0.358908, 11.161681]"
RS-EAO,spring,2055,0.017773158078158706,0.0,15030,"[0.068994, 0.933432, 2.0]"
AS-ABMO,spring,2026,0.012718541617861326,0.0,15030,"[0.050008, 0.317603, 14.013091]"
AS-ABMO,spring,2027,0.012734541002815082,0.0,15030,"[0.053668, 0.406227, 8.883778]"
AS-ABMO,spring,2028,0.012714204856709235,0.0,15030,"[0.050077, 0.319148, 13.886534]"
AS-ABMO,spring,2029,0.012726614805899032,0.0,15030,"[0.05355, 0.40316, 9.008227]"
AS-ABMO,spring,2030,0.012685978325740076,0.0,15030,"[0.05172, 0.357087, 11.281045]"
AS-ABMO,spring,2031,0.012830877613338771,0.0,15030,"[0.054769, 0.435443, 7.823179]"
AS-ABMO,spring,2032,0.0139481366892866,0.0,15030,"[0.060295, 0.600022, 4.394275]"
AS-ABMO,spring,2033,0.012913710351011794,0.0,15030,"[0.055475, 0.454831, 7.22575]"
AS-ABMO,spring,2034,0.012707293628519883,0.0,15030,"[0.050253, 0.323081, 13.574821]"
AS-ABMO,spring,2035,0.012931279156164759,0.0,15030,"[0.055609, 0.45857, 7.11883]"
AS-ABMO,spring,2036,0.012668835551730876,0.0,15030,"[0.052135, 0.367546, 10.681273]"
AS-ABMO,spring,2037,0.013048128884463708,0.0,15030,"[0.056409, 0.48125, 6.520879]"
AS-ABMO,spring,2038,0.012913052855526803,0.0,15030,"[0.055246, 0.448463, 7.434235]"
AS-ABMO,spring,2039,0.012681340490524797,0.0,15030,"[0.050758, 0.334719, 12.705633]"
AS-ABMO,spring,2040,0.012683241356319885,0.0,15030,"[0.050705, 0.333494, 12.79268]"
AS-ABMO,spring,2041,0.012666346241881827,0.0,15030,"[0.051937, 0.362704, 10.946458]"
AS-ABMO,spring,2042,0.01271711125252254,0.0,15030,"[0.05003, 0.318105, 13.971801]"
AS-ABMO,spring,2043,0.012719053710182579,0.0,15030,"[0.05, 0.317425, 14.02777]"
AS-ABMO,spring,2044,0.012719053710180886,0.0,15030,"[0.05, 0.317425, 14.02777]"
AS-ABMO,spring,2045,0.012911653948025976,0.0,15030,"[0.055156, 0.445212, 7.533002]"
AS-ABMO,spring,2046,0.01271905371018094,0.0,15030,"[0.05, 0.317425, 14.02777]"
AS-ABMO,spring,2047,0.012695100396405992,0.0,15030,"[0.050425, 0.327061, 13.265664]"
AS-ABMO,spring,2048,0.012916063142246003,0.0,15030,"[0.055494, 0.455338, 7.211105]"
AS-ABMO,spring,2049,0.012677665079690759,0.0,15030,"[0.051043, 0.341348, 12.255294]"
AS-ABMO,spring,2050,0.01268850284076213,0.0,15030,"[0.050572, 0.330424, 13.015013]"
AS-ABMO,spring,2051,0.01271125259031104,0.0,15030,"[0.050125, 0.320243, 13.797894]"
AS-ABMO,spring,2052,0.012670072180479195,0.0,15030,"[0.051176, 0.344509, 12.042347]"
AS-ABMO,spring,2053,0.01319258044433579,0.0,15030,"[0.05, 0.310414, 15.0]"
AS-ABMO,spring,2054,0.012670279905759701,0.0,15030,"[0.052217, 0.369564, 10.573764]"
AS-ABMO,spring,2055,0.012718722551096276,0.0,15030,"[0.050005, 0.31754, 14.018283]"
GWO,spring,2026,0.012820601418548308,0.0,15030,"[0.054392, 0.424667, 8.204631]"
GWO,spring,2027,0.012690577205818511,0.0,15030,"[0.052478, 0.375821, 10.26155]"
GWO,spring,2028,0.012754727868694339,0.0,15030,"[0.053618, 0.404834, 8.95911]"
GWO,spring,2029,0.012732470009102475,0.0,15030,"[0.050097, 0.319374, 13.884872]"
GWO,spring,2030,0.01268695965415719,0.0,15030,"[0.050913, 0.338257, 12.469426]"
GWO,spring,2031,0.012723681627304027,0.0,15030,"[0.05, 0.317373, 14.036269]"
GWO,spring,2032,0.012730841018210941,0.0,15030,"[0.050134, 0.320244, 13.816827]"
GWO,spring,2033,0.012729170695629845,0.0,15030,"[0.05, 0.317279, 14.047915]"
GWO,spring,2034,0.013002746033639004,0.0,15030,"[0.055936, 0.467689, 6.885894]"
GWO,spring,2035,0.012745460681242752,0.0,15030,"[0.050002, 0.317184, 14.071887]"
GWO,spring,2036,0.01273307158595774,0.0,15030,"[0.05, 0.317368, 14.048321]"
GWO,spring,2037,0.012722474337619501,0.0,15030,"[0.053387, 0.39889, 9.190332]"
GWO,spring,2038,0.012731221391102996,0.0,15030,"[0.05, 0.31725, 14.051971]"
GWO,spring,2039,0.013434002411368514,0.0,15030,"[0.05837, 0.539755, 5.305226]"
GWO,spring,2040,0.012737931353596878,0.0,15030,"[0.05, 0.317217, 14.062084]"
GWO,spring,2041,0.012728479633817737,0.0,15030,"[0.05, 0.317327, 14.044607]"
GWO,spring,2042,0.012726610832632733,0.0,15030,"[0.05, 0.317366, 14.04029]"
GWO,spring,2043,0.012728880471516829,0.0,15030,"[0.05023, 0.322432, 13.646965]"
GWO,spring,2044,0.012721524029051207,0.0,15030,"[0.05, 0.317404, 14.031941]"
GWO,spring,2045,0.01272620914549485,0.0,15030,"[0.05, 0.317345, 14.040855]"
GWO,spring,2046,0.012692461538568685,0.0,15030,"[0.050962, 0.339273, 12.404821]"
GWO,spring,2047,0.012844476967507568,0.0,15030,"[0.05471, 0.433556, 7.897846]"
GWO,spring,2048,0.01273704792893039,0.0,15030,"[0.05, 0.317308, 14.056388]"
GWO,spring,2049,0.012860061233654841,0.0,15030,"[0.054831, 0.436596, 7.797466]"
GWO,spring,2050,0.012855055050071819,0.0,15030,"[0.054903, 0.439065, 7.71285]"
GWO,spring,2051,0.012730363764953711,0.0,15030,"[0.05, 0.317282, 14.049272]"
GWO,spring,2052,0.012736455912550935,0.0,15030,"[0.05, 0.317241, 14.059039]"
GWO,spring,2053,0.01273430953785345,0.0,15030,"[0.05, 0.31738, 14.049308]"
GWO,spring,2054,0.012724092392284135,0.0,15030,"[0.05, 0.31741, 14.034882]"
GWO,spring,2055,0.01312175330949304,0.0,15030,"[0.056741, 0.49057, 6.308116]"
WOA,spring,2026,0.01277248194825665,0.0,15030,"[0.054144, 0.418702, 8.40565]"
WOA,spring,2027,0.013392163813844898,0.0,15030,"[0.058229, 0.535414, 5.377104]"
WOA,spring,2028,0.01302433073077001,0.0,15030,"[0.056257, 0.476887, 6.629593]"
WOA,spring,2029,0.013710723225419445,0.0,15030,"[0.059559, 0.577284, 4.695312]"
WOA,spring,2030,0.013472797663013701,0.0,15030,"[0.058509, 0.544082, 5.233407]"
WOA,spring,2031,0.014416721117798917,0.0,15030,"[0.061893, 0.655518, 3.741115]"
WOA,spring,2032,0.016452695773564393,0.0,15030,"[0.066635, 0.834203, 2.441783]"
WOA,spring,2033,0.014164416365633689,0.0,15030,"[0.061129, 0.629232, 4.024035]"
WOA,spring,2034,0.013185012726334397,0.0,15030,"[0.057203, 0.504465, 5.987402]"
WOA,spring,2035,0.014616844909607877,0.0,15030,"[0.062472, 0.67588, 3.541369]"
WOA,spring,2036,0.013317448507257391,0.0,15030,"[0.05788, 0.524772, 5.575072]"
WOA,spring,2037,0.013802855214534584,0.0,15030,"[0.059902, 0.588376, 4.537857]"
WOA,spring,2038,0.012667254157305295,0.0,15030,"[0.051413, 0.350122, 11.687073]"
WOA,spring,2039,0.013285248872113863,0.0,15030,"[0.057723, 0.519998, 5.667854]"
WOA,spring,2040,0.012680571114124057,0.0,15030,"[0.052602, 0.379075, 10.089616]"
WOA,spring,2041,0.012700911490238274,0.0,15030,"[0.053102, 0.391664, 9.500173]"
WOA,spring,2042,0.012712670236487665,0.0,15030,"[0.050103, 0.319735, 13.838966]"
WOA,spring,2043,0.013047392472853137,0.0,15030,"[0.056403, 0.48109, 6.524923]"
WOA,spring,2044,0.015525266800963916,0.0,15030,"[0.064732, 0.759216, 2.880202]"
WOA,spring,2045,0.013020011988303225,0.0,15030,"[0.056227, 0.476021, 6.651729]"
WOA,spring,2046,0.013929855209477333,0.0,15030,"[0.06035, 0.603106, 4.341536]"
WOA,spring,2047,0.015966800397303478,0.0,15030,"[0.065688, 0.796329, 2.646785]"
WOA,spring,2048,0.016015635737305307,0.0,15030,"[0.065788, 0.800271, 2.623954]"
WOA,spring,2049,0.014337764382597889,0.0,15030,"[0.061564, 0.644092, 3.873354]"
WOA,spring,2050,0.014134073202496053,0.0,15030,"[0.061034, 0.625976, 4.061393]"
WOA,spring,2051,0.013387520912320356,0.0,15030,"[0.058207, 0.534755, 5.389071]"
WOA,spring,2052,0.013070409496344915,0.0,15030,"[0.056542, 0.4851, 6.427788]"
WOA,spring,2053,0.014936318342833354,0.0,15030,"[0.06332, 0.706454, 3.273203]"
WOA,spring,2054,0.010625000000000002,0.22810820034357193,15030,"[0.05, 0.25, 15.0]"
WOA,spring,2055,0.01600522603778844,0.0,15030,"[0.065762, 0.799251, 2.630486]"
SCA,spring,2026,0.015049483743257923,0.0,15030,"[0.061914, 0.634227, 4.190206]"
SCA,spring,2027,0.012986534743413,0.0,15030,"[0.05, 0.314327, 14.526135]"
SCA,spring,2028,0.01315844983839068,0.0,15030,"[0.05, 0.313883, 14.768622]"
SCA,spring,2029,0.013161351146180174,0.0,15030,"[0.05, 0.311079, 14.92351]"
SCA,spring,2030,0.013219399054505133,0.0,15030,"[0.05, 0.311045, 15.0]"
SCA,spring,2031,0.012920941049733304,0.0,15030,"[0.051871, 0.360926, 11.305342]"
SCA,spring,2032,0.013322069646169752,0.0,15030,"[0.05, 0.31346, 15.0]"
SCA,spring,2033,0.012954328395912219,0.0,15030,"[0.05, 0.31711, 14.340471]"
SCA,spring,2034,0.013195165185950371,0.0,15030,"[0.05, 0.310474, 15.0]"
SCA,spring,2035,0.013180561446013182,0.0,15030,"[0.05, 0.312131, 14.89105]"
SCA,spring,2036,0.012771096205041903,0.0,15030,"[0.050802, 0.335105, 12.76692]"
SCA,spring,2037,0.013044063989762208,0.0,15030,"[0.05, 0.317109, 14.453736]"
SCA,spring,2038,0.01317778520767946,0.0,15030,"[0.05, 0.3154, 14.71249]"
SCA,spring,2039,0.013200126337592731,0.0,15030,"[0.05, 0.310591, 15.0]"
SCA,spring,2040,0.013538225450612066,0.0,15030,"[0.054945, 0.431672, 8.388397]"
SCA,spring,2041,0.012786621757956997,0.0,15030,"[0.05, 0.316891, 14.140087]"
SCA,spring,2042,0.013036506953071875,0.0,15030,"[0.05, 0.316638, 14.468664]"
SCA,spring,2043,0.013288160785010423,0.0,15030,"[0.050086, 0.31159, 15.0]"
SCA,spring,2044,0.013184929333803656,0.0,15030,"[0.05, 0.316815, 14.646864]"
SCA,spring,2045,0.012932344852722051,0.0,15030,"[0.05, 0.315321, 14.405323]"
SCA,spring,2046,0.013001967198543546,0.0,15030,"[0.05, 0.315149, 14.502604]"
SCA,spring,2047,0.013195263401601143,0.0,15030,"[0.05, 0.310477, 15.0]"
SCA,spring,2048,0.013232315095526675,0.0,15030,"[0.05, 0.311349, 15.0]"
SCA,spring,2049,0.013284393993578116,0.0,15030,"[0.05, 0.312574, 15.0]"
SCA,spring,2050,0.01282442724007562,0.0,15030,"[0.05, 0.317403, 14.161721]"
SCA,spring,2051,0.01311696884252704,0.0,15030,"[0.050404, 0.321829, 14.042868]"
SCA,spring,2052,0.013195083946639225,0.0,15030,"[0.05, 0.310473, 15.0]"
SCA,spring,2053,0.013005371423138233,0.0,15030,"[0.05, 0.315791, 14.473365]"
SCA,spring,2054,0.013129359049708635,0.0,15030,"[0.05, 0.315829, 14.628452]"
SCA,spring,2055,0.013151312480141453,0.0,15030,"[0.05, 0.313338, 14.788667]"
HHO,spring,2026,0.012894518057133979,0.0,15030,"[0.055323, 0.450618, 7.349293]"
HHO,spring,2027,0.013522767877039142,0.0,15029,"[0.058805, 0.553291, 5.067849]"
HHO,spring,2028,0.012873576527356339,0.0,15029,"[0.05515, 0.445843, 7.493418]"
HHO,spring,2029,0.013680973093507253,0.0,15029,"[0.059445, 0.573608, 4.749506]"
HHO,spring,2030,0.013375196487323642,0.0,15030,"[0.058154, 0.533117, 5.418549]"
HHO,spring,2031,0.013808898182183239,0.0,15029,"[0.059921, 0.588995, 4.529702]"
HHO,spring,2032,0.016962959093849667,0.0,15029,"[0.067611, 0.874383, 2.243929]"
HHO,spring,2033,0.013774844128117645,0.0,15030,"[0.0598, 0.585079, 4.583609]"
HHO,spring,2034,0.013237657828603108,0.0,15030,"[0.057482, 0.512774, 5.812952]"
HHO,spring,2035,0.01669271830618395,0.0,15029,"[0.067115, 0.853817, 2.340326]"
HHO,spring,2036,0.012863669777389761,0.0,15029,"[0.055034, 0.442665, 7.594483]"
HHO,spring,2037,0.014657669208373346,0.0,15029,"[0.062585, 0.679909, 3.503963]"
HHO,spring,2038,0.012684184175065574,0.0,15029,"[0.051102, 0.342769, 12.170225]"
HHO,spring,2039,0.013375449367132483,0.0,15029,"[0.058142, 0.53274, 5.427076]"
HHO,spring,2040,0.013717740437377937,0.0,15029,"[0.059586, 0.578149, 4.682707]"
HHO,spring,2041,0.01299477978674983,0.0,15029,"[0.056061, 0.4713, 6.773054]"
HHO,spring,2042,0.012759839491064686,0.0,15030,"[0.054006, 0.415072, 8.53977]"
HHO,spring,2043,0.01271830468134331,0.0,15029,"[0.053288, 0.39641, 9.298753]"
HHO,spring,2044,0.01475525870736731,0.0,15029,"[0.062839, 0.689004, 3.423362]"
HHO,spring,2045,0.012943139729795133,0.0,15030,"[0.055695, 0.460963, 7.051987]"
HHO,spring,2046,0.012952484863033317,0.0,15029,"[0.055765, 0.462927, 6.997487]"
HHO,spring,2047,0.014675033778094,0.0,15029,"[0.062373, 0.672372, 3.610209]"
HHO,spring,2048,0.013763868359401429,0.0,15030,"[0.059661, 0.580548, 4.660829]"
HHO,spring,2049,0.014126404048188526,0.0,15030,"[0.061007, 0.625078, 4.072065]"
HHO,spring,2050,0.01333516641124602,0.0,15029,"[0.057966, 0.527361, 5.525747]"
HHO,spring,2051,0.013087216491501661,0.0,15029,"[0.056646, 0.488104, 6.356035]"
HHO,spring,2052,0.013152385697430992,0.0,15030,"[0.057025, 0.4992, 6.102079]"
HHO,spring,2053,0.013611903006493035,0.0,15029,"[0.05917, 0.564826, 4.883394]"
HHO,spring,2054,0.013367215656701638,0.0,15029,"[0.057692, 0.519078, 5.737011]"
HHO,spring,2055,0.01590880946694369,0.0,15029,"[0.065557, 0.790817, 2.680872]"
EAO,vessel_discrete,2026,6059.7143350487895,0.0,15030,"[13.438597, 7.498395, 42.098446, 176.636596]"
EAO,vessel_discrete,2027,6059.714335048439,0.0,15030,"[13.287027, 7.411435, 42.098446, 176.636596]"
EAO,vessel_discrete,2028,6059.714335048461,0.0,15030,"[12.984823, 7.107734, 42.098446, 176.636596]"
EAO,vessel_discrete,2029,6059.714335049029,0.0,15030,"[12.915865, 6.84611, 42.098446, 176.636596]"
EAO,vessel_discrete,2030,6059.714335314427,0.0,15030,"[13.360246, 6.652116, 42.098446, 176.636596]"
EAO,vessel_discrete,2031,6059.714335048619,0.0,15030,"[13.328628, 6.788718, 42.098446, 176.636596]"
EAO,vessel_discrete,2032,6059.714335048581,0.0,15030,"[13.180743, 7.199389, 42.098446, 176.636596]"
EAO,vessel_discrete,2033,6059.714335051249,0.0,15030,"[12.948847, 6.975277, 42.098446, 176.636596]"
EAO,vessel_discrete,2034,6256.686245508442,0.0,15030,"[13.292425, 8.277289, 42.098332, 176.638153]"
EAO,vessel_discrete,2035,6059.714335048868,0.0,15030,"[13.065764, 7.487271, 42.098446, 176.636596]"
EAO,vessel_discrete,2036,6370.779719303705,0.0,15030,"[15.407834, 8.154719, 48.57513, 110.067684]"
EAO,vessel_discrete,2037,6062.209450150641,0.0,15030,"[13.231044, 7.087913, 42.090431, 176.800913]"
EAO,vessel_discrete,2038,6059.71433504855,0.0,15030,"[13.224092, 6.673168, 42.098446, 176.636596]"
EAO,vessel_discrete,2039,6059.714335050756,0.0,15030,"[12.739903, 7.274367, 42.098446, 176.636596]"
EAO,vessel_discrete,2040,6090.526201685867,0.0,15030,"[14.414471, 7.09335, 45.336788, 140.253847]"
EAO,vessel_discrete,2041,6059.714335198338,0.0,15030,"[12.611425, 7.478266, 42.098446, 176.636596]"
EAO,vessel_discrete,2042,6059.714335048437,0.0,15030,"[13.06038, 7.397361, 42.098446, 176.636596]"
EAO,vessel_discrete,2043,6059.714335048698,0.0,15030,"[13.345894, 7.151238, 42.098446, 176.636596]"
EAO,vessel_discrete,2044,6370.779712805381,0.0,15030,"[15.334577, 8.0056, 48.57513, 110.067684]"
EAO,vessel_discrete,2045,6059.714335054334,0.0,15030,"[13.429289, 7.235131, 42.098446, 176.636596]"
EAO,vessel_discrete,2046,6059.714335050013,0.0,15030,"[12.558892, 7.287581, 42.098446, 176.636596]"
EAO,vessel_discrete,2047,6090.52620168589,0.0,15030,"[14.228441, 6.664057, 45.336788, 140.253847]"
EAO,vessel_discrete,2048,6059.714335048436,0.0,15030,"[13.408087, 7.169149, 42.098446, 176.636596]"
EAO,vessel_discrete,2049,6059.7143353348665,0.0,15030,"[13.451061, 7.424867, 42.098446, 176.636596]"
EAO,vessel_discrete,2050,6059.714335060432,0.0,15030,"[13.314349, 7.439244, 42.098446, 176.636596]"
EAO,vessel_discrete,2051,6090.526201685901,0.0,15030,"[14.274761, 7.100338, 45.336788, 140.253847]"
EAO,vessel_discrete,2052,6090.526201685974,0.0,15030,"[14.392434, 6.748368, 45.336788, 140.253847]"
EAO,vessel_discrete,2053,6090.5262016858715,0.0,15030,"[13.944016, 6.963652, 45.336788, 140.253847]"
EAO,vessel_discrete,2054,6059.714335048677,0.0,15030,"[13.280042, 7.091088, 42.098446, 176.636596]"
EAO,vessel_discrete,2055,6059.71433504852,0.0,15030,"[12.529943, 6.917858, 42.098446, 176.636596]"
RS-EAO,vessel_discrete,2026,6059.714335048472,0.0,15030,"[13.456119, 6.655083, 42.098446, 176.636596]"
RS-EAO,vessel_discrete,2027,6059.714335048436,0.0,15030,"[12.56849, 7.186312, 42.098446, 176.636596]"
RS-EAO,vessel_discrete,2028,6059.714335048436,0.0,15030,"[13.218807, 7.133704, 42.098446, 176.636596]"
RS-EAO,vessel_discrete,2029,6771.596850735377,0.0,15030,"[17.364696, 9.283031, 55.051813, 62.714426]"
RS-EAO,vessel_discrete,2030,6059.714335048437,0.0,15030,"[13.028299, 7.424835, 42.098446, 176.636596]"
RS-EAO,vessel_discrete,2031,6059.714335048436,0.0,15030,"[12.857261, 7.172309, 42.098446, 176.636596]"
RS-EAO,vessel_discrete,2032,6059.714335048436,0.0,15030,"[13.273614, 6.622848, 42.098446, 176.636596]"
RS-EAO,vessel_discrete,2033,6090.526201685864,0.0,15030,"[14.209432, 7.274565, 45.336788, 140.253847]"
RS-EAO,vessel_discrete,2034,6059.714335048436,0.0,15030,"[13.345895, 6.786652, 42.098446, 176.636596]"
RS-EAO,vessel_discrete,2035,6059.714335048436,0.0,15030,"[13.21236, 6.697036, 42.098446, 176.636596]"
RS-EAO,vessel_discrete,2036,6059.714335048436,0.0,15030,"[13.116072, 7.373216, 42.098446, 176.636596]"
RS-EAO,vessel_discrete,2037,6090.526201685864,0.0,15030,"[13.790099, 6.709536, 45.336788, 140.253847]"
RS-EAO,vessel_discrete,2038,6059.714335048436,0.0,15030,"[13.011483, 7.377286, 42.098446, 176.636596]"
RS-EAO,vessel_discrete,2039,6090.526201690122,0.0,15030,"[14.225105, 6.831859, 45.336788, 140.253847]"
RS-EAO,vessel_discrete,2040,6059.714335048436,0.0,15030,"[13.248851, 7.269102, 42.098446, 176.636596]"
RS-EAO,vessel_discrete,2041,6059.714335048436,0.0,15030,"[13.308044, 7.281129, 42.098446, 176.636596]"
RS-EAO,vessel_discrete,2042,6059.71433515421,0.0,15030,"[13.173315, 7.312358, 42.098446, 176.636596]"
RS-EAO,vessel_discrete,2043,6370.780028391639,0.0,15030,"[15.496588, 7.810463, 48.575128, 110.067703]"
RS-EAO,vessel_discrete,2044,6059.714335048506,0.0,15030,"[12.823668, 7.304677, 42.098446, 176.636596]"
RS-EAO,vessel_discrete,2045,6059.714335048436,0.0,15030,"[12.627834, 6.944846, 42.098446, 176.636596]"
RS-EAO,vessel_discrete,2046,6059.714335048436,0.0,15030,"[13.304376, 6.623517, 42.098446, 176.636596]"
RS-EAO,vessel_discrete,2047,6059.714335048437,0.0,15030,"[13.409412, 7.295175, 42.098446, 176.636596]"
RS-EAO,vessel_discrete,2048,6059.714335048436,0.0,15030,"[13.078161, 7.470922, 42.098446, 176.636596]"
RS-EAO,vessel_discrete,2049,6059.714335048436,0.0,15030,"[12.915652, 6.834797, 42.098446, 176.636596]"
RS-EAO,vessel_discrete,2050,7273.511101523314,0.0,15030,"[18.740014, 9.858806, 61.528497, 26.93089]"
RS-EAO,vessel_discrete,2051,6059.714335048436,0.0,15030,"[13.319586, 7.142338, 42.098446, 176.636596]"
RS-EAO,vessel_discrete,2052,6059.714335048436,0.0,15030,"[12.937123, 7.379356, 42.098446, 176.636596]"
RS-EAO,vessel_discrete,2053,6059.7143350486,0.0,15030,"[13.271973, 7.110905, 42.098446, 176.636596]"
RS-EAO,vessel_discrete,2054,6090.526201685864,0.0,15030,"[13.889503, 6.988355, 45.336788, 140.253847]"
RS-EAO,vessel_discrete,2055,6059.714335048471,0.0,15030,"[13.221036, 6.859622, 42.098446, 176.636596]"
AS-ABMO,vessel_discrete,2026,7544.49251792507,0.0,15030,"[21.0, 10.0, 65.225233, 10.0]"
AS-ABMO,vessel_discrete,2027,6059.714335048447,0.0,15030,"[13.0, 7.0, 42.098446, 176.636596]"
AS-ABMO,vessel_discrete,2028,6410.086759869285,0.0,15030,"[16.0, 8.0, 51.813472, 84.578527]"
AS-ABMO,vessel_discrete,2029,6410.086759872827,0.0,15030,"[16.0, 8.0, 51.813472, 84.578527]"
AS-ABMO,vessel_discrete,2030,6090.526201685875,0.0,15030,"[14.0, 7.0, 45.336788, 140.253847]"
AS-ABMO,vessel_discrete,2031,6410.086759879749,0.0,15030,"[16.0, 8.0, 51.813472, 84.578527]"
AS-ABMO,vessel_discrete,2032,6059.714335048914,0.0,15030,"[13.0, 7.0, 42.098446, 176.636596]"
AS-ABMO,vessel_discrete,2033,6090.526201686103,0.0,15030,"[14.0, 7.0, 45.336788, 140.253847]"
AS-ABMO,vessel_discrete,2034,6059.714335048787,0.0,15030,"[13.0, 7.0, 42.098446, 176.636596]"
AS-ABMO,vessel_discrete,2035,6059.714335048483,0.0,15030,"[13.0, 7.0, 42.098446, 176.636596]"
AS-ABMO,vessel_discrete,2036,6771.596850735983,0.0,15030,"[17.0, 9.0, 55.051813, 62.714426]"
AS-ABMO,vessel_discrete,2037,6090.526201685903,0.0,15030,"[14.0, 7.0, 45.336788, 140.253847]"
AS-ABMO,vessel_discrete,2038,7332.84150834882,0.0,15030,"[20.0, 10.0, 64.766839, 11.988634]"
AS-ABMO,vessel_discrete,2039,6820.410080140466,0.0,15030,"[18.0, 9.0, 58.290155, 43.692656]"
AS-ABMO,vessel_discrete,2040,6090.526201685918,0.0,15030,"[14.0, 7.0, 45.336788, 140.253847]"
AS-ABMO,vessel_discrete,2041,6090.526201685886,0.0,15030,"[14.0, 7.0, 45.336788, 140.253847]"
AS-ABMO,vessel_discrete,2042,7544.49251792507,0.0,15030,"[21.0, 10.0, 65.225233, 10.0]"
AS-ABMO,vessel_discrete,2043,6059.7143350484375,0.0,15030,"[13.0, 7.0, 42.098446, 176.636596]"
AS-ABMO,vessel_discrete,2044,7332.841508834145,0.0,15030,"[20.0, 10.0, 64.766839, 11.988634]"
AS-ABMO,vessel_discrete,2045,6370.779712731334,0.0,15030,"[15.0, 8.0, 48.57513, 110.067684]"
AS-ABMO,vessel_discrete,2046,7332.841507824554,0.0,15030,"[20.0, 10.0, 64.766839, 11.988634]"
AS-ABMO,vessel_discrete,2047,6410.0867598696,0.0,15030,"[16.0, 8.0, 51.813472, 84.578527]"
AS-ABMO,vessel_discrete,2048,6059.714335051572,0.0,15030,"[13.0, 7.0, 42.098446, 176.636596]"
AS-ABMO,vessel_discrete,2049,6059.714335048535,0.0,15030,"[13.0, 7.0, 42.098446, 176.636596]"
AS-ABMO,vessel_discrete,2050,6059.714335048748,0.0,15030,"[13.0, 7.0, 42.098446, 176.636596]"
AS-ABMO,vessel_discrete,2051,6370.779712730308,0.0,15030,"[15.0, 8.0, 48.57513, 110.067684]"
AS-ABMO,vessel_discrete,2052,6090.52620168851,0.0,15030,"[14.0, 7.0, 45.336788, 140.253847]"
AS-ABMO,vessel_discrete,2053,6820.410080154717,0.0,15030,"[18.0, 9.0, 58.290155, 43.692656]"
AS-ABMO,vessel_discrete,2054,6090.52620168692,0.0,15030,"[14.0, 7.0, 45.336788, 140.253847]"
AS-ABMO,vessel_discrete,2055,6059.714335048712,0.0,15030,"[13.0, 7.0, 42.098446, 176.636596]"
GWO,vessel_discrete,2026,6063.756430500625,0.0,15030,"[12.805761, 6.680179, 42.075419, 176.975024]"
GWO,vessel_discrete,2027,6060.359502168175,0.0,15030,"[12.982754, 7.067466, 42.095815, 176.68309]"
GWO,vessel_discrete,2028,7404.755610828849,0.0,15030,"[20.275059, 9.866097, 63.560799, 17.366586]"
GWO,vessel_discrete,2029,6373.5877790278955,0.0,15030,"[14.753895, 7.869326, 48.570576, 110.182491]"
GWO,vessel_discrete,2030,7281.644647404328,0.0,15030,"[19.297502, 10.072362, 61.395747, 27.585444]"
GWO,vessel_discrete,2031,6060.420247957651,0.0,15030,"[13.076906, 7.093516, 42.093175, 176.704653]"
GWO,vessel_discrete,2032,6063.155128250797,0.0,15030,"[12.948743, 7.039672, 42.088379, 176.856117]"
GWO,vessel_discrete,2033,6061.126215609225,0.0,15030,"[13.032681, 6.880646, 42.088503, 176.768424]"
GWO,vessel_discrete,2034,6471.056966086692,0.0,15030,"[14.77885, 8.320784, 48.500949, 113.694654]"
GWO,vessel_discrete,2035,6062.5277375879605,0.0,15030,"[12.960022, 6.808867, 42.097227, 176.765692]"
GWO,vessel_discrete,2036,6093.677067263102,0.0,15030,"[14.291044, 7.432123, 45.317848, 140.483366]"
GWO,vessel_discrete,2037,6374.791739810428,0.0,15030,"[14.901968, 8.329271, 48.535146, 110.41264]"
GWO,vessel_discrete,2038,6062.193786537764,0.0,15030,"[13.089822, 6.720088, 42.095249, 176.765617]"
GWO,vessel_discrete,2039,6060.769145764734,0.0,15030,"[12.59912, 6.766578, 42.096651, 176.694602]"
GWO,vessel_discrete,2040,6373.359196867346,0.0,15030,"[15.074609, 8.10611, 48.56034, 110.230435]"
GWO,vessel_discrete,2041,6064.2887343055645,0.0,15030,"[13.233889, 7.195847, 42.079776, 176.966471]"
GWO,vessel_discrete,2042,6059.950464792603,0.0,15030,"[12.85043, 6.963175, 42.09726, 176.655211]"
GWO,vessel_discrete,2043,6091.970029207897,0.0,15030,"[13.512825, 6.834584, 45.328956, 140.35393]"
GWO,vessel_discrete,2044,7277.542263792147,0.0,15030,"[18.876286, 9.757351, 61.460839, 27.261981]"
GWO,vessel_discrete,2045,6060.487928938919,0.0,15030,"[12.954819, 6.724805, 42.098349, 176.670376]"
GWO,vessel_discrete,2046,6373.950676067896,0.0,15030,"[15.306751, 7.948988, 48.550256, 110.303927]"
GWO,vessel_discrete,2047,6064.607327266139,0.0,15030,"[13.105371, 6.697729, 42.078895, 176.98644]"
GWO,vessel_discrete,2048,6772.872942040606,0.0,15030,"[16.819236, 8.551912, 55.040259, 62.796641]"
GWO,vessel_discrete,2049,6060.51099240098,0.0,15030,"[12.537681, 7.302382, 42.093462, 176.706471]"
GWO,vessel_discrete,2050,6100.26319327187,0.0,15030,"[13.71976, 6.991099, 45.314683, 140.745312]"
GWO,vessel_discrete,2051,6062.966619979068,0.0,15030,"[13.072825, 6.753546, 42.072945, 176.959021]"
GWO,vessel_discrete,2052,6062.848240888148,0.0,15030,"[13.061271, 6.898856, 42.086517, 176.856374]"
GWO,vessel_discrete,2053,6061.862286967221,0.0,15030,"[13.158836, 7.217575, 42.082444, 176.843463]"
GWO,vessel_discrete,2054,6412.902613471968,0.0,15030,"[15.642025, 8.284781, 51.794754, 84.745084]"
GWO,vessel_discrete,2055,6060.532623291643,0.0,15030,"[13.101739, 6.963619, 42.094494, 176.699982]"
WOA,vessel_discrete,2026,8094.775802615778,0.0,15030,"[18.139398, 9.298202, 46.111246, 132.53609]"
WOA,vessel_discrete,2027,11887.83057251616,0.0,15030,"[20.309605, 20.268494, 63.479387, 17.734892]"
WOA,vessel_discrete,2028,14550.375163719254,0.0,15030,"[28.829858, 19.611858, 63.196449, 19.030856]"
WOA,vessel_discrete,2029,14628.56927939961,0.0,15030,"[19.204568, 32.444335, 51.915975, 83.835882]"
WOA,vessel_discrete,2030,9899.855430702433,0.0,15030,"[28.619412, 10.466232, 64.652939, 12.487376]"
WOA,vessel_discrete,2031,9724.415062504495,0.0,15030,"[16.529232, 17.794393, 49.9059, 99.09361]"
WOA,vessel_discrete,2032,7996.852854761565,0.0,15030,"[17.778667, 12.149058, 57.140879, 50.158103]"
WOA,vessel_discrete,2033,7362.677235904576,0.0,15030,"[16.251373, 11.253709, 50.866904, 91.61278]"
WOA,vessel_discrete,2034,7249.810096402865,0.0,15030,"[19.082304, 9.260568, 56.663124, 52.934666]"
WOA,vessel_discrete,2035,9924.284530238903,0.0,15030,"[14.603577, 21.54888, 45.655408, 137.037525]"
WOA,vessel_discrete,2036,10516.72940200329,0.0,15030,"[22.487712, 15.216454, 53.940215, 69.864849]"
WOA,vessel_discrete,2037,9870.227470686747,0.0,15030,"[26.710512, 10.322426, 60.083674, 34.161059]"
WOA,vessel_discrete,2038,13987.438167823428,0.0,15030,"[19.719159, 25.352288, 62.527909, 22.142833]"
WOA,vessel_discrete,2039,13859.16192115692,0.0,15030,"[19.68514, 24.711538, 61.612572, 26.521767]"
WOA,vessel_discrete,2040,6814.747874473907,0.0,15030,"[16.881478, 8.807017, 54.500461, 66.217585]"
WOA,vessel_discrete,2041,16024.198539686193,0.0,15030,"[17.999654, 37.384307, 53.04429, 75.889147]"
WOA,vessel_discrete,2042,20646.20834683158,0.0,15030,"[20.981604, 46.512052, 54.380845, 66.988779]"
WOA,vessel_discrete,2043,19242.39517994116,0.0,15030,"[17.984016, 41.594139, 58.180547, 44.296767]"
WOA,vessel_discrete,2044,14486.913913571241,0.0,15030,"[20.762647, 25.270781, 64.218981, 14.404356]"
WOA,vessel_discrete,2045,14272.972809229304,0.0,15030,"[14.096219, 43.348626, 45.17215, 141.939067]"
WOA,vessel_discrete,2046,7854.112271484694,0.0,15030,"[18.812619, 11.013991, 58.422111, 42.968929]"
WOA,vessel_discrete,2047,10104.902647238123,0.0,15030,"[19.500001, 16.413023, 63.254991, 19.00824]"
WOA,vessel_discrete,2048,7457.130966518907,0.0,15030,"[19.024239, 8.644877, 54.514861, 66.125012]"
WOA,vessel_discrete,2049,7292.884819013806,0.0,15030,"[15.591575, 9.447808, 45.871499, 134.889274]"
WOA,vessel_discrete,2050,7920.192564712643,0.0,15030,"[22.208797, 10.147079, 63.587122, 17.244707]"
WOA,vessel_discrete,2051,6840.133879915425,0.0,15030,"[18.367422, 9.474427, 58.026129, 45.152145]"
WOA,vessel_discrete,2052,14759.332857983412,0.0,15030,"[16.712619, 34.358707, 53.075614, 75.674356]"
WOA,vessel_discrete,2053,20919.72195427226,0.0,15030,"[35.42622, 28.134408, 48.445846, 111.174588]"
WOA,vessel_discrete,2054,7336.506657112705,0.0,15030,"[16.44607, 10.523244, 51.286972, 88.451682]"
WOA,vessel_discrete,2055,18153.361875693587,0.0,15030,"[20.19306, 34.06336, 63.46519, 17.799756]"
SCA,vessel_discrete,2026,8706.033304256365,0.0,15030,"[22.065483, 11.189165, 63.495783, 23.137147]"
SCA,vessel_discrete,2027,6521.109114064654,0.0,15030,"[12.986827, 8.660638, 42.018047, 180.170749]"
SCA,vessel_discrete,2028,7011.038459351916,0.0,15030,"[12.93476, 10.490635, 41.200209, 200.0]"
SCA,vessel_discrete,2029,6842.528516091936,0.0,15030,"[15.365294, 7.215278, 42.923046, 167.485239]"
SCA,vessel_discrete,2030,8179.928528207705,0.0,15030,"[18.363859, 10.598401, 55.32314, 71.337891]"
SCA,vessel_discrete,2031,7339.885953556756,0.0,15030,"[16.461885, 9.156329, 50.854741, 107.537614]"
SCA,vessel_discrete,2032,6828.223918557502,0.0,15030,"[14.13428, 7.10263, 43.399134, 180.504021]"
SCA,vessel_discrete,2033,7392.9041460789285,0.0,15030,"[14.360988, 7.639203, 42.638004, 200.0]"
SCA,vessel_discrete,2034,6707.899198919008,0.0,15030,"[13.751411, 7.09998, 41.154852, 191.858246]"
SCA,vessel_discrete,2035,8557.662664985137,0.0,15030,"[20.640942, 11.262064, 67.860766, 10.0]"
SCA,vessel_discrete,2036,7093.470841019425,0.0,15030,"[16.451332, 8.542229, 50.700155, 101.279321]"
SCA,vessel_discrete,2037,7529.715048932293,0.0,15030,"[19.22486, 10.152189, 58.302098, 44.601674]"
SCA,vessel_discrete,2038,7226.067634181968,0.0,15030,"[19.153411, 8.545761, 57.743173, 48.272178]"
SCA,vessel_discrete,2039,9577.16868898851,0.0,15030,"[21.348228, 14.475734, 65.800047, 10.0]"
SCA,vessel_discrete,2040,8670.33323351558,0.0,15030,"[19.745438, 10.657481, 64.061275, 30.440079]"
SCA,vessel_discrete,2041,7527.680498860674,0.0,15030,"[14.741154, 8.757936, 45.074695, 161.931926]"
SCA,vessel_discrete,2042,7893.451791087202,0.0,15030,"[18.938617, 9.462128, 58.273198, 60.308562]"
SCA,vessel_discrete,2043,7522.02415274923,0.0,15030,"[17.46423, 8.679849, 51.20643, 100.236403]"
SCA,vessel_discrete,2044,8080.8891478524765,0.0,15030,"[18.756757, 8.284467, 51.384475, 101.214996]"
SCA,vessel_discrete,2045,7644.5048025729775,0.0,15030,"[19.77455, 10.052141, 62.124132, 26.832942]"
SCA,vessel_discrete,2046,7172.396938732076,0.0,15030,"[14.639412, 8.817307, 45.185039, 148.977593]"
SCA,vessel_discrete,2047,6465.790233411549,0.0,15030,"[13.801571, 8.000465, 44.25761, 152.755403]"
SCA,vessel_discrete,2048,7586.171592991502,0.0,15030,"[16.432988, 9.739573, 50.514251, 108.311446]"
SCA,vessel_discrete,2049,8441.327789490577,0.0,15030,"[22.069529, 10.242526, 61.553506, 32.761095]"
SCA,vessel_discrete,2050,7166.5337507430995,0.0,15030,"[14.757752, 7.97089, 45.536125, 154.294717]"
SCA,vessel_discrete,2051,6800.844528788129,0.0,15030,"[15.076246, 7.653876, 45.073849, 144.709497]"
SCA,vessel_discrete,2052,6989.124751302602,0.0,15030,"[14.346306, 8.488213, 44.422587, 171.318908]"
SCA,vessel_discrete,2053,7147.451276910486,0.0,15030,"[15.35114, 7.549129, 43.616398, 166.315712]"
SCA,vessel_discrete,2054,8609.199714611143,0.0,15030,"[20.398, 12.112694, 64.220848, 20.365136]"
SCA,vessel_discrete,2055,6805.064074918248,0.0,15030,"[15.975921, 8.295118, 51.342395, 98.026787]"
HHO,vessel_discrete,2026,11112.378375159526,0.0,15029,"[25.415257, 11.983038, 51.129205, 89.631381]"
HHO,vessel_discrete,2027,14006.773234225906,0.0,15029,"[20.777493, 27.38256, 53.635648, 71.885447]"
HHO,vessel_discrete,2028,10626.579130000959,0.0,15030,"[21.78703, 16.480462, 64.985949, 11.03444]"
HHO,vessel_discrete,2029,17505.847013734703,0.0,15029,"[17.633905, 40.734492, 53.856486, 70.417387]"
HHO,vessel_discrete,2030,10506.864894054972,0.0,15029,"[29.31952, 8.602077, 58.387549, 43.158089]"
HHO,vessel_discrete,2031,16459.209619435973,0.0,15029,"[19.549944, 38.400249, 50.215918, 96.641301]"
HHO,vessel_discrete,2032,9329.165916648519,0.0,15029,"[21.482658, 13.141404, 56.42457, 54.341465]"
HHO,vessel_discrete,2033,7106.254999457231,0.0,15030,"[16.699155, 9.334329, 51.176201, 89.279022]"
HHO,vessel_discrete,2034,8740.61378232903,0.0,15029,"[15.186776, 16.766352, 47.035737, 123.751498]"
HHO,vessel_discrete,2035,13840.01876494547,0.0,15030,"[21.89436, 25.19877, 55.430786, 60.354269]"
HHO,vessel_discrete,2036,7960.953999190393,0.0,15029,"[18.656442, 11.151413, 56.700506, 52.715456]"
HHO,vessel_discrete,2037,11054.185713532377,0.0,15030,"[21.594987, 16.834508, 57.749915, 46.695195]"
HHO,vessel_discrete,2038,23188.917422030132,0.0,15029,"[30.401132, 37.710157, 64.436947, 13.438039]"
HHO,vessel_discrete,2039,16672.599272236155,0.0,15029,"[27.164828, 27.820302, 53.384413, 73.573323]"
HHO,vessel_discrete,2040,11305.109621013316,0.0,15029,"[26.746011, 13.252681, 57.996021, 45.319482]"
HHO,vessel_discrete,2041,13041.387937090449,0.0,15029,"[17.301539, 28.240099, 54.198189, 68.174051]"
HHO,vessel_discrete,2042,7468.491606966891,0.0,15029,"[19.203896, 9.256366, 54.403449, 66.842645]"
HHO,vessel_discrete,2043,11270.469652520916,0.0,15029,"[18.917904, 20.043756, 58.466213, 42.727802]"
HHO,vessel_discrete,2044,8265.335398242585,0.0,15029,"[22.089386, 10.854949, 65.225233, 10.0]"
HHO,vessel_discrete,2045,14208.60338069321,0.0,15029,"[14.56228, 39.466641, 47.305029, 121.275504]"
HHO,vessel_discrete,2046,9199.521495467425,0.0,15029,"[20.246269, 13.934527, 63.77405, 16.3981]"
HHO,vessel_discrete,2047,7800.955756644802,0.0,15029,"[20.386804, 9.242699, 54.453493, 66.519851]"
HHO,vessel_discrete,2048,7358.390874680992,0.0,15030,"[17.621004, 9.797757, 55.875501, 57.632626]"
HHO,vessel_discrete,2049,8535.30394666249,0.0,15029,"[14.500054, 15.803423, 45.629912, 137.292684]"
HHO,vessel_discrete,2050,13547.724744798305,0.0,15029,"[19.610076, 23.62499, 62.487566, 22.33286]"
HHO,vessel_discrete,2051,19012.60416569374,0.0,15029,"[29.878857, 30.572758, 55.144217, 62.135429]"
HHO,vessel_discrete,2052,8365.40856363304,0.0,15029,"[19.531044, 11.861774, 61.846115, 25.391031]"
HHO,vessel_discrete,2053,7525.860212223017,0.0,15030,"[19.040516, 8.5019, 53.850167, 70.45919]"
HHO,vessel_discrete,2054,6876.921868750132,0.0,15029,"[17.079084, 9.025979, 53.735752, 71.218194]"
HHO,vessel_discrete,2055,7345.349939928691,0.0,15030,"[18.593425, 9.776148, 60.351335, 32.792809]"
EAO,welded,2026,1.6952471649051777,0.0,15030,"[0.20573, 3.25312, 9.036624, 0.20573]"
EAO,welded,2027,1.6952471649044858,0.0,15030,"[0.20573, 3.25312, 9.036624, 0.20573]"
EAO,welded,2028,1.6952471649042944,0.0,15030,"[0.20573, 3.25312, 9.036624, 0.20573]"
EAO,welded,2029,1.6952471649045804,0.0,15030,"[0.20573, 3.25312, 9.036624, 0.20573]"
EAO,welded,2030,1.6952471649046437,0.0,15030,"[0.20573, 3.25312, 9.036624, 0.20573]"
EAO,welded,2031,1.6952471649052487,0.0,15030,"[0.20573, 3.25312, 9.036624, 0.20573]"
EAO,welded,2032,1.6952471649078666,0.0,15030,"[0.20573, 3.25312, 9.036624, 0.20573]"
EAO,welded,2033,1.6952471649043874,0.0,15030,"[0.20573, 3.25312, 9.036624, 0.20573]"
EAO,welded,2034,1.6952471649063527,0.0,15030,"[0.20573, 3.25312, 9.036624, 0.20573]"
EAO,welded,2035,1.6952471649048875,0.0,15030,"[0.20573, 3.25312, 9.036624, 0.20573]"
EAO,welded,2036,1.6952471649091376,0.0,15030,"[0.20573, 3.25312, 9.036624, 0.20573]"
EAO,welded,2037,1.6952471649044316,0.0,15030,"[0.20573, 3.25312, 9.036624, 0.20573]"
EAO,welded,2038,1.6952471649041112,0.0,15030,"[0.20573, 3.25312, 9.036624, 0.20573]"
EAO,welded,2039,1.6952471649068999,0.0,15030,"[0.20573, 3.25312, 9.036624, 0.20573]"
EAO,welded,2040,1.6952471649130567,0.0,15030,"[0.20573, 3.25312, 9.036624, 0.20573]"
EAO,welded,2041,1.6952471649064205,0.0,15030,"[0.20573, 3.25312, 9.036624, 0.20573]"
EAO,welded,2042,1.6952471649052512,0.0,15030,"[0.20573, 3.25312, 9.036624, 0.20573]"
EAO,welded,2043,1.6952471649059335,0.0,15030,"[0.20573, 3.25312, 9.036624, 0.20573]"
EAO,welded,2044,1.6952471649071534,0.0,15030,"[0.20573, 3.25312, 9.036624, 0.20573]"
EAO,welded,2045,1.6952471649089476,0.0,15030,"[0.20573, 3.25312, 9.036624, 0.20573]"
EAO,welded,2046,1.6952471649114063,0.0,15030,"[0.20573, 3.25312, 9.036624, 0.20573]"
EAO,welded,2047,1.6952471649052743,0.0,15030,"[0.20573, 3.25312, 9.036624, 0.20573]"
EAO,welded,2048,1.69524716490448,0.0,15030,"[0.20573, 3.25312, 9.036624, 0.20573]"
EAO,welded,2049,1.6952471649040786,0.0,15030,"[0.20573, 3.25312, 9.036624, 0.20573]"
EAO,welded,2050,1.6952471649951493,0.0,15030,"[0.20573, 3.25312, 9.036624, 0.20573]"
EAO,welded,2051,1.6952471649164687,0.0,15030,"[0.20573, 3.25312, 9.036624, 0.20573]"
EAO,welded,2052,1.6952471649042962,0.0,15030,"[0.20573, 3.25312, 9.036624, 0.20573]"
EAO,welded,2053,1.6952471649051952,0.0,15030,"[0.20573, 3.25312, 9.036624, 0.20573]"
EAO,welded,2054,1.6952471649039855,0.0,15030,"[0.20573, 3.25312, 9.036624, 0.20573]"
EAO,welded,2055,1.6952471649043375,0.0,15030,"[0.20573, 3.25312, 9.036624, 0.20573]"
RS-EAO,welded,2026,1.6952471649037588,0.0,15030,"[0.20573, 3.25312, 9.036624, 0.20573]"
RS-EAO,welded,2027,1.695247164903755,0.0,15030,"[0.20573, 3.25312, 9.036624, 0.20573]"
RS-EAO,welded,2028,1.6952471649037555,0.0,15030,"[0.20573, 3.25312, 9.036624, 0.20573]"
RS-EAO,welded,2029,1.6952471649037553,0.0,15030,"[0.20573, 3.25312, 9.036624, 0.20573]"
RS-EAO,welded,2030,1.6952471649037575,0.0,15030,"[0.20573, 3.25312, 9.036624, 0.20573]"
RS-EAO,welded,2031,1.6952471649037544,0.0,15030,"[0.20573, 3.25312, 9.036624, 0.20573]"
RS-EAO,welded,2032,1.6952471649037548,0.0,15030,"[0.20573, 3.25312, 9.036624, 0.20573]"
RS-EAO,welded,2033,1.6952471649037575,0.0,15030,"[0.20573, 3.25312, 9.036624, 0.20573]"
RS-EAO,welded,2034,1.695247164903755,0.0,15030,"[0.20573, 3.25312, 9.036624, 0.20573]"
RS-EAO,welded,2035,1.6952471649038285,0.0,15030,"[0.20573, 3.25312, 9.036624, 0.20573]"
RS-EAO,welded,2036,1.6952471649037624,0.0,15030,"[0.20573, 3.25312, 9.036624, 0.20573]"
RS-EAO,welded,2037,1.695247164903756,0.0,15030,"[0.20573, 3.25312, 9.036624, 0.20573]"
RS-EAO,welded,2038,1.6952471649037835,0.0,15030,"[0.20573, 3.25312, 9.036624, 0.20573]"
RS-EAO,welded,2039,1.6952471649037557,0.0,15030,"[0.20573, 3.25312, 9.036624, 0.20573]"
RS-EAO,welded,2040,1.6952471649037546,0.0,15030,"[0.20573, 3.25312, 9.036624, 0.20573]"
RS-EAO,welded,2041,1.6952471649037548,0.0,15030,"[0.20573, 3.25312, 9.036624, 0.20573]"
RS-EAO,welded,2042,1.6952471649038123,0.0,15030,"[0.20573, 3.25312, 9.036624, 0.20573]"
RS-EAO,welded,2043,1.6952471649037582,0.0,15030,"[0.20573, 3.25312, 9.036624, 0.20573]"
RS-EAO,welded,2044,1.695247164903761,0.0,15030,"[0.20573, 3.25312, 9.036624, 0.20573]"
RS-EAO,welded,2045,1.6952471649037548,0.0,15030,"[0.20573, 3.25312, 9.036624, 0.20573]"
RS-EAO,welded,2046,1.6952471649037666,0.0,15030,"[0.20573, 3.25312, 9.036624, 0.20573]"
RS-EAO,welded,2047,1.6952471649037553,0.0,15030,"[0.20573, 3.25312, 9.036624, 0.20573]"
RS-EAO,welded,2048,1.6952471649037555,0.0,15030,"[0.20573, 3.25312, 9.036624, 0.20573]"
RS-EAO,welded,2049,1.6952471649037555,0.0,15030,"[0.20573, 3.25312, 9.036624, 0.20573]"
RS-EAO,welded,2050,1.695247164903764,0.0,15030,"[0.20573, 3.25312, 9.036624, 0.20573]"
RS-EAO,welded,2051,1.6952471649037546,0.0,15030,"[0.20573, 3.25312, 9.036624, 0.20573]"
RS-EAO,welded,2052,1.6952471649037546,0.0,15030,"[0.20573, 3.25312, 9.036624, 0.20573]"
RS-EAO,welded,2053,1.6952471649037608,0.0,15030,"[0.20573, 3.25312, 9.036624, 0.20573]"
RS-EAO,welded,2054,1.6952471649037562,0.0,15030,"[0.20573, 3.25312, 9.036624, 0.20573]"
RS-EAO,welded,2055,1.6952471649037586,0.0,15030,"[0.20573, 3.25312, 9.036624, 0.20573]"
AS-ABMO,welded,2026,1.695262085916905,0.0,15030,"[0.205714, 3.253398, 9.036625, 0.20573]"
AS-ABMO,welded,2027,1.695247743859352,0.0,15030,"[0.205729, 3.253131, 9.036624, 0.20573]"
AS-ABMO,welded,2028,1.695533203278899,0.0,15030,"[0.205809, 3.252184, 9.034887, 0.205809]"
AS-ABMO,welded,2029,1.695312229357744,0.0,15030,"[0.205661, 3.254344, 9.036624, 0.20573]"
AS-ABMO,welded,2030,1.6952476797966387,0.0,15030,"[0.20573, 3.253119, 9.036629, 0.20573]"
AS-ABMO,welded,2031,1.6956589015765335,0.0,15030,"[0.205438, 3.258496, 9.035987, 0.205759]"
AS-ABMO,welded,2032,1.6952480941146826,0.0,15030,"[0.20573, 3.253117, 9.036618, 0.20573]"
AS-ABMO,welded,2033,1.6952475976614465,0.0,15030,"[0.20573, 3.253119, 9.036621, 0.20573]"
AS-ABMO,welded,2034,1.6952472924098272,0.0,15030,"[0.20573, 3.253122, 9.036624, 0.20573]"
AS-ABMO,welded,2035,1.6952474264243542,0.0,15030,"[0.205729, 3.253125, 9.036624, 0.20573]"
AS-ABMO,welded,2036,1.6952694373681791,0.0,15030,"[0.205736, 3.253047, 9.036489, 0.205736]"
AS-ABMO,welded,2037,1.6952482214406948,0.0,15030,"[0.20573, 3.253117, 9.036618, 0.20573]"
AS-ABMO,welded,2038,1.6952472025311465,0.0,15030,"[0.20573, 3.25312, 9.036624, 0.20573]"
AS-ABMO,welded,2039,1.695335332536877,0.0,15030,"[0.205754, 3.252832, 9.036089, 0.205754]"
AS-ABMO,welded,2040,1.6952483430743626,0.0,15030,"[0.20573, 3.253116, 9.036617, 0.20573]"
AS-ABMO,welded,2041,1.6952471888076377,0.0,15030,"[0.20573, 3.25312, 9.036624, 0.20573]"
AS-ABMO,welded,2042,1.6952472314162863,0.0,15030,"[0.20573, 3.25312, 9.036624, 0.20573]"
AS-ABMO,welded,2043,1.696808480541321,0.0,15030,"[0.205653, 3.250296, 9.052072, 0.205653]"
AS-ABMO,welded,2044,1.6952953173856378,0.0,15030,"[0.205743, 3.252962, 9.036332, 0.205743]"
AS-ABMO,welded,2045,1.695247471631852,0.0,15030,"[0.20573, 3.253121, 9.036623, 0.20573]"
AS-ABMO,welded,2046,1.6952471762084267,0.0,15030,"[0.20573, 3.25312, 9.036624, 0.20573]"
AS-ABMO,welded,2047,1.695272480441189,0.0,15030,"[0.205737, 3.253037, 9.03647, 0.205737]"
AS-ABMO,welded,2048,1.6952658328672734,0.0,15030,"[0.205735, 3.253059, 9.036512, 0.205735]"
AS-ABMO,welded,2049,1.695248987876941,0.0,15030,"[0.205728, 3.253154, 9.036624, 0.20573]"
AS-ABMO,welded,2050,1.6952502237875107,0.0,15030,"[0.205729, 3.253115, 9.036654, 0.205729]"
AS-ABMO,welded,2051,1.695248404967214,0.0,15030,"[0.20573, 3.253124, 9.03662, 0.20573]"
AS-ABMO,welded,2052,1.6952471958665678,0.0,15030,"[0.20573, 3.25312, 9.036624, 0.20573]"
AS-ABMO,welded,2053,1.6952471663557471,0.0,15030,"[0.20573, 3.25312, 9.036624, 0.20573]"
AS-ABMO,welded,2054,1.6952472835493275,0.0,15030,"[0.20573, 3.25312, 9.036623, 0.20573]"
AS-ABMO,welded,2055,1.695250998723584,0.0,15030,"[0.205731, 3.253108, 9.036601, 0.205731]"
GWO,welded,2026,1.6962881967586276,0.0,15030,"[0.205337, 3.260588, 9.038899, 0.205759]"
GWO,welded,2027,1.701504809128993,0.0,15030,"[0.2003, 3.354346, 9.037543, 0.205793]"
GWO,welded,2028,1.6982794484355859,0.0,15030,"[0.204489, 3.286059, 9.037796, 0.205755]"
GWO,welded,2029,1.6988985014381743,0.0,15030,"[0.20309, 3.305991, 9.03543, 0.205809]"
GWO,welded,2030,1.7007250264248746,0.0,15030,"[0.201146, 3.337585, 9.038144, 0.205808]"
GWO,welded,2031,1.712091857061574,0.0,15030,"[0.190551, 3.54526, 9.038858, 0.205759]"
GWO,welded,2032,1.699726709779504,0.0,15030,"[0.20264, 3.315717, 9.037618, 0.205784]"
GWO,welded,2033,1.7000197326104125,0.0,15030,"[0.202039, 3.325893, 9.037826, 0.205754]"
GWO,welded,2034,1.6966249964608806,0.0,15030,"[0.205082, 3.266594, 9.035306, 0.205827]"
GWO,welded,2035,1.703726961902999,0.0,15030,"[0.197678, 3.402313, 9.037958, 0.205748]"
GWO,welded,2036,1.6978327389876247,0.0,15030,"[0.203971, 3.285348, 9.038784, 0.205788]"
GWO,welded,2037,1.7025566770266778,0.0,15030,"[0.199292, 3.373019, 9.040305, 0.205738]"
GWO,welded,2038,1.699481565650266,0.0,15030,"[0.201758, 3.325706, 9.036474, 0.205772]"
GWO,welded,2039,1.6995406669201578,0.0,15030,"[0.202881, 3.308543, 9.03975, 0.205791]"
GWO,welded,2040,1.7010466874315107,0.0,15030,"[0.200451, 3.350705, 9.036904, 0.205782]"
GWO,welded,2041,1.7012683757785063,0.0,15030,"[0.20576, 3.283341, 9.03255, 0.20607]"
GWO,welded,2042,1.6976792311704685,0.0,15030,"[0.203843, 3.28608, 9.040296, 0.205746]"
GWO,welded,2043,1.6989200481097804,0.0,15030,"[0.202931, 3.306496, 9.037444, 0.205788]"
GWO,welded,2044,1.699238223090363,0.0,15030,"[0.20267, 3.313655, 9.038087, 0.205739]"
GWO,welded,2045,1.6986317565983968,0.0,15030,"[0.202879, 3.307065, 9.038163, 0.205733]"
GWO,welded,2046,1.697126424280605,0.0,15030,"[0.204479, 3.277508, 9.038842, 0.205734]"
GWO,welded,2047,1.7016581605282155,0.0,15030,"[0.200163, 3.359117, 9.035571, 0.205801]"
GWO,welded,2048,1.7003170733171378,0.0,15030,"[0.201985, 3.324967, 9.04277, 0.205708]"
GWO,welded,2049,1.7044797686160336,0.0,15030,"[0.197052, 3.416155, 9.036728, 0.205756]"
GWO,welded,2050,1.701146087981693,0.0,15030,"[0.200521, 3.3512, 9.039261, 0.205719]"
GWO,welded,2051,1.700454943644966,0.0,15030,"[0.20241, 3.32432, 9.037532, 0.205773]"
GWO,welded,2052,1.7030496834264848,0.0,15030,"[0.199087, 3.379017, 9.035557, 0.205846]"
GWO,welded,2053,1.7004012923775125,0.0,15030,"[0.201357, 3.334699, 9.040149, 0.205729]"
GWO,welded,2054,1.6991768767049957,0.0,15030,"[0.2028, 3.307607, 9.033382, 0.205921]"
GWO,welded,2055,1.7061370275434622,0.0,15030,"[0.195922, 3.439235, 9.039543, 0.20573]"
WOA,welded,2026,3.028826908783472,0.0,15030,"[0.368791, 2.677813, 5.132251, 0.637813]"
WOA,welded,2027,3.1948614837121228,0.0,15030,"[0.51437, 1.535952, 6.290455, 0.584029]"
WOA,welded,2028,2.5547950153152965,0.0,15030,"[0.16462, 6.801623, 7.150847, 0.328545]"
WOA,welded,2029,3.317802048506234,0.0,15030,"[0.213081, 5.20926, 5.079587, 0.651107]"
WOA,welded,2030,7.146720229149425,0.0,15030,"[0.857304, 4.609057, 4.417913, 0.860747]"
WOA,welded,2031,3.1318299888289403,0.0,15030,"[0.601661, 1.544138, 4.996771, 0.672869]"
WOA,welded,2032,5.704302166720323,0.0,15030,"[0.959868, 2.089698, 3.63521, 1.271306]"
WOA,welded,2033,3.7491477503730213,0.0,15030,"[0.608467, 2.036187, 4.444333, 0.850543]"
WOA,welded,2034,2.4895185822102275,0.0,15030,"[0.19934, 8.907024, 8.822656, 0.215829]"
WOA,welded,2035,5.453372958402634,0.0,15030,"[0.627544, 4.858301, 4.563825, 0.806587]"
WOA,welded,2036,10.72730772422193,0.0,15030,"[1.315394, 3.185051, 2.99395, 1.874219]"
WOA,welded,2037,3.91276378149883,0.0,15030,"[0.933312, 1.040347, 4.230398, 0.951187]"
WOA,welded,2038,1.743782310702935,0.0,15030,"[0.201842, 3.359284, 8.909568, 0.214033]"
WOA,welded,2039,3.639499190998481,0.0,15030,"[0.25759, 4.097084, 4.380412, 0.87555]"
WOA,welded,2040,3.778304069151024,0.0,15030,"[0.801878, 1.447257, 4.539649, 0.815202]"
WOA,welded,2041,3.2946508955914386,0.0,15030,"[0.257225, 3.62029, 5.483965, 0.651785]"
WOA,welded,2042,2.9897692852141824,0.0,15030,"[0.31396, 4.335611, 5.886324, 0.484865]"
WOA,welded,2043,2.9937371423115384,0.0,15030,"[0.178509, 5.702213, 5.701484, 0.516814]"
WOA,welded,2044,2.814346361454664,0.0,15030,"[0.317602, 3.070419, 5.580915, 0.539385]"
WOA,welded,2045,4.1101596657490065,0.0,15030,"[0.768998, 1.514225, 4.0178, 1.040717]"
WOA,welded,2046,2.579115877795242,0.0,15030,"[0.454363, 1.764366, 6.311898, 0.454708]"
WOA,welded,2047,2.2469755831821403,0.0,15030,"[0.341926, 2.234787, 7.022038, 0.357062]"
WOA,welded,2048,1.8865990073144863,0.0,15030,"[0.197018, 3.204113, 9.837745, 0.214821]"
WOA,welded,2049,3.6778572022253107,0.0,15030,"[0.713911, 1.472546, 4.389857, 0.871783]"
WOA,welded,2050,3.1179045173461257,0.0,15030,"[0.485412, 1.977139, 4.960508, 0.682743]"
WOA,welded,2051,1.9342076967052173,0.0,15030,"[0.202233, 4.916578, 8.930275, 0.210659]"
WOA,welded,2052,2.0014519963510913,0.0,15030,"[0.20375, 3.694379, 7.806364, 0.275684]"
WOA,welded,2053,1.7862411691544307,0.0,15030,"[0.210246, 3.297075, 8.602016, 0.227043]"
WOA,welded,2054,1.9537101794087661,0.0,15030,"[0.194234, 4.652052, 9.672047, 0.202763]"
WOA,welded,2055,3.8392086475488525,0.0,15030,"[0.36301, 3.267495, 4.149328, 0.975787]"
SCA,welded,2026,1.885082527913559,0.0,15030,"[0.200754, 4.264756, 9.349771, 0.206335]"
SCA,welded,2027,1.8524988954229806,0.0,15030,"[0.196762, 3.376404, 10.0, 0.204322]"
SCA,welded,2028,1.8370293839226794,0.0,15030,"[0.184244, 4.177872, 8.851017, 0.217085]"
SCA,welded,2029,1.8851390439844333,0.0,15030,"[0.17816, 3.636963, 10.0, 0.20714]"
SCA,welded,2030,1.8398706885571572,0.0,15030,"[0.204916, 3.529425, 9.515155, 0.208879]"
SCA,welded,2031,1.9577511225270792,0.0,15030,"[0.194392, 3.711849, 9.361979, 0.225986]"
SCA,welded,2032,1.8954996605203178,0.0,15030,"[0.174822, 4.043586, 10.0, 0.202629]"
SCA,welded,2033,1.8370930427897898,0.0,15030,"[0.172006, 4.188017, 8.976207, 0.216466]"
SCA,welded,2034,1.7820219747056456,0.0,15030,"[0.192708, 3.624715, 8.807218, 0.218713]"
SCA,welded,2035,1.878429737706693,0.0,15030,"[0.167759, 3.983948, 10.0, 0.202792]"
SCA,welded,2036,1.8830043259184173,0.0,15030,"[0.173677, 4.223437, 8.716972, 0.227974]"
SCA,welded,2037,1.829423877551499,0.0,15030,"[0.148296, 4.919533, 9.115123, 0.206093]"
SCA,welded,2038,1.8690221344052809,0.0,15030,"[0.152378, 4.716758, 9.521444, 0.203883]"
SCA,welded,2039,1.856346920301058,0.0,15030,"[0.189955, 3.74882, 8.612835, 0.232092]"
SCA,welded,2040,1.8414197509742694,0.0,15030,"[0.217216, 3.301212, 8.454303, 0.237223]"
SCA,welded,2041,1.8905073616087362,0.0,15030,"[0.21937, 3.529651, 9.048753, 0.223143]"
SCA,welded,2042,1.82147785140395,0.0,15030,"[0.184368, 4.033855, 8.838548, 0.217777]"
SCA,welded,2043,1.8334701815101837,0.0,15030,"[0.204792, 3.631826, 8.688224, 0.225945]"
SCA,welded,2044,1.9102278335483274,0.0,15030,"[0.179974, 3.720959, 9.387455, 0.222043]"
SCA,welded,2045,1.881429466008069,0.0,15030,"[0.172259, 3.816176, 10.0, 0.204907]"
SCA,welded,2046,1.8022937185033265,0.0,15030,"[0.207596, 3.667192, 8.909228, 0.214948]"
SCA,welded,2047,1.8659541148814913,0.0,15030,"[0.184108, 4.775777, 8.997258, 0.207589]"
SCA,welded,2048,1.8174367380245127,0.0,15030,"[0.173707, 3.967976, 9.545414, 0.204227]"
SCA,welded,2049,1.8091676280473403,0.0,15030,"[0.165556, 4.160825, 9.039249, 0.213122]"
SCA,welded,2050,1.9991943250864033,0.0,15030,"[0.170922, 5.219773, 9.056404, 0.218618]"
SCA,welded,2051,1.8730533867525523,0.0,15030,"[0.19998, 3.473102, 10.0, 0.204562]"
SCA,welded,2052,1.98784045397788,0.0,15030,"[0.217062, 3.679126, 8.527935, 0.247656]"
SCA,welded,2053,1.9745558220638237,0.0,15030,"[0.218098, 3.219491, 8.667632, 0.251427]"
SCA,welded,2054,1.8113272260333149,0.0,15030,"[0.171361, 4.160745, 9.388606, 0.20436]"
SCA,welded,2055,1.8309367215427965,0.0,15030,"[0.202478, 3.113442, 10.0, 0.205256]"
HHO,welded,2026,3.144173356567535,0.0,15029,"[0.309663, 3.270644, 4.98943, 0.67485]"
HHO,welded,2027,2.5505327677516707,0.0,15029,"[0.464043, 1.791401, 6.009599, 0.465299]"
HHO,welded,2028,2.486010690106682,0.0,15029,"[0.126433, 6.523627, 6.996844, 0.343167]"
HHO,welded,2029,2.430430406547421,0.0,15029,"[0.128368, 7.839493, 7.71585, 0.28219]"
HHO,welded,2030,3.8949119472842932,0.0,15029,"[0.84271, 1.194273, 4.151731, 0.974655]"
HHO,welded,2031,3.0455587284940044,0.0,15030,"[0.473242, 2.026836, 5.091649, 0.648027]"
HHO,welded,2032,4.830798612117956,0.0,15030,"[1.097053, 0.987044, 3.444764, 1.41659]"
HHO,welded,2033,2.865047319172927,0.0,15029,"[0.417342, 2.21664, 5.374968, 0.581511]"
HHO,welded,2034,2.4349519220527283,0.0,15029,"[0.16568, 5.315662, 6.86654, 0.356338]"
HHO,welded,2035,3.1484352309765047,0.0,15030,"[0.271144, 3.625523, 4.991564, 0.674275]"
HHO,welded,2036,4.716771872669542,0.0,15029,"[0.566128, 2.198859, 3.324502, 1.520044]"
HHO,welded,2037,2.547067495378929,0.0,15030,"[0.142053, 7.32114, 7.228941, 0.321485]"
HHO,welded,2038,1.7218504006906858,0.0,15030,"[0.206432, 3.377081, 8.986667, 0.208023]"
HHO,welded,2039,3.192615881009819,0.0,15029,"[0.647569, 1.431314, 4.930657, 0.691036]"
HHO,welded,2040,4.162939578279547,0.0,15030,"[1.033692, 0.959128, 3.989299, 1.055641]"
HHO,welded,2041,3.4021130503053656,0.0,15029,"[0.144534, 6.349727, 5.052139, 0.658201]"
HHO,welded,2042,2.564143061798253,0.0,15029,"[0.134662, 8.837824, 7.732664, 0.280964]"
HHO,welded,2043,3.0595620257199823,0.0,15030,"[0.125, 7.876454, 6.048207, 0.459283]"
HHO,welded,2044,3.3853212161508144,0.0,15030,"[0.70226, 1.350178, 4.694867, 0.76424]"
HHO,welded,2045,4.1506722230080415,0.0,15029,"[0.873033, 1.19668, 3.907858, 1.100099]"
HHO,welded,2046,3.304712983354708,0.0,15030,"[0.468205, 2.148599, 4.687594, 0.764556]"
HHO,welded,2047,2.112876039492479,0.0,15029,"[0.321799, 2.366976, 7.181248, 0.325769]"
HHO,welded,2048,2.2816112692954715,0.0,15030,"[0.216023, 3.848622, 6.924959, 0.350328]"
HHO,welded,2049,2.713339386010067,0.0,15029,"[0.128343, 7.529815, 6.75437, 0.368247]"
HHO,welded,2050,2.143256860129369,0.0,15029,"[0.128372, 6.187031, 8.035037, 0.260216]"
HHO,welded,2051,1.876104286627755,0.0,15029,"[0.125106, 5.843219, 9.035258, 0.205792]"
HHO,welded,2052,2.5031495678108673,0.0,15029,"[0.235144, 3.681451, 6.272719, 0.42697]"
HHO,welded,2053,2.202365025507653,0.0,15029,"[0.343724, 2.323, 6.946722, 0.348136]"
HHO,welded,2054,2.2546173261785887,0.0,15029,"[0.125575, 6.690618, 7.821649, 0.274608]"
HHO,welded,2055,3.8126143165746864,0.0,15030,"[0.319078, 3.435945, 4.113225, 0.992991]"
EAO,reducer,2026,2994.471066152627,0.0,15030,"[3.5, 0.7, 17.496296, 7.3, 7.71532, 3.350215, 5.286654]"
EAO,reducer,2027,2994.471066148092,0.0,15030,"[3.5, 0.7, 17.36131, 7.3, 7.71532, 3.350215, 5.286654]"
EAO,reducer,2028,2994.471066147644,0.0,15030,"[3.5, 0.7, 17.356608, 7.3, 7.71532, 3.350215, 5.286654]"
EAO,reducer,2029,2994.471066147654,0.0,15030,"[3.5, 0.7, 17.115874, 7.3, 7.71532, 3.350215, 5.286654]"
EAO,reducer,2030,2994.4710661672584,0.0,15030,"[3.5, 0.7, 17.407792, 7.3, 7.71532, 3.350215, 5.286654]"
EAO,reducer,2031,2994.4710661474887,0.0,15030,"[3.5, 0.7, 17.160476, 7.3, 7.71532, 3.350215, 5.286654]"
EAO,reducer,2032,2994.47106615023,0.0,15030,"[3.5, 0.7, 17.116263, 7.3, 7.71532, 3.350215, 5.286654]"
EAO,reducer,2033,2994.4710661491176,0.0,15030,"[3.5, 0.7, 17.015026, 7.3, 7.71532, 3.350215, 5.286654]"
EAO,reducer,2034,2994.471066158222,0.0,15030,"[3.5, 0.7, 17.032948, 7.3, 7.71532, 3.350215, 5.286654]"
EAO,reducer,2035,2994.4710661471363,0.0,15030,"[3.5, 0.7, 17.320156, 7.3, 7.71532, 3.350215, 5.286654]"
EAO,reducer,2036,2994.471066147118,0.0,15030,"[3.5, 0.7, 17.345722, 7.3, 7.71532, 3.350215, 5.286654]"
EAO,reducer,2037,2994.4710661486047,0.0,15030,"[3.5, 0.7, 17.157182, 7.3, 7.71532, 3.350215, 5.286654]"
EAO,reducer,2038,2994.4710661473987,0.0,15030,"[3.5, 0.7, 17.205142, 7.3, 7.71532, 3.350215, 5.286654]"
EAO,reducer,2039,2994.471066147512,0.0,15030,"[3.5, 0.7, 17.414214, 7.3, 7.71532, 3.350215, 5.286654]"
EAO,reducer,2040,2994.4710661496933,0.0,15030,"[3.5, 0.7, 17.439647, 7.3, 7.71532, 3.350215, 5.286654]"
EAO,reducer,2041,2994.471070917106,0.0,15030,"[3.5, 0.7, 17.310937, 7.3, 7.71532, 3.350215, 5.286654]"
EAO,reducer,2042,2994.471066172303,0.0,15030,"[3.5, 0.7, 17.084762, 7.3, 7.71532, 3.350215, 5.286654]"
EAO,reducer,2043,2994.4710661474824,0.0,15030,"[3.5, 0.7, 17.346686, 7.3, 7.71532, 3.350215, 5.286654]"
EAO,reducer,2044,2994.471066148179,0.0,15030,"[3.5, 0.7, 17.195516, 7.3, 7.71532, 3.350215, 5.286654]"
EAO,reducer,2045,2994.471066168898,0.0,15030,"[3.5, 0.7, 17.46565, 7.3, 7.71532, 3.350215, 5.286654]"
EAO,reducer,2046,2994.4710661574823,0.0,15030,"[3.5, 0.7, 17.444214, 7.3, 7.71532, 3.350215, 5.286654]"
EAO,reducer,2047,2994.471066147807,0.0,15030,"[3.5, 0.7, 17.026748, 7.3, 7.71532, 3.350215, 5.286654]"
EAO,reducer,2048,2994.4710661853824,0.0,15030,"[3.5, 0.7, 17.384722, 7.3, 7.71532, 3.350215, 5.286654]"
EAO,reducer,2049,2994.4710661495405,0.0,15030,"[3.5, 0.7, 17.000039, 7.3, 7.71532, 3.350215, 5.286654]"
EAO,reducer,2050,2994.4710914089274,0.0,15030,"[3.5, 0.7, 17.077243, 7.3, 7.71532, 3.350215, 5.286654]"
EAO,reducer,2051,2994.4710661491877,0.0,15030,"[3.5, 0.7, 17.052398, 7.3, 7.71532, 3.350215, 5.286654]"
EAO,reducer,2052,2994.471066159485,0.0,15030,"[3.5, 0.7, 17.004932, 7.3, 7.71532, 3.350215, 5.286654]"
EAO,reducer,2053,2994.47106614693,0.0,15030,"[3.5, 0.7, 17.044366, 7.3, 7.71532, 3.350215, 5.286654]"
EAO,reducer,2054,2994.471066148397,0.0,15030,"[3.5, 0.7, 17.39954, 7.3, 7.71532, 3.350215, 5.286654]"
EAO,reducer,2055,2994.4710661475597,0.0,15030,"[3.5, 0.7, 17.369263, 7.3, 7.71532, 3.350215, 5.286654]"
RS-EAO,reducer,2026,2994.4710661468202,0.0,15030,"[3.5, 0.7, 17.006427, 7.3, 7.71532, 3.350215, 5.286654]"
RS-EAO,reducer,2027,2994.471066159354,0.0,15030,"[3.5, 0.7, 17.068137, 7.3, 7.71532, 3.350215, 5.286654]"
RS-EAO,reducer,2028,2994.4710661468202,0.0,15030,"[3.5, 0.7, 17.398031, 7.3, 7.71532, 3.350215, 5.286654]"
RS-EAO,reducer,2029,2994.4710661468202,0.0,15030,"[3.5, 0.7, 17.058274, 7.3, 7.71532, 3.350215, 5.286654]"
RS-EAO,reducer,2030,2994.4710661468202,0.0,15030,"[3.5, 0.7, 17.076884, 7.3, 7.71532, 3.350215, 5.286654]"
RS-EAO,reducer,2031,2994.4710661468202,0.0,15030,"[3.5, 0.7, 17.138079, 7.3, 7.71532, 3.350215, 5.286654]"
RS-EAO,reducer,2032,2994.471066146841,0.0,15030,"[3.5, 0.7, 17.00246, 7.3, 7.71532, 3.350215, 5.286654]"
RS-EAO,reducer,2033,2994.4710661468216,0.0,15030,"[3.5, 0.7, 17.0, 7.3, 7.71532, 3.350215, 5.286654]"
RS-EAO,reducer,2034,2994.4710661468202,0.0,15030,"[3.5, 0.7, 17.263303, 7.3, 7.71532, 3.350215, 5.286654]"
RS-EAO,reducer,2035,2994.4710661468202,0.0,15030,"[3.5, 0.7, 17.296128, 7.3, 7.71532, 3.350215, 5.286654]"
RS-EAO,reducer,2036,2994.471066146822,0.0,15030,"[3.5, 0.7, 17.007783, 7.3, 7.71532, 3.350215, 5.286654]"
RS-EAO,reducer,2037,2994.4710661468202,0.0,15030,"[3.5, 0.7, 17.080945, 7.3, 7.71532, 3.350215, 5.286654]"
RS-EAO,reducer,2038,2994.4710661468207,0.0,15030,"[3.5, 0.7, 17.026293, 7.3, 7.71532, 3.350215, 5.286654]"
RS-EAO,reducer,2039,2994.4710661468202,0.0,15030,"[3.5, 0.7, 17.070276, 7.3, 7.71532, 3.350215, 5.286654]"
RS-EAO,reducer,2040,2994.4710661468202,0.0,15030,"[3.5, 0.7, 17.140068, 7.3, 7.71532, 3.350215, 5.286654]"
RS-EAO,reducer,2041,2994.4710661468216,0.0,15030,"[3.5, 0.7, 17.0045, 7.3, 7.71532, 3.350215, 5.286654]"
RS-EAO,reducer,2042,2994.4710661468202,0.0,15030,"[3.5, 0.7, 17.005062, 7.3, 7.71532, 3.350215, 5.286654]"
RS-EAO,reducer,2043,2994.4710661468202,0.0,15030,"[3.5, 0.7, 17.04154, 7.3, 7.71532, 3.350215, 5.286654]"
RS-EAO,reducer,2044,2994.471066146824,0.0,15030,"[3.5, 0.7, 17.384271, 7.3, 7.71532, 3.350215, 5.286654]"
RS-EAO,reducer,2045,2994.4710661468202,0.0,15030,"[3.5, 0.7, 17.045664, 7.3, 7.71532, 3.350215, 5.286654]"
RS-EAO,reducer,2046,2994.4710661468207,0.0,15030,"[3.5, 0.7, 17.283057, 7.3, 7.71532, 3.350215, 5.286654]"
RS-EAO,reducer,2047,2994.4710661468253,0.0,15030,"[3.5, 0.7, 17.016492, 7.3, 7.71532, 3.350215, 5.286654]"
RS-EAO,reducer,2048,2994.4710661468534,0.0,15030,"[3.5, 0.7, 17.480991, 7.3, 7.71532, 3.350215, 5.286654]"
RS-EAO,reducer,2049,2994.471066146871,0.0,15030,"[3.5, 0.7, 17.052989, 7.3, 7.71532, 3.350215, 5.286654]"
RS-EAO,reducer,2050,2994.471066146822,0.0,15030,"[3.5, 0.7, 17.000001, 7.3, 7.71532, 3.350215, 5.286654]"
RS-EAO,reducer,2051,2994.4710661468202,0.0,15030,"[3.5, 0.7, 17.007571, 7.3, 7.71532, 3.350215, 5.286654]"
RS-EAO,reducer,2052,2994.4710661473096,0.0,15030,"[3.5, 0.7, 17.001847, 7.3, 7.71532, 3.350215, 5.286654]"
RS-EAO,reducer,2053,2994.4710661468202,0.0,15030,"[3.5, 0.7, 17.067483, 7.3, 7.71532, 3.350215, 5.286654]"
RS-EAO,reducer,2054,2994.4710661468243,0.0,15030,"[3.5, 0.7, 17.457399, 7.3, 7.71532, 3.350215, 5.286654]"
RS-EAO,reducer,2055,2994.4710661468202,0.0,15030,"[3.5, 0.7, 17.150134, 7.3, 7.71532, 3.350215, 5.286654]"
AS-ABMO,reducer,2026,3007.4365521536424,0.0,15030,"[3.5, 0.7, 17.0, 7.3, 8.3, 3.350215, 5.286859]"
AS-ABMO,reducer,2027,2994.471066147024,0.0,15030,"[3.5, 0.7, 17.0, 7.3, 7.71532, 3.350215, 5.286654]"
AS-ABMO,reducer,2028,2994.471066153296,0.0,15030,"[3.5, 0.7, 17.0, 7.3, 7.71532, 3.350215, 5.286654]"
AS-ABMO,reducer,2029,3003.804920569415,0.0,15030,"[3.5, 0.7, 17.0, 8.3, 7.71532, 3.352207, 5.286654]"
AS-ABMO,reducer,2030,2994.471066146826,0.0,15030,"[3.5, 0.7, 17.0, 7.3, 7.71532, 3.350215, 5.286654]"
AS-ABMO,reducer,2031,5436.554585039645,0.0,15030,"[3.5, 0.7, 28.0, 7.3, 7.714414, 3.345897, 5.285831]"
AS-ABMO,reducer,2032,2994.4710661972526,0.0,15030,"[3.5, 0.7, 17.0, 7.3, 7.71532, 3.350215, 5.286654]"
AS-ABMO,reducer,2033,2994.471066149043,0.0,15030,"[3.5, 0.7, 17.0, 7.3, 7.71532, 3.350215, 5.286654]"
AS-ABMO,reducer,2034,2994.4710674497287,0.0,15030,"[3.5, 0.7, 17.0, 7.3, 7.71532, 3.350215, 5.286654]"
AS-ABMO,reducer,2035,3003.804902607078,0.0,15030,"[3.5, 0.7, 17.0, 8.3, 7.71532, 3.352207, 5.286654]"
AS-ABMO,reducer,2036,3007.4365521536424,0.0,15030,"[3.5, 0.7, 17.0, 7.3, 8.3, 3.350215, 5.286859]"
AS-ABMO,reducer,2037,3007.4365521536424,0.0,15030,"[3.5, 0.7, 17.0, 7.3, 8.3, 3.350215, 5.286859]"
AS-ABMO,reducer,2038,2994.4723299244793,0.0,15030,"[3.500001, 0.7, 17.0, 7.3, 7.71532, 3.350215, 5.286654]"
AS-ABMO,reducer,2039,2994.4710661483873,0.0,15030,"[3.5, 0.7, 17.0, 7.3, 7.71532, 3.350215, 5.286654]"
AS-ABMO,reducer,2040,3003.804902608878,0.0,15030,"[3.5, 0.7, 17.0, 8.3, 7.71532, 3.352207, 5.286654]"
AS-ABMO,reducer,2041,3007.4365532549455,0.0,15030,"[3.5, 0.7, 17.0, 7.3, 8.3, 3.350215, 5.286859]"
AS-ABMO,reducer,2042,2994.4710661527383,0.0,15030,"[3.5, 0.7, 17.0, 7.3, 7.71532, 3.350215, 5.286654]"
AS-ABMO,reducer,2043,2994.4710661495587,0.0,15030,"[3.5, 0.7, 17.0, 7.3, 7.71532, 3.350215, 5.286654]"
AS-ABMO,reducer,2044,5169.571900289634,0.0,15030,"[3.5, 0.7, 27.0, 7.3, 7.714454, 3.346088, 5.285867]"
AS-ABMO,reducer,2045,2994.471066146823,0.0,15030,"[3.5, 0.7, 17.0, 7.3, 7.71532, 3.350215, 5.286654]"
AS-ABMO,reducer,2046,3007.4365521536424,0.0,15030,"[3.5, 0.7, 17.0, 7.3, 8.3, 3.350215, 5.286859]"
AS-ABMO,reducer,2047,2994.4712374189285,0.0,15030,"[3.5, 0.7, 17.0, 7.300018, 7.71532, 3.350215, 5.286654]"
AS-ABMO,reducer,2048,3016.7703886138283,0.0,15030,"[3.5, 0.7, 17.0, 8.3, 8.3, 3.352207, 5.286859]"
AS-ABMO,reducer,2049,3033.7485257019343,0.0,15030,"[3.6, 0.7, 17.0, 7.3, 7.71532, 3.350215, 5.286654]"
AS-ABMO,reducer,2050,2994.4710661628783,0.0,15030,"[3.5, 0.7, 17.0, 7.3, 7.71532, 3.350215, 5.286654]"
AS-ABMO,reducer,2051,3003.8049026070794,0.0,15030,"[3.5, 0.7, 17.0, 8.3, 7.71532, 3.352207, 5.286654]"
AS-ABMO,reducer,2052,3003.804902687255,0.0,15030,"[3.5, 0.7, 17.0, 8.3, 7.71532, 3.352207, 5.286654]"
AS-ABMO,reducer,2053,2994.4710661493677,0.0,15030,"[3.5, 0.7, 17.0, 7.3, 7.71532, 3.350215, 5.286654]"
AS-ABMO,reducer,2054,2994.4710661724516,0.0,15030,"[3.5, 0.7, 17.0, 7.3, 7.71532, 3.350215, 5.286654]"
AS-ABMO,reducer,2055,3033.748525701934,0.0,15030,"[3.6, 0.7, 17.0, 7.3, 7.71532, 3.350215, 5.286654]"
GWO,reducer,2026,3013.551206886018,0.0,15030,"[3.501981, 0.700209, 17.034818, 7.707751, 8.206827, 3.361094, 5.286921]"
GWO,reducer,2027,3006.657644350828,0.0,15030,"[3.505197, 0.7, 17.093625, 7.566252, 7.9236, 3.358752, 5.288277]"
GWO,reducer,2028,3014.521906282165,0.0,15030,"[3.503784, 0.7, 17.340607, 7.833589, 8.248546, 3.358, 5.286883]"
GWO,reducer,2029,3004.940956989727,0.0,15030,"[3.503127, 0.700154, 17.014697, 7.345759, 8.039973, 3.352247, 5.287434]"
GWO,reducer,2030,3009.1098608928805,0.0,15030,"[3.507298, 0.7, 17.220694, 7.308699, 8.153995, 3.357127, 5.287126]"
GWO,reducer,2031,3002.2757336794634,0.0,15030,"[3.501038, 0.7, 17.318625, 7.725558, 7.832166, 3.353678, 5.286952]"
GWO,reducer,2032,3008.1003934285836,0.0,15030,"[3.501753, 0.70018, 17.026038, 7.581285, 8.048383, 3.358408, 5.287019]"
GWO,reducer,2033,3012.012811154743,0.0,15030,"[3.505096, 0.700151, 17.18444, 7.593148, 8.24198, 3.351897, 5.287093]"
GWO,reducer,2034,3008.6920548167927,0.0,15030,"[3.504152, 0.700014, 17.331725, 7.968583, 7.876358, 3.360111, 5.287494]"
GWO,reducer,2035,3003.5529026763334,0.0,15030,"[3.503389, 0.7, 17.021516, 7.356871, 7.962627, 3.357008, 5.286787]"
GWO,reducer,2036,3002.7892497107305,0.0,15030,"[3.50108, 0.7, 17.029376, 7.415823, 7.99166, 3.352659, 5.28694]"
GWO,reducer,2037,3007.312798231731,0.0,15030,"[3.501237, 0.7, 17.001698, 7.721553, 7.779063, 3.376927, 5.287158]"
GWO,reducer,2038,2999.258780514865,0.0,15030,"[3.501211, 0.7, 17.033513, 7.397188, 7.778397, 3.357868, 5.286831]"
GWO,reducer,2039,3006.918585674701,0.0,15030,"[3.500793, 0.7, 17.17043, 8.286067, 7.77978, 3.35692, 5.287098]"
GWO,reducer,2040,3010.1997150113116,0.0,15030,"[3.501893, 0.7, 17.099405, 7.631509, 8.170218, 3.357709, 5.286889]"
GWO,reducer,2041,3007.582387361774,0.0,15030,"[3.507407, 0.7, 17.136597, 7.682406, 7.973118, 3.352018, 5.287767]"
GWO,reducer,2042,3008.270424906934,0.0,15030,"[3.500933, 0.7, 17.33147, 8.247261, 7.785764, 3.362736, 5.287081]"
GWO,reducer,2043,2998.825624244537,0.0,15030,"[3.501744, 0.700063, 17.043266, 7.310438, 7.858323, 3.350684, 5.286709]"
GWO,reducer,2044,3008.993085373043,0.0,15030,"[3.502468, 0.7, 17.0, 8.231135, 7.780321, 3.364523, 5.286947]"
GWO,reducer,2045,3004.745788350595,0.0,15030,"[3.501214, 0.70015, 17.085185, 7.59095, 7.939709, 3.352612, 5.288247]"
GWO,reducer,2046,3004.7474036129834,0.0,15030,"[3.500305, 0.7, 17.079462, 7.399428, 8.023467, 3.356342, 5.288141]"
GWO,reducer,2047,3003.449584057634,0.0,15030,"[3.501516, 0.7, 17.018871, 7.683205, 7.907293, 3.351126, 5.287529]"
GWO,reducer,2048,3016.2196465497714,0.0,15030,"[3.504824, 0.7, 17.01389, 8.130027, 8.170866, 3.353155, 5.28943]"
GWO,reducer,2049,3012.361994410278,0.0,15030,"[3.500705, 0.7, 17.246753, 7.567245, 8.127786, 3.370458, 5.288198]"
GWO,reducer,2050,3011.3131333360516,0.0,15030,"[3.504444, 0.7, 17.061207, 7.623347, 8.214294, 3.354649, 5.286896]"
GWO,reducer,2051,3009.415360106467,0.0,15030,"[3.509687, 0.700156, 17.018524, 7.38735, 8.113243, 3.352671, 5.287127]"
GWO,reducer,2052,3005.6796379405496,0.0,15030,"[3.50168, 0.7, 17.342028, 8.015227, 7.862514, 3.353013, 5.287108]"
GWO,reducer,2053,3006.5191217826277,0.0,15030,"[3.500632, 0.7, 17.0, 7.981293, 7.859561, 3.356181, 5.288356]"
GWO,reducer,2054,3003.6073290005174,0.0,15030,"[3.502691, 0.7, 17.103163, 7.799949, 7.817732, 3.353553, 5.287541]"
GWO,reducer,2055,3013.5079086026,0.0,15030,"[3.506163, 0.700094, 17.088736, 7.726866, 8.251114, 3.352111, 5.286934]"
WOA,reducer,2026,4703.261125252458,0.0,15030,"[3.501316, 0.7, 25.277375, 8.059768, 8.041952, 3.347234, 5.325637]"
WOA,reducer,2027,4788.843780015009,0.0,15030,"[3.599037, 0.7, 24.867484, 7.3, 7.870236, 3.485577, 5.28598]"
WOA,reducer,2028,5125.158410094853,0.0003188077341918136,15030,"[3.6, 0.728457, 24.578516, 8.3, 7.608962, 3.679968, 5.280862]"
WOA,reducer,2029,4250.2669034330165,0.0,15030,"[3.526502, 0.7, 22.698352, 7.3, 8.209411, 3.455094, 5.286157]"
WOA,reducer,2030,3184.443798355096,0.0,15030,"[3.5, 0.7, 17.0, 7.683185, 8.013441, 3.791662, 5.3658]"
WOA,reducer,2031,5317.5432089609585,0.0,15030,"[3.500001, 0.7, 27.282682, 7.584637, 8.153214, 3.78929, 5.296771]"
WOA,reducer,2032,3746.5177432741857,0.00039672514801215094,15030,"[3.6, 0.729694, 18.75783, 8.007557, 7.599824, 3.9, 5.280391]"
WOA,reducer,2033,3120.2521952072198,0.0,15030,"[3.530494, 0.705743, 17.0, 7.601864, 7.855145, 3.35067, 5.412107]"
WOA,reducer,2034,5637.839031962937,0.0,15030,"[3.536342, 0.7, 27.50106, 8.180066, 8.154879, 3.831142, 5.285888]"
WOA,reducer,2035,4954.4258851735785,0.0,15030,"[3.521358, 0.70033, 25.74518, 7.3, 7.720575, 3.420598, 5.285909]"
WOA,reducer,2036,4119.994025668086,0.0,15030,"[3.508339, 0.7, 21.905153, 7.620343, 8.12547, 3.802785, 5.286215]"
WOA,reducer,2037,5781.798811263927,0.0,15030,"[3.6, 0.703928, 28.0, 8.3, 8.3, 3.9, 5.285903]"
WOA,reducer,2038,4461.320874140885,0.0,15030,"[3.599372, 0.717285, 22.638404, 7.66961, 8.296386, 3.488912, 5.286137]"
WOA,reducer,2039,5377.444763735522,0.0,15030,"[3.500001, 0.7, 27.332241, 7.604541, 8.120729, 3.794159, 5.386963]"
WOA,reducer,2040,4593.032962051483,0.0,15030,"[3.548863, 0.707834, 24.18451, 7.722523, 7.714805, 3.562727, 5.285991]"
WOA,reducer,2041,4305.095703073984,0.00034032584333760986,15030,"[3.6, 0.728927, 21.7101, 7.673069, 7.607464, 3.529357, 5.280703]"
WOA,reducer,2042,3139.8189145141514,0.0,15030,"[3.5, 0.7, 17.0, 8.202214, 8.194854, 3.420944, 5.450709]"
WOA,reducer,2043,3208.080968526379,0.0,15030,"[3.580819, 0.7, 17.0, 8.274791, 8.274791, 3.883052, 5.286851]"
WOA,reducer,2044,5395.751313694188,0.0,15030,"[3.6, 0.719903, 25.635924, 8.074806, 8.105426, 3.9, 5.285933]"
WOA,reducer,2045,6026.899724145627,0.00037564505931275466,15030,"[3.6, 0.729554, 27.601021, 7.581271, 7.603534, 3.787861, 5.279918]"
WOA,reducer,2046,4715.04008673538,0.0,15030,"[3.590978, 0.716958, 23.522526, 7.797244, 7.715311, 3.579357, 5.285975]"
WOA,reducer,2047,3184.3360443378697,0.0,15030,"[3.59359, 0.714794, 17.0, 7.485931, 7.801336, 3.639478, 5.286629]"
WOA,reducer,2048,5338.335083782736,0.0,15030,"[3.500001, 0.7, 27.194041, 7.881942, 8.023446, 3.792396, 5.326711]"
WOA,reducer,2049,3838.3954324894935,0.0,15030,"[3.578078, 0.7, 20.848503, 8.236176, 8.184547, 3.349084, 5.310169]"
WOA,reducer,2050,5271.609789719033,0.0,15030,"[3.5, 0.7, 27.219612, 8.070503, 8.048856, 3.521883, 5.348055]"
WOA,reducer,2051,4195.3617719853855,0.0,15030,"[3.599999, 0.719952, 22.438932, 7.343018, 7.795948, 3.364865, 5.286105]"
WOA,reducer,2052,5925.13621655961,0.0004512850116806607,15030,"[3.6, 0.730377, 28.0, 8.3, 7.592111, 3.385031, 5.279507]"
WOA,reducer,2053,5326.802971896021,0.0,15030,"[3.509299, 0.7, 26.901634, 8.026291, 8.087951, 3.799168, 5.285919]"
WOA,reducer,2054,3376.883903376926,0.0,15030,"[3.588468, 0.7, 17.92718, 7.855213, 7.716881, 3.887502, 5.286515]"
WOA,reducer,2055,3153.9318221966128,0.0,15030,"[3.509945, 0.7, 17.151392, 8.24208, 7.794226, 3.837392, 5.286682]"
SCA,reducer,2026,3125.8295173965553,0.0,15030,"[3.6, 0.7, 17.0, 7.3, 8.3, 3.446281, 5.370163]"
SCA,reducer,2027,3201.235641477573,0.0,15030,"[3.6, 0.7, 17.0, 7.795552, 8.3, 3.383205, 5.5]"
SCA,reducer,2028,3083.6078679172942,0.0,15030,"[3.568751, 0.7, 17.0, 7.3, 8.3, 3.383957, 5.349507]"
SCA,reducer,2029,3157.8868366740544,0.0,15030,"[3.6, 0.7, 17.357595, 7.510158, 8.14752, 3.389268, 5.443217]"
SCA,reducer,2030,3129.9110736438192,0.0,15030,"[3.6, 0.7, 17.099561, 7.592607, 8.3, 3.45936, 5.36683]"
SCA,reducer,2031,3142.4676253365983,0.0,15030,"[3.6, 0.7, 17.272967, 7.520169, 8.256696, 3.445579, 5.393991]"
SCA,reducer,2032,3196.6898373804247,0.0,15030,"[3.6, 0.7, 17.099628, 7.3, 8.3, 3.382854, 5.5]"
SCA,reducer,2033,3193.4110047189115,0.0,15030,"[3.6, 0.7, 17.0, 7.3, 8.3, 3.370136, 5.5]"
SCA,reducer,2034,3135.5024579710116,0.0,15030,"[3.6, 0.7, 17.0, 8.269327, 8.3, 3.61826, 5.295019]"
SCA,reducer,2035,3190.672941331703,0.0,15030,"[3.6, 0.7, 17.0, 7.3, 8.137209, 3.426959, 5.480033]"
SCA,reducer,2036,3108.968050992097,0.0,15030,"[3.6, 0.7, 17.0, 7.310368, 8.3, 3.460471, 5.33842]"
SCA,reducer,2037,3084.5346966708007,0.0,15030,"[3.6, 0.7, 17.0, 7.3, 8.3, 3.352502, 5.344553]"
SCA,reducer,2038,3113.213535036331,0.0,15030,"[3.6, 0.7, 17.0, 7.3, 8.3, 3.409648, 5.365783]"
SCA,reducer,2039,3166.5846069166223,0.0,15030,"[3.542253, 0.7, 17.024326, 7.3, 8.3, 3.353126, 5.5]"
SCA,reducer,2040,3178.290062441293,0.0,15030,"[3.549165, 0.7, 17.0, 8.047359, 8.3, 3.362436, 5.5]"
SCA,reducer,2041,3195.7081201341057,0.0,15030,"[3.6, 0.7, 17.0, 7.3, 8.3, 3.379056, 5.5]"
SCA,reducer,2042,3165.88905724227,0.0,15030,"[3.6, 0.7, 17.0, 8.3, 8.3, 3.604416, 5.347936]"
SCA,reducer,2043,3176.8948424103805,0.0,15030,"[3.538593, 0.7, 17.0, 7.3, 8.143162, 3.412724, 5.5]"
SCA,reducer,2044,3171.260824155053,0.0,15030,"[3.511973, 0.7, 17.0, 7.3, 8.3, 3.416452, 5.5]"
SCA,reducer,2045,3133.959350038677,0.0,15030,"[3.6, 0.7, 17.0, 8.3, 8.3, 3.569587, 5.31466]"
SCA,reducer,2046,3091.7063305733363,0.0,15030,"[3.523049, 0.7, 17.0, 7.3, 8.3, 3.408181, 5.379348]"
SCA,reducer,2047,3197.6431418361212,0.0,15030,"[3.6, 0.7, 17.0, 7.3, 8.3, 3.386533, 5.5]"
SCA,reducer,2048,3119.5696213896654,0.0,15030,"[3.6, 0.7, 17.0, 8.3, 7.803023, 3.509079, 5.336574]"
SCA,reducer,2049,3189.2335677135716,0.0,15030,"[3.6, 0.7, 17.154828, 7.3, 8.3, 3.540177, 5.426509]"
SCA,reducer,2050,3148.7812951620194,0.0,15030,"[3.6, 0.7, 17.0, 8.3, 8.3, 3.647824, 5.301219]"
SCA,reducer,2051,3200.33298073048,0.0,15030,"[3.502088, 0.7, 17.0, 7.3, 8.3, 3.536448, 5.5]"
SCA,reducer,2052,3138.2260786150414,0.0,15030,"[3.6, 0.7, 17.0, 8.206343, 8.3, 3.623611, 5.297763]"
SCA,reducer,2053,3177.1076665837113,0.0,15030,"[3.6, 0.702463, 17.0, 8.3, 8.3, 3.726366, 5.289155]"
SCA,reducer,2054,3082.436272813068,0.0,15030,"[3.569283, 0.7, 17.0, 7.946208, 8.204921, 3.444994, 5.316586]"
SCA,reducer,2055,3178.7732493737353,0.0,15030,"[3.549308, 0.7, 17.031194, 7.3, 8.3, 3.389786, 5.5]"
HHO,reducer,2026,3563.2377638033176,0.0,15029,"[3.505983, 0.7, 19.645403, 7.95407, 7.756749, 3.351357, 5.286303]"
HHO,reducer,2027,4431.495234265201,0.0,15029,"[3.500067, 0.7, 23.966601, 7.408352, 7.879331, 3.363582, 5.286033]"
HHO,reducer,2028,5501.7242485116585,0.0,15029,"[3.5, 0.7, 27.813224, 8.249419, 7.92398, 3.532687, 5.287561]"
HHO,reducer,2029,4921.090898325169,0.0,15029,"[3.501843, 0.7, 25.683807, 7.3, 8.048453, 3.346301, 5.286614]"
HHO,reducer,2030,3983.6935746401323,0.0,15029,"[3.5, 0.7, 21.720421, 7.3, 7.737581, 3.400364, 5.28614]"
HHO,reducer,2031,5189.521828132184,0.0,15029,"[3.500166, 0.7, 27.142269, 7.420566, 8.092904, 3.386347, 5.285919]"
HHO,reducer,2032,3416.347945314597,0.0,15029,"[3.500265, 0.7, 18.734925, 8.015166, 7.715034, 3.540839, 5.286395]"
HHO,reducer,2033,3003.709842416145,0.0,15029,"[3.5, 0.7, 17.000169, 7.660578, 7.795558, 3.350916, 5.293124]"
HHO,reducer,2034,3429.4843120267406,0.0,15029,"[3.500076, 0.7, 19.312495, 8.141125, 8.093379, 3.553311, 5.286499]"
HHO,reducer,2035,3973.665738740691,0.0,15029,"[3.500398, 0.7, 22.399662, 7.669664, 7.730628, 3.347887, 5.286403]"
HHO,reducer,2036,3477.22015368768,0.0,15029,"[3.5, 0.7, 19.430908, 7.510308, 8.130714, 3.727505, 5.287478]"
HHO,reducer,2037,3367.9895872365096,0.0,15030,"[3.500842, 0.7, 18.998792, 7.476452, 8.091237, 3.349807, 5.286499]"
HHO,reducer,2038,3562.610299177269,0.0,15029,"[3.5, 0.7, 20.090349, 7.306686, 8.092736, 3.349334, 5.288698]"
HHO,reducer,2039,4951.013734576181,0.0,15029,"[3.500047, 0.7, 25.504799, 7.552026, 7.778253, 3.480826, 5.285919]"
HHO,reducer,2040,3972.678987530857,0.0,15029,"[3.5, 0.7, 22.182437, 7.3, 7.723123, 3.357837, 5.286655]"
HHO,reducer,2041,4440.451668414343,0.0,15030,"[3.5, 0.7, 23.884454, 7.669098, 7.727344, 3.399436, 5.287057]"
HHO,reducer,2042,3615.469449171113,0.0,15029,"[3.5012, 0.7, 19.549285, 8.145482, 8.054783, 3.34953, 5.359161]"
HHO,reducer,2043,5457.78967274207,0.0,15030,"[3.5, 0.7, 27.738919, 7.972549, 8.043045, 3.37553, 5.286468]"
HHO,reducer,2044,4545.688802572262,0.0,15029,"[3.5, 0.7, 23.668104, 7.62729, 7.844802, 3.754105, 5.286051]"
HHO,reducer,2045,5178.200360702317,0.0,15029,"[3.501729, 0.7, 27.277152, 7.891848, 7.770906, 3.346546, 5.28636]"
HHO,reducer,2046,4671.679739880538,0.0,15029,"[3.5, 0.7, 24.734682, 7.652831, 7.945668, 3.349951, 5.286043]"
HHO,reducer,2047,4087.9364883926146,0.0,15030,"[3.501447, 0.7, 22.453287, 7.691921, 8.070696, 3.719001, 5.286203]"
HHO,reducer,2048,5445.862529248996,0.0,15029,"[3.500547, 0.700021, 27.673277, 7.901193, 7.837409, 3.34633, 5.286419]"
HHO,reducer,2049,3562.3133673587736,0.0,15029,"[3.500809, 0.7, 20.211119, 7.995442, 7.730314, 3.349306, 5.290517]"
HHO,reducer,2050,5184.322556538862,0.0,15029,"[3.5, 0.7, 27.204768, 8.007871, 8.06336, 3.349337, 5.285915]"
HHO,reducer,2051,3998.4262853846985,0.0,15029,"[3.500074, 0.7, 22.219422, 7.550262, 7.741974, 3.446432, 5.286135]"
HHO,reducer,2052,4434.653199883704,0.0,15029,"[3.506925, 0.7, 23.548264, 7.984374, 7.718399, 3.347484, 5.286427]"
HHO,reducer,2053,5452.6519134206665,0.0,15030,"[3.5, 0.7, 27.721081, 8.013873, 8.092707, 3.350919, 5.286179]"
HHO,reducer,2054,4035.385491633854,0.0,15029,"[3.5, 0.7, 22.314426, 7.3, 7.886752, 3.573838, 5.286983]"
HHO,reducer,2055,5025.768016440836,0.0,15029,"[3.500014, 0.7, 25.746353, 7.967586, 7.8945, 3.710552, 5.285934]"
EAO,cantilever,2026,1.3399589520455546,0.0,15030,"[6.025013, 5.307839, 4.489297, 3.49939, 2.152162]"
EAO,cantilever,2027,1.339956448296043,0.0,15030,"[6.017186, 5.308253, 4.493347, 3.502013, 2.152862]"
EAO,cantilever,2028,1.3399564015618421,0.0,15030,"[6.016648, 5.309708, 4.494042, 3.500665, 2.152597]"
EAO,cantilever,2029,1.3399565398494375,0.0,15030,"[6.017611, 5.309611, 4.493605, 3.501531, 2.151306]"
EAO,cantilever,2030,1.3399563653207016,0.0,15030,"[6.015766, 5.30924, 4.494582, 3.501557, 2.152515]"
EAO,cantilever,2031,1.3399577213670302,0.0,15030,"[6.012095, 5.31534, 4.49332, 3.501696, 2.151231]"
EAO,cantilever,2032,1.3399563910179106,0.0,15030,"[6.016087, 5.309376, 4.493455, 3.501816, 2.152927]"
EAO,cantilever,2033,1.33995645678032,0.0,15030,"[6.015444, 5.310821, 4.494251, 3.501058, 2.152089]"
EAO,cantilever,2034,1.3399563606303546,0.0,15030,"[6.016032, 5.309143, 4.494337, 3.501482, 2.152666]"
EAO,cantilever,2035,1.3399563740813754,0.0,15030,"[6.016214, 5.308722, 4.494395, 3.501319, 2.15301]"
EAO,cantilever,2036,1.3399569384671675,0.0,15030,"[6.012058, 5.311787, 4.494975, 3.501052, 2.153797]"
EAO,cantilever,2037,1.3399564911369999,0.0,15030,"[6.017779, 5.30873, 4.49444, 3.501006, 2.151707]"
EAO,cantilever,2038,1.3399563612536243,0.0,15030,"[6.01608, 5.309122, 4.494411, 3.501454, 2.152593]"
EAO,cantilever,2039,1.3399563657096314,0.0,15030,"[6.015683, 5.309439, 4.494508, 3.501402, 2.152628]"
EAO,cantilever,2040,1.3399565572523255,0.0,15030,"[6.016599, 5.309147, 4.493556, 3.502966, 2.151394]"
EAO,cantilever,2041,1.3399566844029676,0.0,15030,"[6.013918, 5.309806, 4.494825, 3.503524, 2.151593]"
EAO,cantilever,2042,1.3399901275931592,0.0,15030,"[6.012295, 5.289614, 4.523621, 3.496641, 2.15203]"
EAO,cantilever,2043,1.339956628855794,0.0,15030,"[6.015122, 5.308848, 4.492803, 3.502744, 2.154147]"
EAO,cantilever,2044,1.339956445256674,0.0,15030,"[6.015082, 5.310534, 4.494686, 3.500736, 2.152623]"
EAO,cantilever,2045,1.3399565734491092,0.0,15030,"[6.016519, 5.309279, 4.49561, 3.499365, 2.15289]"
EAO,cantilever,2046,1.3399563637807843,0.0,15030,"[6.015805, 5.309089, 4.494318, 3.501669, 2.152779]"
EAO,cantilever,2047,1.3399563617222587,0.0,15030,"[6.016178, 5.309057, 4.494375, 3.501433, 2.152617]"
EAO,cantilever,2048,1.3399564736093195,0.0,15030,"[6.01521, 5.308457, 4.496049, 3.501134, 2.152812]"
EAO,cantilever,2049,1.3399563743024006,0.0,15030,"[6.016203, 5.308801, 4.494696, 3.5016, 2.15236]"
EAO,cantilever,2050,1.3399563917101653,0.0,15030,"[6.015923, 5.309434, 4.494176, 3.50202, 2.152107]"
EAO,cantilever,2051,1.3399563634891016,0.0,15030,"[6.015769, 5.309121, 4.494389, 3.501669, 2.152711]"
EAO,cantilever,2052,1.3399571153530534,0.0,15030,"[6.018553, 5.307692, 4.497107, 3.498528, 2.151791]"
EAO,cantilever,2053,1.3399563924399729,0.0,15030,"[6.015657, 5.308912, 4.495058, 3.501776, 2.152258]"
EAO,cantilever,2054,1.3399564460561817,0.0,15030,"[6.017259, 5.309036, 4.493951, 3.501657, 2.151758]"
EAO,cantilever,2055,1.3399574955561053,0.0,15030,"[6.013026, 5.30929, 4.492669, 3.506405, 2.152288]"
RS-EAO,cantilever,2026,1.3399563815896662,0.0,15030,"[6.016412, 5.309501, 4.494079, 3.501484, 2.152183]"
RS-EAO,cantilever,2027,1.3399567644917365,0.0,15030,"[6.015126, 5.309968, 4.491874, 3.502254, 2.154445]"
RS-EAO,cantilever,2028,1.339956361681427,0.0,15030,"[6.015902, 5.309105, 4.494484, 3.501508, 2.15266]"
RS-EAO,cantilever,2029,1.3399563690329723,0.0,15030,"[6.016216, 5.309391, 4.494413, 3.501256, 2.152384]"
RS-EAO,cantilever,2030,1.3399563720074374,0.0,15030,"[6.015484, 5.309137, 4.494637, 3.501758, 2.152644]"
RS-EAO,cantilever,2031,1.3399564693886388,0.0,15030,"[6.015169, 5.309073, 4.495709, 3.500582, 2.153128]"
RS-EAO,cantilever,2032,1.3399564433439604,0.0,15030,"[6.015894, 5.308526, 4.4957, 3.500738, 2.152803]"
RS-EAO,cantilever,2033,1.339956363506585,0.0,15030,"[6.016002, 5.309249, 4.494082, 3.501532, 2.152794]"
RS-EAO,cantilever,2034,1.3399571464933142,0.0,15030,"[6.01294, 5.306635, 4.497538, 3.503472, 2.153087]"
RS-EAO,cantilever,2035,1.339956469435977,0.0,15030,"[6.017458, 5.307852, 4.493662, 3.502059, 2.15263]"
RS-EAO,cantilever,2036,1.3399563866073008,0.0,15030,"[6.016002, 5.309556, 4.494648, 3.500734, 2.15272]"
RS-EAO,cantilever,2037,1.3399563622490867,0.0,15030,"[6.016039, 5.309358, 4.494158, 3.501457, 2.152648]"
RS-EAO,cantilever,2038,1.3399565909369187,0.0,15030,"[6.015316, 5.308129, 4.494051, 3.501686, 2.154481]"
RS-EAO,cantilever,2039,1.339956405039985,0.0,15030,"[6.015329, 5.309799, 4.4949, 3.500822, 2.15281]"
RS-EAO,cantilever,2040,1.3399564083521527,0.0,15030,"[6.0157, 5.309059, 4.493814, 3.501621, 2.153467]"
RS-EAO,cantilever,2041,1.3399563701999748,0.0,15030,"[6.016158, 5.308663, 4.494491, 3.501724, 2.152623]"
RS-EAO,cantilever,2042,1.33995778866339,0.0,15030,"[6.021588, 5.308346, 4.495385, 3.497925, 2.150439]"
RS-EAO,cantilever,2043,1.3399566332883708,0.0,15030,"[6.018348, 5.310118, 4.492502, 3.500606, 2.152091]"
RS-EAO,cantilever,2044,1.3399565375450413,0.0,15030,"[6.015955, 5.308388, 4.496233, 3.500191, 2.152895]"
RS-EAO,cantilever,2045,1.3399563636469942,0.0,15030,"[6.015936, 5.309121, 4.494159, 3.501658, 2.152786]"
RS-EAO,cantilever,2046,1.339956825848229,0.0,15030,"[6.016664, 5.312266, 4.493609, 3.500037, 2.151092]"
RS-EAO,cantilever,2047,1.3399563605995022,0.0,15030,"[6.016012, 5.309175, 4.49433, 3.501476, 2.152667]"
RS-EAO,cantilever,2048,1.3399563677817994,0.0,15030,"[6.015881, 5.309161, 4.494106, 3.501864, 2.152648]"
RS-EAO,cantilever,2049,1.3399568764631686,0.0,15030,"[6.015121, 5.30749, 4.496041, 3.503907, 2.151109]"
RS-EAO,cantilever,2050,1.3399563629323643,0.0,15030,"[6.015901, 5.309265, 4.494152, 3.50157, 2.152772]"
RS-EAO,cantilever,2051,1.3399563617265964,0.0,15030,"[6.015978, 5.309309, 4.494204, 3.501445, 2.152725]"
RS-EAO,cantilever,2052,1.3399563606160478,0.0,15030,"[6.016022, 5.309181, 4.49434, 3.501461, 2.152656]"
RS-EAO,cantilever,2053,1.3399563693536887,0.0,15030,"[6.015602, 5.30913, 4.494312, 3.50173, 2.152886]"
RS-EAO,cantilever,2054,1.3399563690452938,0.0,15030,"[6.016399, 5.309034, 4.494467, 3.501126, 2.152633]"
RS-EAO,cantilever,2055,1.3399563644619041,0.0,15030,"[6.016151, 5.309044, 4.494453, 3.501553, 2.15246]"
AS-ABMO,cantilever,2026,1.339965806348219,0.0,15030,"[6.022554, 5.308863, 4.49168, 3.507529, 2.143186]"
AS-ABMO,cantilever,2027,1.3399646773085254,0.0,15030,"[6.021835, 5.316689, 4.493127, 3.488354, 2.153788]"
AS-ABMO,cantilever,2028,1.33997231448747,0.0,15030,"[6.028658, 5.311564, 4.474836, 3.501118, 2.157738]"
AS-ABMO,cantilever,2029,1.339958739547747,0.0,15030,"[6.011536, 5.313035, 4.492465, 3.506131, 2.150531]"
AS-ABMO,cantilever,2030,1.3399610976680743,0.0,15030,"[6.02247, 5.308646, 4.492294, 3.493237, 2.157089]"
AS-ABMO,cantilever,2031,1.340002201872882,0.0,15030,"[5.98415, 5.308571, 4.517953, 3.515545, 2.148176]"
AS-ABMO,cantilever,2032,1.33996648086597,0.0,15030,"[6.009628, 5.316507, 4.485592, 3.503066, 2.159029]"
AS-ABMO,cantilever,2033,1.3399662919489326,0.0,15030,"[6.006318, 5.306103, 4.509577, 3.50355, 2.14827]"
AS-ABMO,cantilever,2034,1.3399655988966974,0.0,15030,"[6.00396, 5.317253, 4.5037, 3.497028, 2.151868]"
AS-ABMO,cantilever,2035,1.3399658490860276,0.0,15030,"[6.024069, 5.297369, 4.501891, 3.493886, 2.156597]"
AS-ABMO,cantilever,2036,1.3399916458826149,0.0,15030,"[6.001897, 5.332252, 4.498731, 3.502358, 2.138988]"
AS-ABMO,cantilever,2037,1.3399581938008494,0.0,15030,"[6.010303, 5.31518, 4.493953, 3.501208, 2.153045]"
AS-ABMO,cantilever,2038,1.3399647143011062,0.0,15030,"[6.023696, 5.295116, 4.493593, 3.502255, 2.159134]"
AS-ABMO,cantilever,2039,1.339977060300779,0.0,15030,"[6.009472, 5.323543, 4.475883, 3.509617, 2.155476]"
AS-ABMO,cantilever,2040,1.339978522068968,0.0,15030,"[5.995095, 5.311184, 4.509789, 3.505787, 2.152159]"
AS-ABMO,cantilever,2041,1.339990800876908,0.0,15030,"[6.043984, 5.289173, 4.491328, 3.489681, 2.160045]"
AS-ABMO,cantilever,2042,1.3399631253803845,0.0,15030,"[6.018996, 5.309693, 4.482397, 3.507438, 2.155244]"
AS-ABMO,cantilever,2043,1.3399910735602898,0.0,15030,"[6.035065, 5.326684, 4.483991, 3.490588, 2.137888]"
AS-ABMO,cantilever,2044,1.3399680108014134,0.0,15030,"[6.010488, 5.322461, 4.494563, 3.489672, 2.156663]"
AS-ABMO,cantilever,2045,1.3399993953621734,0.0,15030,"[6.042853, 5.305173, 4.477976, 3.512127, 2.13622]"
AS-ABMO,cantilever,2046,1.339967756556182,0.0,15030,"[6.014021, 5.300125, 4.504689, 3.510195, 2.144812]"
AS-ABMO,cantilever,2047,1.339974272143046,0.0,15030,"[6.009923, 5.305187, 4.489464, 3.513744, 2.155628]"
AS-ABMO,cantilever,2048,1.33997269273011,0.0,15030,"[6.008511, 5.303577, 4.498479, 3.516479, 2.146875]"
AS-ABMO,cantilever,2049,1.3399597682052435,0.0,15030,"[6.021768, 5.305609, 4.497007, 3.494679, 2.154652]"
AS-ABMO,cantilever,2050,1.339960461403674,0.0,15030,"[6.010023, 5.316308, 4.497948, 3.49844, 2.151006]"
AS-ABMO,cantilever,2051,1.3399699946770758,0.0,15030,"[6.037228, 5.29991, 4.486689, 3.49883, 2.151222]"
AS-ABMO,cantilever,2052,1.3399595055989448,0.0,15030,"[6.020531, 5.302817, 4.493571, 3.499075, 2.157717]"
AS-ABMO,cantilever,2053,1.3399643355693647,0.0,15030,"[6.022316, 5.294982, 4.498986, 3.500145, 2.15736]"
AS-ABMO,cantilever,2054,1.3399691692121378,0.0,15030,"[6.017807, 5.3251, 4.481834, 3.494254, 2.154871]"
AS-ABMO,cantilever,2055,1.3399795861839507,0.0,15030,"[6.033436, 5.303243, 4.485062, 3.488415, 2.163876]"
GWO,cantilever,2026,1.3402264970573876,0.0,15030,"[6.02194, 5.319003, 4.424169, 3.515442, 2.197435]"
GWO,cantilever,2027,1.3400686074193862,0.0,15030,"[5.978103, 5.29605, 4.510992, 3.53898, 2.151334]"
GWO,cantilever,2028,1.3400453416078386,0.0,15030,"[6.006628, 5.285418, 4.523578, 3.514841, 2.14462]"
GWO,cantilever,2029,1.3400294577460923,0.0,15030,"[6.045413, 5.302405, 4.500231, 3.492421, 2.134361]"
GWO,cantilever,2030,1.340048032867973,0.0,15030,"[6.033753, 5.308895, 4.452379, 3.517267, 2.162835]"
GWO,cantilever,2031,1.3400069645738897,0.0,15030,"[6.029096, 5.282056, 4.498605, 3.519154, 2.14556]"
GWO,cantilever,2032,1.3400235614788234,0.0,15030,"[6.023986, 5.269881, 4.507707, 3.512146, 2.161018]"
GWO,cantilever,2033,1.3400706837453402,0.0,15030,"[6.006218, 5.280588, 4.496398, 3.509186, 2.183102]"
GWO,cantilever,2034,1.3400138982019056,0.0,15030,"[6.010671, 5.322282, 4.466956, 3.50668, 2.167992]"
GWO,cantilever,2035,1.340192107203957,0.0,15030,"[6.050967, 5.366691, 4.451852, 3.45462, 2.153307]"
GWO,cantilever,2036,1.340414150035853,0.0,15030,"[6.077243, 5.286181, 4.523336, 3.50369, 2.090547]"
GWO,cantilever,2037,1.3399733956126723,0.0,15030,"[6.021321, 5.30959, 4.484252, 3.515844, 2.142926]"
GWO,cantilever,2038,1.3401699342298021,0.0,15030,"[6.036766, 5.373363, 4.455589, 3.486685, 2.124679]"
GWO,cantilever,2039,1.3401061754490053,0.0,15030,"[6.010123, 5.304178, 4.50967, 3.462514, 2.189576]"
GWO,cantilever,2040,1.3400965244064589,0.0,15030,"[6.014802, 5.365464, 4.481062, 3.491461, 2.123116]"
GWO,cantilever,2041,1.340030646296374,0.0,15030,"[6.019434, 5.324248, 4.512, 3.494948, 2.12422]"
GWO,cantilever,2042,1.3400782417832389,0.0,15030,"[6.061005, 5.292565, 4.478629, 3.519632, 2.123783]"
GWO,cantilever,2043,1.3400095559395455,0.0,15030,"[6.010102, 5.315499, 4.471596, 3.501844, 2.175472]"
GWO,cantilever,2044,1.3400397747790032,0.0,15030,"[6.036714, 5.272293, 4.491259, 3.518738, 2.155993]"
GWO,cantilever,2045,1.3399956422821249,0.0,15030,"[6.010876, 5.31186, 4.503393, 3.480246, 2.167915]"
GWO,cantilever,2046,1.340060182336008,0.0,15030,"[6.057176, 5.303474, 4.491267, 3.49292, 2.130487]"
GWO,cantilever,2047,1.3399918685340244,0.0,15030,"[6.007707, 5.304965, 4.507949, 3.503065, 2.150543]"
GWO,cantilever,2048,1.340145190410372,0.0,15030,"[6.02536, 5.337781, 4.491372, 3.519524, 2.102649]"
GWO,cantilever,2049,1.3400381540852284,0.0,15030,"[6.024171, 5.339792, 4.46288, 3.515278, 2.13285]"
GWO,cantilever,2050,1.3401203991765025,0.0,15030,"[6.046889, 5.323229, 4.516746, 3.467546, 2.121878]"
GWO,cantilever,2051,1.3407633156761938,0.0,15030,"[5.974081, 5.339361, 4.435015, 3.623817, 2.114318]"
GWO,cantilever,2052,1.3402096779661816,0.0,15030,"[5.976459, 5.388318, 4.493338, 3.500284, 2.119321]"
GWO,cantilever,2053,1.34038978332388,0.0,15030,"[6.005941, 5.298752, 4.597434, 3.460124, 2.118354]"
GWO,cantilever,2054,1.340043897476306,0.0,15030,"[6.021546, 5.341735, 4.451583, 3.508805, 2.151394]"
GWO,cantilever,2055,1.3404985508458518,0.0,15030,"[6.067917, 5.199442, 4.478725, 3.548111, 2.188155]"
WOA,cantilever,2026,2.4887493539401997,0.0,15030,"[4.096764, 13.594075, 12.597812, 4.413745, 5.181408]"
WOA,cantilever,2027,2.568882955368005,0.0,15030,"[5.757047, 14.651032, 14.837857, 4.734286, 1.187774]"
WOA,cantilever,2028,3.5666058369985283,0.0,15030,"[6.188305, 4.849332, 3.572933, 16.632531, 25.914044]"
WOA,cantilever,2029,4.031277677996697,0.0,15030,"[15.614136, 11.269762, 2.707939, 18.78233, 16.229642]"
WOA,cantilever,2030,3.0253995319184526,0.0,15030,"[4.419697, 18.465228, 4.071705, 15.298397, 6.228939]"
WOA,cantilever,2031,2.2911382015345776,0.0,15030,"[10.302121, 3.608699, 15.073091, 5.663457, 2.06959]"
WOA,cantilever,2032,4.6992941978763385,0.0,15030,"[8.17223, 3.469809, 25.408949, 28.500362, 9.757852]"
WOA,cantilever,2033,1.9203864925111274,0.0,15030,"[6.503856, 5.323395, 3.328444, 7.625378, 7.994351]"
WOA,cantilever,2034,1.4514947249665557,0.0,15030,"[5.175798, 5.551237, 4.177077, 4.944541, 3.41248]"
WOA,cantilever,2035,1.4734400361194542,0.0,15030,"[7.098744, 4.422552, 4.990671, 3.107956, 3.992898]"
WOA,cantilever,2036,1.7398770358753832,0.0,15030,"[8.685637, 5.803515, 3.21414, 8.219269, 1.960084]"
WOA,cantilever,2037,1.3563876679797955,0.0,15030,"[5.736425, 5.615899, 4.126857, 3.708322, 2.54948]"
WOA,cantilever,2038,2.803147769246342,0.0,15030,"[25.654116, 4.198201, 8.730214, 2.49597, 3.843738]"
WOA,cantilever,2039,1.8081460201310458,0.0,15030,"[14.226461, 5.526561, 4.929218, 2.665252, 1.629207]"
WOA,cantilever,2040,2.4107887749910604,0.0,15030,"[4.072997, 14.15358, 7.456096, 5.816722, 7.13504]"
WOA,cantilever,2041,2.161854933194807,0.0,15030,"[5.160643, 5.195568, 4.054746, 14.380471, 5.853683]"
WOA,cantilever,2042,3.064336324688135,0.0,15030,"[8.896277, 3.718881, 4.629822, 14.428508, 17.434466]"
WOA,cantilever,2043,3.690762525041451,0.0,15030,"[5.491824, 14.022035, 3.135909, 14.9844, 21.512667]"
WOA,cantilever,2044,2.2566676084565924,0.0,15030,"[5.943856, 12.489567, 3.100238, 5.134094, 9.49679]"
WOA,cantilever,2045,2.267597537889193,0.0,15030,"[11.311833, 16.458605, 4.07164, 3.196226, 1.301401]"
WOA,cantilever,2046,2.6185079013392705,0.0,15030,"[4.32227, 18.695073, 11.605033, 5.591248, 1.749643]"
WOA,cantilever,2047,4.437580717390068,0.0,15030,"[9.658804, 10.552533, 22.887694, 26.97987, 1.036176]"
WOA,cantilever,2048,4.923490635826382,0.0,15030,"[24.658075, 4.233762, 21.351908, 2.399993, 26.258356]"
WOA,cantilever,2049,1.6414360805087036,0.0,15030,"[5.544424, 4.430762, 5.108541, 4.62556, 6.595778]"
WOA,cantilever,2050,2.2002997998234126,0.0,15030,"[4.246975, 8.244277, 6.082111, 5.107045, 11.580806]"
WOA,cantilever,2051,1.8434492753428977,0.0,15030,"[5.877575, 4.169018, 6.066076, 11.267682, 2.162106]"
WOA,cantilever,2052,2.827899212800494,0.0,15030,"[4.070124, 7.837252, 15.294843, 8.343535, 9.773145]"
WOA,cantilever,2053,3.465505260703099,0.0,15030,"[20.774297, 5.868816, 3.976395, 23.663697, 1.253739]"
WOA,cantilever,2054,4.650680277960649,0.0,15030,"[3.978833, 11.362707, 15.409174, 18.494907, 25.284512]"
WOA,cantilever,2055,3.3176241533275723,0.0,15030,"[5.354823, 31.800404, 3.277426, 4.891901, 7.842499]"
SCA,cantilever,2026,1.3533330181963958,0.0,15030,"[5.781657, 5.329383, 4.356287, 4.029487, 2.191215]"
SCA,cantilever,2027,1.3912732250049178,0.0,15030,"[6.298292, 5.366748, 4.466104, 4.150273, 2.014628]"
SCA,cantilever,2028,1.459644890007637,0.0,15030,"[7.878718, 5.920509, 4.037184, 3.109487, 2.445847]"
SCA,cantilever,2029,1.4509143016803772,0.0,15030,"[6.320783, 6.690893, 5.303295, 2.75475, 2.182111]"
SCA,cantilever,2030,1.453781232696679,0.0,15030,"[5.658819, 5.49595, 6.515275, 3.965726, 1.662005]"
SCA,cantilever,2031,1.441519447050315,0.0,15030,"[8.361919, 4.96055, 4.798278, 3.338855, 1.641672]"
SCA,cantilever,2032,1.375945252003314,0.0,15030,"[6.831985, 5.447538, 4.333426, 3.539729, 1.897727]"
SCA,cantilever,2033,1.451102718819174,0.0,15030,"[5.753954, 7.90635, 4.099556, 2.972056, 2.522934]"
SCA,cantilever,2034,1.436270869837321,0.0,15030,"[5.983058, 5.064998, 5.821725, 2.870569, 3.276811]"
SCA,cantilever,2035,1.411626514417497,0.0,15030,"[6.551755, 5.063604, 4.902263, 3.89581, 2.208788]"
SCA,cantilever,2036,1.3929109192661475,0.0,15030,"[5.635206, 6.160616, 4.674285, 4.173232, 1.678951]"
SCA,cantilever,2037,1.4946066713713488,0.0,15030,"[6.974497, 5.31969, 3.68366, 4.356971, 3.617212]"
SCA,cantilever,2038,1.4023049890938588,0.0,15030,"[6.481295, 6.496764, 4.058606, 3.047649, 2.388522]"
SCA,cantilever,2039,1.4221729732447284,0.0,15030,"[5.709828, 5.498214, 5.822186, 4.120426, 1.640578]"
SCA,cantilever,2040,1.4015304508558826,0.0,15030,"[6.261323, 5.137493, 5.507782, 3.113106, 2.440721]"
SCA,cantilever,2041,1.4469657119822181,0.0,15030,"[7.315882, 4.490692, 5.015505, 4.430901, 1.935573]"
SCA,cantilever,2042,1.3853927424460124,0.0,15030,"[5.573809, 6.70911, 4.082372, 3.566696, 2.26982]"
SCA,cantilever,2043,1.3596791724019148,0.0,15030,"[6.440448, 5.462588, 4.693932, 3.092638, 2.100124]"
SCA,cantilever,2044,1.382383316800046,0.0,15030,"[5.834972, 5.847162, 5.46193, 3.105805, 1.90371]"
SCA,cantilever,2045,1.431080030057104,0.0,15030,"[6.723026, 5.18138, 5.519408, 3.49045, 2.019712]"
SCA,cantilever,2046,1.4341697553259065,0.0,15030,"[5.985167, 5.628482, 5.208033, 4.550082, 1.611726]"
SCA,cantilever,2047,1.417188612993574,0.0,15030,"[5.252705, 4.844979, 5.398692, 4.197626, 3.017353]"
SCA,cantilever,2048,1.475728754395122,0.0,15030,"[5.003213, 6.541105, 4.604955, 4.728317, 2.771908]"
SCA,cantilever,2049,1.438620546704882,0.0,15030,"[6.528145, 6.210398, 3.639876, 4.718795, 1.957603]"
SCA,cantilever,2050,1.3959894325029711,0.0,15030,"[6.805173, 4.364037, 4.912124, 3.780567, 2.509724]"
SCA,cantilever,2051,1.4493476016175098,0.0,15030,"[5.017853, 5.25265, 5.133351, 5.391737, 2.431134]"
SCA,cantilever,2052,1.380285242336341,0.0,15030,"[5.619187, 5.400961, 4.362533, 3.739349, 2.997925]"
SCA,cantilever,2053,1.3930094613828476,0.0,15030,"[7.259477, 4.799, 4.34884, 3.246877, 2.669676]"
SCA,cantilever,2054,1.4167708424060586,0.0,15030,"[6.459684, 4.818072, 5.816145, 3.64939, 1.96137]"
SCA,cantilever,2055,1.4156186632217767,0.0,15030,"[6.026051, 5.998598, 3.76489, 3.7598, 3.136857]"
HHO,cantilever,2026,1.4600135965609444,0.0,15029,"[5.458907, 5.053108, 4.449429, 6.234269, 2.20194]"
HHO,cantilever,2027,1.4118002485505825,0.0,15030,"[5.092033, 6.729208, 4.915228, 3.26448, 2.624055]"
HHO,cantilever,2028,1.5908262144541645,0.0,15030,"[5.990169, 4.776444, 4.020393, 4.435299, 6.271705]"
HHO,cantilever,2029,1.595709694129627,0.0,15030,"[6.695658, 5.270928, 3.391503, 5.227314, 4.986868]"
HHO,cantilever,2030,1.4797408485604557,0.0,15029,"[5.341676, 4.7656, 4.97172, 4.245322, 4.389477]"
HHO,cantilever,2031,1.7131711825809826,0.0,15029,"[6.216407, 4.854923, 3.655111, 9.30639, 3.421836]"
HHO,cantilever,2032,1.491476577369064,0.0,15029,"[5.102892, 5.439262, 4.253161, 5.404796, 3.701756]"
HHO,cantilever,2033,1.5947490296812779,0.0,15029,"[5.633317, 5.309877, 3.700369, 6.817997, 4.095316]"
HHO,cantilever,2034,1.4982335791188752,0.0,15029,"[6.703224, 4.045533, 4.963959, 5.143555, 3.153883]"
HHO,cantilever,2035,1.4645508907353961,0.0,15030,"[5.864429, 5.988164, 3.664694, 3.826292, 4.126789]"
HHO,cantilever,2036,1.465598461273364,0.0,15029,"[6.205578, 4.768062, 3.891406, 4.808995, 3.813114]"
HHO,cantilever,2037,1.5149971695598272,0.0,15030,"[6.469795, 4.045228, 6.789329, 3.855604, 3.118844]"
HHO,cantilever,2038,1.5558530254805354,0.0,15029,"[9.845806, 4.115483, 4.328546, 4.404691, 2.239016]"
HHO,cantilever,2039,1.6829984934087272,0.0,15030,"[11.806288, 4.016327, 4.715515, 4.470328, 1.962672]"
HHO,cantilever,2040,1.497010083193746,0.0,15029,"[7.790762, 5.023254, 3.657528, 3.411244, 4.107758]"
HHO,cantilever,2041,1.5245975658336184,0.0,15030,"[5.514608, 4.396461, 5.264758, 4.933933, 4.322893]"
HHO,cantilever,2042,1.4944657909487122,0.0,15029,"[5.693095, 5.060376, 4.319005, 3.675778, 5.201519]"
HHO,cantilever,2043,1.4575530110021186,0.0,15029,"[5.138115, 6.867313, 4.020377, 5.111222, 2.221195]"
HHO,cantilever,2044,1.9519006820789144,0.0,15030,"[5.449252, 10.677571, 3.281223, 5.141083, 6.731331]"
HHO,cantilever,2045,1.5850799005541916,0.0,15030,"[5.676025, 6.083729, 3.592697, 4.316, 5.733471]"
HHO,cantilever,2046,1.357792665902037,0.0,15029,"[5.78916, 5.257755, 4.437281, 3.462508, 2.812794]"
HHO,cantilever,2047,1.4762684485132036,0.0,15030,"[5.649717, 5.126921, 6.29519, 2.885848, 3.700472]"
HHO,cantilever,2048,1.432017600242187,0.0,15029,"[4.940658, 6.342675, 4.451934, 4.788728, 2.425006]"
HHO,cantilever,2049,1.4468807114986952,0.0,15030,"[6.734744, 4.260213, 4.41839, 4.880997, 2.892847]"
HHO,cantilever,2050,1.5913833808279032,0.0,15029,"[6.529608, 4.76852, 3.692578, 7.745608, 2.766625]"
HHO,cantilever,2051,1.4411033571770586,0.0,15029,"[4.995576, 5.254551, 5.186375, 4.18284, 3.475263]"
HHO,cantilever,2052,1.4389589643020264,0.0,15030,"[4.930381, 5.360895, 5.995415, 4.51287, 2.260678]"
HHO,cantilever,2053,1.780633248132458,0.0,15030,"[5.863126, 4.384246, 4.61074, 4.806884, 8.870793]"
HHO,cantilever,2054,1.6389069841497645,0.0,15030,"[5.024308, 7.377835, 3.965296, 3.905271, 5.991826]"
HHO,cantilever,2055,1.5668979243123735,0.0,15030,"[5.793592, 7.35227, 3.527941, 3.586325, 4.850416]"
EAO,clutch,2026,0.3308097064230052,0.0,15030,"[60.0, 90.0, 1.0, 600.0, 2.0]"
EAO,clutch,2027,0.3308097064230052,0.0,15030,"[60.0, 90.0, 1.0, 600.0, 2.0]"
EAO,clutch,2028,0.2352424579008037,0.0,15030,"[69.97436, 90.0, 1.0, 914.974692, 2.0]"
EAO,clutch,2029,0.3308097064230052,0.0,15030,"[60.0, 90.0, 1.0, 600.0, 2.0]"
EAO,clutch,2030,0.3308097064230052,0.0,15030,"[60.0, 90.0, 1.0, 600.0, 2.0]"
EAO,clutch,2031,0.2352424579008037,0.0,15030,"[70.318983, 90.482137, 1.0, 600.0, 2.097021]"
EAO,clutch,2032,0.2352424579008037,0.0,15030,"[70.248978, 90.0, 1.0, 600.0, 2.298096]"
EAO,clutch,2033,0.2352424579008037,0.0,15030,"[69.508652, 90.010918, 1.0, 701.152926, 2.0]"
EAO,clutch,2034,0.3308097064230052,0.0,15030,"[60.0, 90.0, 1.0, 600.0, 2.0]"
EAO,clutch,2035,0.2352424579008037,0.0,15030,"[69.518678, 90.308939, 1.0, 697.865306, 2.32991]"
EAO,clutch,2036,0.2352424579008037,0.0,15030,"[69.734785, 90.0, 1.0, 691.203498, 2.0]"
EAO,clutch,2037,0.2352424579008037,0.0,15030,"[69.566351, 90.17311, 1.200578, 749.457997, 2.074603]"
EAO,clutch,2038,0.3308097064230052,0.0,15030,"[60.0, 90.0, 1.0, 600.0, 2.0]"
EAO,clutch,2039,0.3308097064230052,0.0,15030,"[60.0, 90.0, 1.0, 600.0, 2.0]"
EAO,clutch,2040,0.2352424579008037,0.0,15030,"[69.864066, 90.0, 1.384932, 875.326037, 2.0]"
EAO,clutch,2041,0.3308097064230052,0.0,15030,"[60.0, 90.0, 1.0, 600.0, 2.0]"
EAO,clutch,2042,0.3308097064230052,0.0,15030,"[60.0, 90.0, 1.0, 600.0, 2.0]"
EAO,clutch,2043,0.3308097064230052,0.0,15030,"[60.0, 90.0, 1.0, 600.0, 2.0]"
EAO,clutch,2044,0.3308097064230052,0.0,15030,"[60.0, 90.0, 1.0, 600.0, 2.0]"
EAO,clutch,2045,0.3308097064230052,0.0,15030,"[60.0, 90.0, 1.0, 600.0, 2.0]"
EAO,clutch,2046,0.3308097064230052,0.0,15030,"[60.0, 90.0, 1.0, 600.0, 2.0]"
EAO,clutch,2047,0.3308097064230052,0.0,15030,"[60.0, 90.0, 1.0, 600.0, 2.0]"
EAO,clutch,2048,0.2352424579008037,0.0,15030,"[70.024782, 90.0, 1.0, 638.572665, 2.121151]"
EAO,clutch,2049,0.3308097064230052,0.0,15030,"[60.0, 90.0, 1.0, 600.0, 2.0]"
EAO,clutch,2050,0.2352424579008037,0.0,15030,"[69.987324, 90.432314, 1.042669, 633.782098, 2.275834]"
EAO,clutch,2051,0.2352424579008037,0.0,15030,"[69.663287, 90.098465, 1.008515, 645.649476, 2.265113]"
EAO,clutch,2052,0.2352424579008037,0.0,15030,"[70.065321, 90.0, 1.066311, 705.078022, 2.0]"
EAO,clutch,2053,0.3308097064230052,0.0,15030,"[60.0, 90.0, 1.0, 600.0, 2.0]"
EAO,clutch,2054,0.2352424579008037,0.0,15030,"[70.12367, 90.310641, 1.009175, 908.474995, 2.0]"
EAO,clutch,2055,0.3308097064230052,0.0,15030,"[60.0, 90.0, 1.0, 600.0, 2.0]"
RS-EAO,clutch,2026,0.2352424579008037,0.0,15030,"[69.61346, 90.172873, 1.204049, 612.443561, 2.498021]"
RS-EAO,clutch,2027,0.2352424579008037,0.0,15030,"[69.703935, 90.0, 1.0, 605.276212, 2.0]"
RS-EAO,clutch,2028,0.2352424579008037,0.0,15030,"[70.247688, 90.0, 1.068042, 644.879178, 2.0]"
RS-EAO,clutch,2029,0.2352424579008037,0.0,15030,"[69.879627, 90.181947, 1.102358, 620.119773, 2.1172]"
RS-EAO,clutch,2030,0.2352424579008037,0.0,15030,"[70.342532, 90.435895, 1.0, 600.0, 2.0]"
RS-EAO,clutch,2031,0.2352424579008037,0.0,15030,"[70.407551, 90.395767, 1.18424, 713.302685, 2.322421]"
RS-EAO,clutch,2032,0.2352424579008037,0.0,15030,"[69.639906, 90.0, 1.374742, 600.0, 2.129781]"
RS-EAO,clutch,2033,0.2352424579008037,0.0,15030,"[69.968609, 90.0, 1.044192, 774.471701, 2.0]"
RS-EAO,clutch,2034,0.2352424579008037,0.0,15030,"[69.79976, 90.379174, 1.338226, 726.149202, 2.0]"
RS-EAO,clutch,2035,0.2352424579008037,0.0,15030,"[70.202381, 90.0, 1.002331, 725.94288, 2.0]"
RS-EAO,clutch,2036,0.2352424579008037,0.0,15030,"[69.537522, 90.0, 1.0, 600.0, 2.0]"
RS-EAO,clutch,2037,0.2352424579008037,0.0,15030,"[69.550771, 90.387067, 1.262367, 680.889155, 2.202639]"
RS-EAO,clutch,2038,0.2352424579008037,0.0,15030,"[69.710281, 90.0, 1.001393, 600.0, 2.101067]"
RS-EAO,clutch,2039,0.2352424579008037,0.0,15030,"[69.978027, 90.260247, 1.0, 627.245078, 2.283594]"
RS-EAO,clutch,2040,0.2352424579008037,0.0,15030,"[70.390726, 90.0, 1.0, 600.0, 2.0]"
RS-EAO,clutch,2041,0.2352424579008037,0.0,15030,"[69.59497, 90.0, 1.0, 600.560897, 2.390454]"
RS-EAO,clutch,2042,0.2352424579008037,0.0,15030,"[70.089408, 90.452539, 1.001616, 783.584929, 2.012018]"
RS-EAO,clutch,2043,0.2352424579008037,0.0,15030,"[70.23987, 90.379186, 1.167322, 867.983864, 2.021856]"
RS-EAO,clutch,2044,0.2352424579008037,0.0,15030,"[69.85115, 90.0, 1.003834, 740.83642, 2.005263]"
RS-EAO,clutch,2045,0.2352424579008037,0.0,15030,"[69.564687, 90.276544, 1.435923, 713.417173, 2.0]"
RS-EAO,clutch,2046,0.2352424579008037,0.0,15030,"[69.837347, 90.139556, 1.02366, 616.105839, 2.0]"
RS-EAO,clutch,2047,0.2352424579008037,0.0,15030,"[69.92845, 90.476373, 1.392582, 637.866385, 2.007747]"
RS-EAO,clutch,2048,0.2352424579008037,0.0,15030,"[69.515195, 90.404487, 1.182952, 767.313284, 2.085383]"
RS-EAO,clutch,2049,0.2352424579008037,0.0,15030,"[70.236704, 90.070591, 1.381933, 600.827753, 2.167144]"
RS-EAO,clutch,2050,0.2352424579008037,0.0,15030,"[69.87974, 90.223043, 1.0, 886.234583, 2.135073]"
RS-EAO,clutch,2051,0.2352424579008037,0.0,15030,"[69.578796, 90.153471, 1.0, 636.966151, 2.151368]"
RS-EAO,clutch,2052,0.2352424579008037,0.0,15030,"[69.7435, 90.0, 1.379289, 780.684934, 2.0]"
RS-EAO,clutch,2053,0.2352424579008037,0.0,15030,"[69.508014, 90.482939, 1.0, 908.784087, 2.0]"
RS-EAO,clutch,2054,0.2352424579008037,0.0,15030,"[70.379299, 90.372319, 1.441015, 890.691656, 2.0]"
RS-EAO,clutch,2055,0.2352424579008037,0.0,15030,"[69.591955, 90.0, 1.0, 600.0, 2.0]"
AS-ABMO,clutch,2026,0.2352424579008037,0.0,15030,"[70.0, 90.0, 1.0, 681.326306, 2.0]"
AS-ABMO,clutch,2027,0.2352424579008037,0.0,15030,"[70.0, 90.0, 1.0, 774.944728, 2.0]"
AS-ABMO,clutch,2028,0.2352424579008037,0.0,15030,"[70.0, 90.0, 1.0, 600.0, 2.0]"
AS-ABMO,clutch,2029,0.2352424579008037,0.0,15030,"[70.0, 90.0, 1.0, 749.864961, 2.0]"
AS-ABMO,clutch,2030,0.2352424579008037,0.0,15030,"[70.0, 90.0, 1.0, 618.488934, 2.0]"
AS-ABMO,clutch,2031,0.2352424579008037,0.0,15030,"[70.0, 90.0, 1.0, 600.0, 2.0]"
AS-ABMO,clutch,2032,0.2352424579008037,0.0,15030,"[70.0, 90.0, 1.0, 972.820209, 2.0]"
AS-ABMO,clutch,2033,0.2352424579008037,0.0,15030,"[70.0, 90.0, 1.0, 600.0, 2.0]"
AS-ABMO,clutch,2034,0.2352424579008037,0.0,15030,"[70.0, 90.0, 1.0, 634.709361, 2.0]"
AS-ABMO,clutch,2035,0.2352424579008037,0.0,15030,"[70.0, 90.0, 1.0, 635.640911, 2.0]"
AS-ABMO,clutch,2036,0.2352424579008037,0.0,15030,"[70.0, 90.0, 1.0, 699.872267, 2.0]"
AS-ABMO,clutch,2037,0.2352424579008037,0.0,15030,"[70.0, 90.0, 1.0, 630.353754, 2.0]"
AS-ABMO,clutch,2038,0.2352424579008037,0.0,15030,"[70.0, 90.0, 1.0, 1000.0, 2.0]"
AS-ABMO,clutch,2039,0.2352424579008037,0.0,15030,"[70.0, 90.0, 1.0, 931.913804, 2.0]"
AS-ABMO,clutch,2040,0.2352424579008037,0.0,15030,"[70.0, 90.0, 1.0, 603.343008, 2.0]"
AS-ABMO,clutch,2041,0.2352424579008037,0.0,15030,"[70.0, 90.0, 1.0, 935.942591, 2.0]"
AS-ABMO,clutch,2042,0.2352424579008037,0.0,15030,"[70.0, 90.0, 1.0, 884.936182, 2.0]"
AS-ABMO,clutch,2043,0.2352424579008037,0.0,15030,"[70.0, 90.0, 1.0, 709.379346, 2.0]"
AS-ABMO,clutch,2044,0.2352424579008037,0.0,15030,"[70.0, 90.0, 1.0, 654.189323, 2.0]"
AS-ABMO,clutch,2045,0.2352424579008037,0.0,15030,"[70.0, 90.0, 1.0, 682.810876, 2.0]"
AS-ABMO,clutch,2046,0.2352424579008037,0.0,15030,"[70.0, 90.0, 1.0, 616.54755, 2.0]"
AS-ABMO,clutch,2047,0.2352424579008037,0.0,15030,"[70.0, 90.0, 1.0, 1000.0, 2.0]"
AS-ABMO,clutch,2048,0.2352424579008037,0.0,15030,"[70.0, 90.0, 1.0, 870.476197, 2.0]"
AS-ABMO,clutch,2049,0.2352424579008037,0.0,15030,"[70.0, 90.0, 1.0, 847.29873, 2.0]"
AS-ABMO,clutch,2050,0.2352424579008037,0.0,15030,"[70.0, 90.0, 1.0, 1000.0, 2.0]"
AS-ABMO,clutch,2051,0.2352424579008037,0.0,15030,"[70.0, 90.0, 1.0, 649.852807, 2.0]"
AS-ABMO,clutch,2052,0.2352424579008037,0.0,15030,"[70.0, 90.0, 1.0, 772.147006, 2.0]"
AS-ABMO,clutch,2053,0.2352424579008037,0.0,15030,"[70.0, 90.0, 1.0, 811.535717, 2.0]"
AS-ABMO,clutch,2054,0.2352424579008037,0.0,15030,"[70.0, 90.0, 1.0, 667.416498, 2.0]"
AS-ABMO,clutch,2055,0.2352424579008037,0.0,15030,"[70.0, 90.0, 1.0, 881.640748, 2.0]"
GWO,clutch,2026,0.2352424579008037,0.0,15030,"[70.046099, 90.0, 1.0, 1000.0, 2.104259]"
GWO,clutch,2027,0.2352424579008037,0.0,15030,"[70.425502, 90.0, 1.343596, 644.166969, 2.0]"
GWO,clutch,2028,0.2352424579008037,0.0,15030,"[70.416292, 90.0, 1.0, 1000.0, 2.035438]"
GWO,clutch,2029,0.2352424579008037,0.0,15030,"[70.431293, 90.0, 1.0, 1000.0, 2.0]"
GWO,clutch,2030,0.2352424579008037,0.0,15030,"[69.922895, 90.0, 1.006545, 615.007769, 2.042312]"
GWO,clutch,2031,0.2352424579008037,0.0,15030,"[70.00819, 90.0, 1.0, 1000.0, 2.0]"
GWO,clutch,2032,0.2352424579008037,0.0,15030,"[69.748866, 90.0, 1.286702, 1000.0, 2.0]"
GWO,clutch,2033,0.2352424579008037,0.0,15030,"[70.449933, 90.0, 1.0, 600.0, 2.0]"
GWO,clutch,2034,0.2352424579008037,0.0,15030,"[69.745892, 90.0, 1.0, 1000.0, 2.0]"
GWO,clutch,2035,0.2352424579008037,0.0,15030,"[70.068741, 90.0, 1.0, 983.996039, 2.0]"
GWO,clutch,2036,0.2352424579008037,0.0,15030,"[70.164387, 90.0, 1.456898, 929.763137, 2.0]"
GWO,clutch,2037,0.2352424579008037,0.0,15030,"[69.708339, 90.0, 1.429832, 800.343999, 2.0]"
GWO,clutch,2038,0.2352424579008037,0.0,15030,"[70.216091, 90.0, 1.0, 713.928108, 2.37687]"
GWO,clutch,2039,0.2352424579008037,0.0,15030,"[70.274249, 90.0, 1.217461, 678.994256, 2.0]"
GWO,clutch,2040,0.2352424579008037,0.0,15030,"[69.758802, 90.0, 1.0, 1000.0, 2.254509]"
GWO,clutch,2041,0.2352424579008037,0.0,15030,"[70.023929, 90.0, 1.0715, 647.214977, 2.0]"
GWO,clutch,2042,0.2352424579008037,0.0,15030,"[69.992623, 90.0, 1.0, 900.365681, 2.0]"
GWO,clutch,2043,0.2352424579008037,0.0,15030,"[69.644243, 90.0, 1.039804, 1000.0, 2.0]"
GWO,clutch,2044,0.2352424579008037,0.0,15030,"[69.679682, 90.0, 1.0, 600.0, 2.113674]"
GWO,clutch,2045,0.2352424579008037,0.0,15030,"[69.570258, 90.0, 1.0, 600.0, 2.0]"
GWO,clutch,2046,0.2352424579008037,0.0,15030,"[69.684665, 90.0, 1.053489, 600.0, 2.0]"
GWO,clutch,2047,0.2352424579008037,0.0,15030,"[70.050209, 90.0, 1.0, 1000.0, 2.332563]"
GWO,clutch,2048,0.2352424579008037,0.0,15030,"[70.218486, 90.0, 1.409202, 1000.0, 2.0]"
GWO,clutch,2049,0.2352424579008037,0.0,15030,"[70.385795, 90.0, 1.260513, 1000.0, 2.0]"
GWO,clutch,2050,0.2352424579008037,0.0,15030,"[70.034444, 90.0, 1.0, 600.0, 2.0]"
GWO,clutch,2051,0.2352424579008037,0.0,15030,"[70.405551, 90.0, 1.372794, 610.32235, 2.277402]"
GWO,clutch,2052,0.2352424579008037,0.0,15030,"[69.905265, 90.0, 1.0, 600.0, 2.0]"
GWO,clutch,2053,0.2352424579008037,0.0,15030,"[69.545567, 90.0, 1.111603, 1000.0, 2.294947]"
GWO,clutch,2054,0.2352424579008037,0.0,15030,"[70.306664, 90.0, 1.365242, 600.0, 2.242621]"
GWO,clutch,2055,0.2352424579008037,0.0,15030,"[70.474036, 90.0, 1.248439, 600.0, 2.398366]"
WOA,clutch,2026,0.2352424579008037,0.0,15030,"[70.08421, 90.0, 1.0, 703.020731, 2.06398]"
WOA,clutch,2027,0.2352424579008037,0.0,15030,"[69.905612, 90.29216, 1.0, 620.856949, 2.0]"
WOA,clutch,2028,0.2352424579008037,0.0,15030,"[70.253514, 90.301815, 1.0, 600.0, 2.0]"
WOA,clutch,2029,0.2352424579008037,0.0,15030,"[69.790623, 90.0, 1.0, 600.0, 2.0]"
WOA,clutch,2030,0.2352424579008037,0.0,15030,"[70.055054, 90.0, 1.461976, 1000.0, 2.0]"
WOA,clutch,2031,0.2352424579008037,0.0,15030,"[70.098612, 90.0, 1.0, 600.0, 2.0]"
WOA,clutch,2032,0.2352424579008037,0.0,15030,"[69.54944, 90.0, 1.201316, 723.08951, 2.498637]"
WOA,clutch,2033,0.2352424579008037,0.0,15030,"[69.577366, 90.0, 1.0, 839.598935, 2.0]"
WOA,clutch,2034,0.2352424579008037,0.0,15030,"[70.317335, 90.0, 1.0, 771.015421, 2.0]"
WOA,clutch,2035,0.2352424579008037,0.0,15030,"[69.824282, 90.257537, 1.102842, 726.902762, 2.005723]"
WOA,clutch,2036,0.26545641108743817,0.0,15030,"[66.550322, 90.341441, 1.466868, 776.534046, 2.496765]"
WOA,clutch,2037,0.2352424579008037,0.0,15030,"[70.058729, 90.0, 1.0, 730.292003, 2.0]"
WOA,clutch,2038,0.2352424579008037,0.0,15030,"[69.724626, 90.0, 1.171564, 703.503137, 2.266699]"
WOA,clutch,2039,0.28486391386425447,0.0,15030,"[64.966168, 90.0, 1.247806, 600.0, 2.495612]"
WOA,clutch,2040,0.25553211989474806,0.0,15030,"[67.66818, 90.0, 1.145993, 677.686686, 2.485403]"
WOA,clutch,2041,0.2352424579008037,0.0,15030,"[69.588314, 90.265131, 1.35002, 881.312786, 2.034433]"
WOA,clutch,2042,0.2352424579008037,0.0,15030,"[70.210097, 90.0, 1.171715, 717.584262, 2.0]"
WOA,clutch,2043,0.2352424579008037,0.0,15030,"[69.801606, 90.0, 1.298659, 735.640105, 2.0]"
WOA,clutch,2044,0.2352424579008037,0.0,15030,"[70.028234, 90.0, 1.22016, 787.647029, 2.410989]"
WOA,clutch,2045,0.2352424579008037,0.0,15030,"[69.897608, 90.0, 1.0, 600.0, 2.0]"
WOA,clutch,2046,0.2352424579008037,0.0,15030,"[70.129485, 90.0, 1.222627, 733.576181, 2.445254]"
WOA,clutch,2047,0.2352424579008037,0.0,15030,"[69.512217, 90.491446, 1.480654, 888.392445, 2.459581]"
WOA,clutch,2048,0.2352424579008037,0.0,15030,"[69.546783, 90.335387, 1.0, 809.590799, 2.0]"
WOA,clutch,2049,0.2352424579008037,0.0,15030,"[69.677084, 90.0, 1.241791, 696.770838, 2.322569]"
WOA,clutch,2050,0.2352424579008037,0.0,15030,"[70.057676, 90.0, 1.065729, 814.869604, 2.176194]"
WOA,clutch,2051,0.2352424579008037,0.0,15030,"[70.462103, 90.0, 1.0, 600.0, 2.0]"
WOA,clutch,2052,0.2352424579008037,0.0,15030,"[69.968653, 90.0, 1.045024, 639.306773, 2.19413]"
WOA,clutch,2053,0.2352424579008037,0.0,15030,"[69.803079, 90.177765, 1.25963, 771.115794, 2.4858]"
WOA,clutch,2054,0.2352424579008037,0.0,15030,"[70.400907, 90.0, 1.0, 824.784411, 2.093575]"
WOA,clutch,2055,0.2352424579008037,0.0,15030,"[69.727495, 90.0, 1.432659, 728.737137, 2.180295]"
SCA,clutch,2026,0.2352424579008037,0.0,15030,"[69.952636, 90.0, 1.0, 809.416644, 2.0]"
SCA,clutch,2027,0.2352424579008037,0.0,15030,"[70.34381, 90.0, 1.271565, 646.417875, 2.34392]"
SCA,clutch,2028,0.2352424579008037,0.0,15030,"[69.816163, 90.0, 1.0, 1000.0, 2.102609]"
SCA,clutch,2029,0.2352424579008037,0.0,15030,"[70.344095, 90.0, 1.059022, 600.0, 2.0]"
SCA,clutch,2030,0.2352424579008037,0.0,15030,"[69.951226, 90.0, 1.0, 1000.0, 2.0]"
SCA,clutch,2031,0.2352424579008037,0.0,15030,"[69.891607, 90.0, 1.0, 600.0, 2.284212]"
SCA,clutch,2032,0.2352424579008037,0.0,15030,"[69.892111, 90.0, 1.0, 1000.0, 2.087694]"
SCA,clutch,2033,0.2352424579008037,0.0,15030,"[70.38587, 90.0, 1.032036, 762.624717, 2.159688]"
SCA,clutch,2034,0.2352424579008037,0.0,15030,"[69.880648, 90.0, 1.471959, 1000.0, 2.0]"
SCA,clutch,2035,0.2352424579008037,0.0,15030,"[69.528172, 90.0, 1.0, 924.046103, 2.0]"
SCA,clutch,2036,0.2352424579008037,0.0,15030,"[70.135187, 90.0, 1.0, 600.0, 2.0]"
SCA,clutch,2037,0.2352424579008037,0.0,15030,"[69.719571, 90.0, 1.431019, 654.295923, 2.021327]"
SCA,clutch,2038,0.2352424579008037,0.0,15030,"[70.340446, 90.0, 1.0, 600.0, 2.0]"
SCA,clutch,2039,0.2352424579008037,0.0,15030,"[70.395026, 90.0, 1.0, 883.675287, 2.0]"
SCA,clutch,2040,0.2352424579008037,0.0,15030,"[69.868624, 90.0, 1.0, 600.0, 2.162913]"
SCA,clutch,2041,0.2352424579008037,0.0,15030,"[70.08128, 90.0, 1.0, 1000.0, 2.0]"
SCA,clutch,2042,0.2352424579008037,0.0,15030,"[69.892469, 90.0, 1.0, 600.0, 2.0]"
SCA,clutch,2043,0.2352424579008037,0.0,15030,"[70.193011, 90.0, 1.0, 600.0, 2.0]"
SCA,clutch,2044,0.2352424579008037,0.0,15030,"[70.41799, 90.0, 1.0, 984.225937, 2.0]"
SCA,clutch,2045,0.2352424579008037,0.0,15030,"[70.080903, 90.0, 1.0, 606.977745, 2.0]"
SCA,clutch,2046,0.2352424579008037,0.0,15030,"[70.247481, 90.0, 1.0, 600.0, 2.0]"
SCA,clutch,2047,0.2352424579008037,0.0,15030,"[70.352579, 90.0, 1.139595, 600.0, 2.27522]"
SCA,clutch,2048,0.2352424579008037,0.0,15030,"[70.130683, 90.0, 1.0, 1000.0, 2.0]"
SCA,clutch,2049,0.2352424579008037,0.0,15030,"[69.741738, 90.0, 1.0, 1000.0, 2.0]"
SCA,clutch,2050,0.2352424579008037,0.0,15030,"[69.722966, 90.0, 1.316129, 600.0, 2.0]"
SCA,clutch,2051,0.2352424579008037,0.0,15030,"[70.244572, 90.0, 1.0, 1000.0, 2.0]"
SCA,clutch,2052,0.2352424579008037,0.0,15030,"[69.544767, 90.0, 1.0, 1000.0, 2.240683]"
SCA,clutch,2053,0.2352424579008037,0.0,15030,"[70.242237, 90.0, 1.491676, 600.0, 2.079812]"
SCA,clutch,2054,0.2352424579008037,0.0,15030,"[70.05912, 90.0, 1.0, 600.0, 2.0]"
SCA,clutch,2055,0.2352424579008037,0.0,15030,"[70.365369, 90.0, 1.0, 885.351363, 2.050174]"
HHO,clutch,2026,0.3128724690080689,0.0,15029,"[61.513012, 90.001053, 1.0, 600.002419, 2.0]"
HHO,clutch,2027,0.3308097064230052,0.0,15029,"[60.0, 90.0, 1.0, 600.0, 2.0]"
HHO,clutch,2028,0.32191460098363106,0.0,15029,"[60.701236, 90.001547, 1.001496, 600.003446, 2.003942]"
HHO,clutch,2029,0.2352424579008037,0.0,15029,"[69.912634, 90.0, 1.45614, 600.0, 2.0]"
HHO,clutch,2030,0.32191460098363106,0.0,15030,"[60.583113, 90.00004, 1.0, 600.019345, 2.0]"
HHO,clutch,2031,0.32191460098363106,0.0,15030,"[60.678062, 90.0, 1.00745, 600.0, 2.0]"
HHO,clutch,2032,0.2352424579008037,0.0,15030,"[69.534265, 90.487388, 1.33813, 613.325473, 2.010831]"
HHO,clutch,2033,0.2352424579008037,0.0,15030,"[70.235929, 90.261577, 1.002911, 601.745519, 2.005815]"
HHO,clutch,2034,0.3308097064230052,0.0,15029,"[60.0, 90.0, 1.0, 600.0, 2.0]"
HHO,clutch,2035,0.2352424579008037,0.0,15029,"[70.223364, 90.0, 1.0, 600.0, 2.0]"
HHO,clutch,2036,0.2352424579008037,0.0,15029,"[70.445576, 90.0, 1.364969, 774.718511, 2.0]"
HHO,clutch,2037,0.25553211989474806,0.0,15030,"[67.992083, 90.464532, 1.472899, 1000.0, 2.336661]"
HHO,clutch,2038,0.24546080216586988,0.0,15029,"[68.565736, 90.009824, 1.00505, 600.0, 2.0]"
HHO,clutch,2039,0.2352424579008037,0.0,15030,"[70.304873, 90.0, 1.0, 860.707423, 2.0]"
HHO,clutch,2040,0.2352424579008037,0.0,15029,"[69.996116, 90.0, 1.0, 600.0, 2.487274]"
HHO,clutch,2041,0.3308097064230052,0.0,15030,"[60.0, 90.0, 1.0, 600.0, 2.0]"
HHO,clutch,2042,0.3308097064230052,0.0,15030,"[60.0, 90.0, 1.0, 600.0, 2.0]"
HHO,clutch,2043,0.3308097064230052,0.0,15029,"[60.0, 90.0, 1.0, 600.0, 2.0]"
HHO,clutch,2044,0.2352424579008037,0.0,15029,"[69.62938, 90.199961, 1.469773, 995.845378, 2.004444]"
HHO,clutch,2045,0.2352424579008037,0.0,15030,"[70.050943, 90.0, 1.0, 600.0, 2.0]"
HHO,clutch,2046,0.3308097064230052,0.0,15029,"[60.0, 90.0, 1.0, 600.0, 2.0]"
HHO,clutch,2047,0.3308097064230052,0.0,15030,"[60.0, 90.0, 1.0, 600.0, 2.0]"
HHO,clutch,2048,0.2352424579008037,0.0,15029,"[69.760239, 90.0, 1.364653, 909.185853, 2.0]"
HHO,clutch,2049,0.3308097064230052,0.0,15029,"[60.0, 90.0, 1.0, 600.0, 2.0]"
HHO,clutch,2050,0.2352424579008037,0.0,15029,"[70.47657, 90.161166, 1.031814, 768.989549, 2.140542]"
HHO,clutch,2051,0.2352424579008037,0.0,15029,"[70.19363, 90.0, 1.0, 617.004959, 2.261151]"
HHO,clutch,2052,0.32191460098363106,0.0,15029,"[60.634457, 90.0, 1.226236, 600.0, 2.000619]"
HHO,clutch,2053,0.3128724690080689,0.0,15029,"[61.549847, 90.000174, 1.001561, 618.425008, 2.22191]"
HHO,clutch,2054,0.2352424579008037,0.0,15029,"[70.026562, 90.304686, 1.0, 600.0, 2.265537]"
HHO,clutch,2055,0.32191460098363106,0.0,15029,"[60.888442, 90.0, 1.435562, 654.15103, 2.0]"
