function,dim,variant,seed,err,feeds
F12022,10,EAO,1000,1.8974333215737715e-10,0
F12022,10,EAO,1001,7.409539648506325e-09,0
F12022,10,EAO,1002,5.240963218966499e-11,0
F12022,10,EAO,1003,2.8598321932804538e-08,0
F12022,10,EAO,1004,1.0965095498249866e-10,0
F12022,10,EAO,1005,2.4363089323742315e-10,0
F12022,10,EAO,1006,3.070683192163415e-07,0
F12022,10,EAO,1007,7.048583938740194e-12,0
F12022,10,EAO,1008,3.9857176432178676e-05,0
F12022,10,EAO,1009,1.0154718665944529e-06,0
F12022,10,EAO,1010,3.660716174636036e-11,0
F12022,10,EAO,1011,3.75485456061142e-08,0
F12022,10,EAO,1012,8.139977580867708e-11,0
F12022,10,EAO,1013,1.3828201872456702e-07,0
F12022,10,EAO,1014,6.44962483420386e-09,0
F12022,10,EAO,1015,1.7547563402331434e-10,0
F12022,10,EAO,1016,1.4267698134062812e-11,0
F12022,10,EAO,1017,6.432401278289035e-10,0
F12022,10,EAO,1018,6.976279109949246e-09,0
F12022,10,EAO,1019,1.1368683772161603e-13,0
F12022,10,EAO,1020,1.801936377887614e-11,0
F12022,10,EAO,1021,2.0272238998586545e-08,0
F12022,10,EAO,1022,2.2130166144052055e-08,0
F12022,10,EAO,1023,3.979039320256561e-13,0
F12022,10,EAO,1024,5.589527063420974e-09,0
F12022,10,EAO,1025,2.977458279929124e-10,0
F12022,10,EAO,1026,1.8428636394673958e-10,0
F12022,10,EAO,1027,9.130758371611591e-10,0
F12022,10,EAO,1028,1.4684360394312534e-09,0
F12022,10,EAO,1029,1.6501303434779402e-08,0
F12022,10,EAO+M2,1000,0.0,0
F12022,10,EAO+M2,1001,0.0,0
F12022,10,EAO+M2,1002,5.684341886080802e-14,0
F12022,10,EAO+M2,1003,5.684341886080802e-14,0
F12022,10,EAO+M2,1004,5.684341886080802e-14,0
F12022,10,EAO+M2,1005,5.684341886080802e-14,0
F12022,10,EAO+M2,1006,5.684341886080802e-14,0
F12022,10,EAO+M2,1007,0.0,0
F12022,10,EAO+M2,1008,1.1368683772161603e-13,0
F12022,10,EAO+M2,1009,5.684341886080802e-14,0
F12022,10,EAO+M2,1010,5.684341886080802e-14,0
F12022,10,EAO+M2,1011,5.684341886080802e-14,0
F12022,10,EAO+M2,1012,1.1368683772161603e-13,0
F12022,10,EAO+M2,1013,0.0,0
F12022,10,EAO+M2,1014,5.684341886080802e-14,0
F12022,10,EAO+M2,1015,0.0,0
F12022,10,EAO+M2,1016,0.0,0
F12022,10,EAO+M2,1017,1.1368683772161603e-13,0
F12022,10,EAO+M2,1018,5.684341886080802e-14,0
F12022,10,EAO+M2,1019,1.1368683772161603e-13,0
F12022,10,EAO+M2,1020,0.0,0
F12022,10,EAO+M2,1021,5.684341886080802e-14,0
F12022,10,EAO+M2,1022,1.1368683772161603e-13,0
F12022,10,EAO+M2,1023,5.684341886080802e-14,0
F12022,10,EAO+M2,1024,1.1368683772161603e-13,0
F12022,10,EAO+M2,1025,0.0,0
F12022,10,EAO+M2,1026,0.0,0
F12022,10,EAO+M2,1027,0.0,0
F12022,10,EAO+M2,1028,5.684341886080802e-14,0
F12022,10,EAO+M2,1029,5.684341886080802e-14,0
F12022,10,EAO+feed,1000,1.8974333215737715e-10,0
F12022,10,EAO+feed,1001,7.409539648506325e-09,0
F12022,10,EAO+feed,1002,5.240963218966499e-11,0
F12022,10,EAO+feed,1003,2.8598321932804538e-08,0
F12022,10,EAO+feed,1004,1.0965095498249866e-10,0
F12022,10,EAO+feed,1005,2.4363089323742315e-10,0
F12022,10,EAO+feed,1006,3.070683192163415e-07,0
F12022,10,EAO+feed,1007,7.048583938740194e-12,0
F12022,10,EAO+feed,1008,3.9857176432178676e-05,0
F12022,10,EAO+feed,1009,1.0154718665944529e-06,0
F12022,10,EAO+feed,1010,3.660716174636036e-11,0
F12022,10,EAO+feed,1011,3.75485456061142e-08,0
F12022,10,EAO+feed,1012,8.139977580867708e-11,0
F12022,10,EAO+feed,1013,1.3828201872456702e-07,0
F12022,10,EAO+feed,1014,6.44962483420386e-09,0
F12022,10,EAO+feed,1015,1.7547563402331434e-10,0
F12022,10,EAO+feed,1016,1.4267698134062812e-11,1
F12022,10,EAO+feed,1017,6.432401278289035e-10,0
F12022,10,EAO+feed,1018,6.976279109949246e-09,0
F12022,10,EAO+feed,1019,1.1368683772161603e-13,0
F12022,10,EAO+feed,1020,1.801936377887614e-11,0
F12022,10,EAO+feed,1021,2.0272238998586545e-08,0
F12022,10,EAO+feed,1022,2.2130166144052055e-08,0
F12022,10,EAO+feed,1023,3.979039320256561e-13,0
F12022,10,EAO+feed,1024,5.589527063420974e-09,0
F12022,10,EAO+feed,1025,2.977458279929124e-10,0
F12022,10,EAO+feed,1026,1.8428636394673958e-10,0
F12022,10,EAO+feed,1027,9.130758371611591e-10,0
F12022,10,EAO+feed,1028,1.4684360394312534e-09,0
F12022,10,EAO+feed,1029,1.6501303434779402e-08,0
F12022,10,RS-EAO,1000,0.0,7
F12022,10,RS-EAO,1001,0.0,7
F12022,10,RS-EAO,1002,5.684341886080802e-14,7
F12022,10,RS-EAO,1003,5.684341886080802e-14,7
F12022,10,RS-EAO,1004,5.684341886080802e-14,7
F12022,10,RS-EAO,1005,5.684341886080802e-14,7
F12022,10,RS-EAO,1006,5.684341886080802e-14,8
F12022,10,RS-EAO,1007,0.0,7
F12022,10,RS-EAO,1008,1.1368683772161603e-13,7
F12022,10,RS-EAO,1009,5.684341886080802e-14,7
F12022,10,RS-EAO,1010,5.684341886080802e-14,7
F12022,10,RS-EAO,1011,5.684341886080802e-14,7
F12022,10,RS-EAO,1012,1.1368683772161603e-13,7
F12022,10,RS-EAO,1013,0.0,7
F12022,10,RS-EAO,1014,1.1368683772161603e-13,7
F12022,10,RS-EAO,1015,0.0,7
F12022,10,RS-EAO,1016,0.0,6
F12022,10,RS-EAO,1017,1.1368683772161603e-13,8
F12022,10,RS-EAO,1018,5.684341886080802e-14,8
F12022,10,RS-EAO,1019,1.1368683772161603e-13,6
F12022,10,RS-EAO,1020,0.0,7
F12022,10,RS-EAO,1021,5.684341886080802e-14,8
F12022,10,RS-EAO,1022,1.1368683772161603e-13,7
F12022,10,RS-EAO,1023,5.684341886080802e-14,8
F12022,10,RS-EAO,1024,1.1368683772161603e-13,7
F12022,10,RS-EAO,1025,0.0,7
F12022,10,RS-EAO,1026,0.0,7
F12022,10,RS-EAO,1027,0.0,7
F12022,10,RS-EAO,1028,5.684341886080802e-14,8
F12022,10,RS-EAO,1029,5.684341886080802e-14,8
F22022,10,EAO,1000,8.916102028550597,0
F22022,10,EAO,1001,6.028928928073299,0
F22022,10,EAO,1002,8.916101928768569,0
F22022,10,EAO,1003,6.899807865824641,0
F22022,10,EAO,1004,8.916101927801378,0
F22022,10,EAO,1005,8.916101927782279,0
F22022,10,EAO,1006,4.576264576873655,0
F22022,10,EAO,1007,0.004909385179189485,0
F22022,10,EAO,1008,0.006850131543330917,0
F22022,10,EAO,1009,8.91610192785862,0
F22022,10,EAO,1010,0.011816550606624787,0
F22022,10,EAO,1011,6.460471930703989,0
F22022,10,EAO,1012,5.866252444878285,0
F22022,10,EAO,1013,8.91610205447273,0
F22022,10,EAO,1014,8.916102001351874,0
F22022,10,EAO,1015,8.916102040943997,0
F22022,10,EAO,1016,5.253566213959573,0
F22022,10,EAO,1017,0.0004545890373037764,0
F22022,10,EAO,1018,0.2950476905313053,0
F22022,10,EAO,1019,0.018916114249975635,0
F22022,10,EAO,1020,4.383254463193737,0
F22022,10,EAO,1021,4.039863575492575,0
F22022,10,EAO,1022,8.916101927781767,0
F22022,10,EAO,1023,8.916101927782847,0
F22022,10,EAO,1024,6.67734534761513,0
F22022,10,EAO,1025,8.916101929321428,0
F22022,10,EAO,1026,6.029900178753678,0
F22022,10,EAO,1027,5.482807573611524,0
F22022,10,EAO,1028,8.916101928306603,0
F22022,10,EAO,1029,8.916101930580567,0
F22022,10,EAO+M2,1000,8.916101927781312,0
F22022,10,EAO+M2,1001,3.9865796353799965,0
F22022,10,EAO+M2,1002,8.91610192778137,0
F22022,10,EAO+M2,1003,8.916101927781483,0
F22022,10,EAO+M2,1004,3.9866271081160107,0
F22022,10,EAO+M2,1005,3.9974344235976673,0
F22022,10,EAO+M2,1006,3.9866166874354576,0
F22022,10,EAO+M2,1007,8.916101927781312,0
F22022,10,EAO+M2,1008,8.91610192778137,0
F22022,10,EAO+M2,1009,8.91610192778137,0
F22022,10,EAO+M2,1010,8.916101927782279,0
F22022,10,EAO+M2,1011,8.91610192778137,0
F22022,10,EAO+M2,1012,3.986580782903218,0
F22022,10,EAO+M2,1013,8.91610192778137,0
F22022,10,EAO+M2,1014,8.916101927781426,0
F22022,10,EAO+M2,1015,3.9865839041792697,0
F22022,10,EAO+M2,1016,3.4962040956543206e-05,0
F22022,10,EAO+M2,1017,3.9865791332480285,0
F22022,10,EAO+M2,1018,3.9866697444051624,0
F22022,10,EAO+M2,1019,8.91610192778137,0
F22022,10,EAO+M2,1020,4.009475129508587,0
F22022,10,EAO+M2,1021,4.084398464848448,0
F22022,10,EAO+M2,1022,6.161140515814623e-05,0
F22022,10,EAO+M2,1023,8.916101927781312,0
F22022,10,EAO+M2,1024,4.107513601996857,0
F22022,10,EAO+M2,1025,4.001659921405235,0
F22022,10,EAO+M2,1026,3.9865804155804767,0
F22022,10,EAO+M2,1027,3.9865791135620725,0
F22022,10,EAO+M2,1028,3.9866083741136435,0
F22022,10,EAO+M2,1029,8.916101927781426,0
F22022,10,EAO+feed,1000,8.916102028550597,0
F22022,10,EAO+feed,1001,6.028928928073299,0
F22022,10,EAO+feed,1002,8.916101928768569,0
F22022,10,EAO+feed,1003,6.899807865824641,0
F22022,10,EAO+feed,1004,8.916101927801378,0
F22022,10,EAO+feed,1005,8.916101927782279,0
F22022,10,EAO+feed,1006,4.576264576873655,0
F22022,10,EAO+feed,1007,0.004909385179189485,0
F22022,10,EAO+feed,1008,0.006850131543330917,0
F22022,10,EAO+feed,1009,8.91610192785862,0
F22022,10,EAO+feed,1010,0.011816550606624787,0
F22022,10,EAO+feed,1011,6.460471930703989,0
F22022,10,EAO+feed,1012,5.866252444878285,0
F22022,10,EAO+feed,1013,8.91610205447273,0
F22022,10,EAO+feed,1014,8.916102001351874,0
F22022,10,EAO+feed,1015,8.916102040943997,0
F22022,10,EAO+feed,1016,5.253566213959573,0
F22022,10,EAO+feed,1017,0.0004545890373037764,0
F22022,10,EAO+feed,1018,0.2950476905313053,0
F22022,10,EAO+feed,1019,0.018916114249975635,0
F22022,10,EAO+feed,1020,4.383254463193737,0
F22022,10,EAO+feed,1021,4.039863575492575,0
F22022,10,EAO+feed,1022,8.916101927781767,0
F22022,10,EAO+feed,1023,8.916101927782847,0
F22022,10,EAO+feed,1024,6.67734534761513,0
F22022,10,EAO+feed,1025,8.916101929321428,0
F22022,10,EAO+feed,1026,6.029900178753678,0
F22022,10,EAO+feed,1027,5.482807573611524,0
F22022,10,EAO+feed,1028,8.916101928306603,0
F22022,10,EAO+feed,1029,8.916101930580567,0
F22022,10,RS-EAO,1000,8.916101927781312,7
F22022,10,RS-EAO,1001,3.9865796353799965,0
F22022,10,RS-EAO,1002,8.91610192778137,6
F22022,10,RS-EAO,1003,8.916101927781483,0
F22022,10,RS-EAO,1004,3.9866271081160107,0
F22022,10,RS-EAO,1005,3.9974344235976673,0
F22022,10,RS-EAO,1006,3.9866166874354576,0
F22022,10,RS-EAO,1007,8.916101927781312,6
F22022,10,RS-EAO,1008,8.91610192778137,7
F22022,10,RS-EAO,1009,8.91610192778137,6
F22022,10,RS-EAO,1010,8.916101927782279,0
F22022,10,RS-EAO,1011,8.91610192778137,1
F22022,10,RS-EAO,1012,3.986580782903218,0
F22022,10,RS-EAO,1013,8.91610192778137,3
F22022,10,RS-EAO,1014,8.916101927781426,0
F22022,10,RS-EAO,1015,3.9865839041792697,0
F22022,10,RS-EAO,1016,3.4962040956543206e-05,0
F22022,10,RS-EAO,1017,3.9865791332480285,0
F22022,10,RS-EAO,1018,3.9866697444051624,0
F22022,10,RS-EAO,1019,8.91610192778137,4
F22022,10,RS-EAO,1020,4.009475129508587,0
F22022,10,RS-EAO,1021,4.084398464848448,0
F22022,10,RS-EAO,1022,6.161140515814623e-05,0
F22022,10,RS-EAO,1023,8.916101927781312,6
F22022,10,RS-EAO,1024,4.107513601996857,0
F22022,10,RS-EAO,1025,4.001659921405235,0
F22022,10,RS-EAO,1026,3.9865804155804767,0
F22022,10,RS-EAO,1027,3.9865791135620725,0
F22022,10,RS-EAO,1028,3.9866083741136435,0
F22022,10,RS-EAO,1029,8.91610192778137,7
F32022,10,EAO,1000,1.1368683772161603e-13,0
F32022,10,EAO,1001,0.0,0
F32022,10,EAO,1002,2.2737367544323206e-13,0
F32022,10,EAO,1003,1.1368683772161603e-13,0
F32022,10,EAO,1004,4.547473508864641e-13,0
F32022,10,EAO,1005,2.2737367544323206e-13,0
F32022,10,EAO,1006,1.0231815394945443e-12,0
F32022,10,EAO,1007,5.684341886080801e-13,0
F32022,10,EAO,1008,6.821210263296962e-13,0
F32022,10,EAO,1009,1.1368683772161603e-13,0
F32022,10,EAO,1010,1.2846612662542611e-11,0
F32022,10,EAO,1011,6.821210263296962e-13,0
F32022,10,EAO,1012,2.2737367544323206e-13,0
F32022,10,EAO,1013,9.094947017729282e-13,0
F32022,10,EAO,1014,4.547473508864641e-13,0
F32022,10,EAO,1015,1.1368683772161603e-13,0
F32022,10,EAO,1016,5.684341886080801e-13,0
F32022,10,EAO,1017,3.410605131648481e-13,0
F32022,10,EAO,1018,9.094947017729282e-13,0
F32022,10,EAO,1019,1.1368683772161603e-13,0
F32022,10,EAO,1020,4.547473508864641e-13,0
F32022,10,EAO,1021,5.684341886080801e-13,0
F32022,10,EAO,1022,3.410605131648481e-12,0
F32022,10,EAO,1023,3.410605131648481e-13,0
F32022,10,EAO,1024,2.2737367544323206e-13,0
F32022,10,EAO,1025,1.1368683772161603e-13,0
F32022,10,EAO,1026,4.547473508864641e-13,0
F32022,10,EAO,1027,3.410605131648481e-13,0
F32022,10,EAO,1028,5.684341886080801e-13,0
F32022,10,EAO,1029,4.547473508864641e-13,0
F32022,10,EAO+M2,1000,1.1368683772161603e-13,0
F32022,10,EAO+M2,1001,0.0,0
F32022,10,EAO+M2,1002,0.0,0
F32022,10,EAO+M2,1003,0.0,0
F32022,10,EAO+M2,1004,0.0,0
F32022,10,EAO+M2,1005,1.1368683772161603e-13,0
F32022,10,EAO+M2,1006,1.1368683772161603e-13,0
F32022,10,EAO+M2,1007,1.1368683772161603e-13,0
F32022,10,EAO+M2,1008,1.1368683772161603e-13,0
F32022,10,EAO+M2,1009,0.0,0
F32022,10,EAO+M2,1010,1.1368683772161603e-13,0
F32022,10,EAO+M2,1011,0.0,0
F32022,10,EAO+M2,1012,0.0,0
F32022,10,EAO+M2,1013,1.1368683772161603e-13,0
F32022,10,EAO+M2,1014,0.0,0
F32022,10,EAO+M2,1015,0.0,0
F32022,10,EAO+M2,1016,0.0,0
F32022,10,EAO+M2,1017,1.1368683772161603e-13,0
F32022,10,EAO+M2,1018,1.1368683772161603e-13,0
F32022,10,EAO+M2,1019,0.0,0
F32022,10,EAO+M2,1020,0.0,0
F32022,10,EAO+M2,1021,1.1368683772161603e-13,0
F32022,10,EAO+M2,1022,0.0,0
F32022,10,EAO+M2,1023,0.0,0
F32022,10,EAO+M2,1024,0.0,0
F32022,10,EAO+M2,1025,0.0,0
F32022,10,EAO+M2,1026,0.0,0
F32022,10,EAO+M2,1027,1.1368683772161603e-13,0
F32022,10,EAO+M2,1028,1.1368683772161603e-13,0
F32022,10,EAO+M2,1029,0.0,0
F32022,10,EAO+feed,1000,1.1368683772161603e-13,3
F32022,10,EAO+feed,1001,0.0,3
F32022,10,EAO+feed,1002,1.1368683772161603e-13,2
F32022,10,EAO+feed,1003,1.1368683772161603e-13,1
F32022,10,EAO+feed,1004,4.547473508864641e-13,3
F32022,10,EAO+feed,1005,2.2737367544323206e-13,2
F32022,10,EAO+feed,1006,1.0231815394945443e-12,2
F32022,10,EAO+feed,1007,5.684341886080801e-13,2
F32022,10,EAO+feed,1008,6.821210263296962e-13,0
F32022,10,EAO+feed,1009,2.2737367544323206e-13,3
F32022,10,EAO+feed,1010,1.2846612662542611e-11,1
F32022,10,EAO+feed,1011,6.821210263296962e-13,3
F32022,10,EAO+feed,1012,5.684341886080801e-13,4
F32022,10,EAO+feed,1013,9.094947017729282e-13,3
F32022,10,EAO+feed,1014,5.684341886080801e-13,4
F32022,10,EAO+feed,1015,1.1368683772161603e-13,3
F32022,10,EAO+feed,1016,5.684341886080801e-13,0
F32022,10,EAO+feed,1017,3.410605131648481e-13,2
F32022,10,EAO+feed,1018,9.094947017729282e-13,0
F32022,10,EAO+feed,1019,1.1368683772161603e-13,1
F32022,10,EAO+feed,1020,4.547473508864641e-13,0
F32022,10,EAO+feed,1021,5.684341886080801e-13,2
F32022,10,EAO+feed,1022,3.410605131648481e-12,0
F32022,10,EAO+feed,1023,1.1368683772161603e-13,3
F32022,10,EAO+feed,1024,2.2737367544323206e-13,2
F32022,10,EAO+feed,1025,1.1368683772161603e-13,3
F32022,10,EAO+feed,1026,4.547473508864641e-13,3
F32022,10,EAO+feed,1027,3.410605131648481e-13,3
F32022,10,EAO+feed,1028,5.684341886080801e-13,0
F32022,10,EAO+feed,1029,4.547473508864641e-13,2
F32022,10,RS-EAO,1000,1.1368683772161603e-13,10
F32022,10,RS-EAO,1001,0.0,9
F32022,10,RS-EAO,1002,0.0,9
F32022,10,RS-EAO,1003,1.1368683772161603e-13,9
F32022,10,RS-EAO,1004,0.0,8
F32022,10,RS-EAO,1005,1.1368683772161603e-13,10
F32022,10,RS-EAO,1006,0.0,8
F32022,10,RS-EAO,1007,1.1368683772161603e-13,9
F32022,10,RS-EAO,1008,1.1368683772161603e-13,8
F32022,10,RS-EAO,1009,0.0,9
F32022,10,RS-EAO,1010,1.1368683772161603e-13,9
F32022,10,RS-EAO,1011,0.0,9
F32022,10,RS-EAO,1012,0.0,9
F32022,10,RS-EAO,1013,1.1368683772161603e-13,9
F32022,10,RS-EAO,1014,0.0,9
F32022,10,RS-EAO,1015,1.1368683772161603e-13,9
F32022,10,RS-EAO,1016,0.0,9
F32022,10,RS-EAO,1017,0.0,9
F32022,10,RS-EAO,1018,1.1368683772161603e-13,9
F32022,10,RS-EAO,1019,0.0,9
F32022,10,RS-EAO,1020,0.0,9
F32022,10,RS-EAO,1021,1.1368683772161603e-13,9
F32022,10,RS-EAO,1022,0.0,9
F32022,10,RS-EAO,1023,0.0,9
F32022,10,RS-EAO,1024,0.0,9
F32022,10,RS-EAO,1025,0.0,9
F32022,10,RS-EAO,1026,0.0,9
F32022,10,RS-EAO,1027,1.1368683772161603e-13,9
F32022,10,RS-EAO,1028,1.1368683772161603e-13,10
F32022,10,RS-EAO,1029,1.1368683772161603e-13,10
F42022,10,EAO,1000,18.541310227691042,0
F42022,10,EAO,1001,54.0,0
F42022,10,EAO,1002,35.072852378252264,0
F42022,10,EAO,1003,48.99964507450625,0
F42022,10,EAO,1004,75.58946333603672,0
F42022,10,EAO,1005,37.79342529905239,0
F42022,10,EAO,1006,23.330082729909236,0
F42022,10,EAO,1007,39.69569901905561,0
F42022,10,EAO,1008,49.442639786713926,0
F42022,10,EAO,1009,24.949246855032357,0
F42022,10,EAO,1010,52.024533662033264,0
F42022,10,EAO,1011,33.46252655750334,0
F42022,10,EAO,1012,80.93348345912216,0
F42022,10,EAO,1013,70.17246268566532,0
F42022,10,EAO,1014,55.95025865041066,0
F42022,10,EAO,1015,27.873353281835193,0
F42022,10,EAO,1016,26.915782846112506,0
F42022,10,EAO,1017,32.95374900349066,0
F42022,10,EAO,1018,31.721427954772707,0
F42022,10,EAO,1019,27.895989073843907,0
F42022,10,EAO,1020,55.228786242253136,0
F42022,10,EAO,1021,44.0,0
F42022,10,EAO,1022,40.06691210059728,0
F42022,10,EAO,1023,44.136202755671775,0
F42022,10,EAO,1024,41.26233945947013,0
F42022,10,EAO,1025,58.90816451365322,0
F42022,10,EAO,1026,58.299591856351185,0
F42022,10,EAO,1027,51.072202346203426,0
F42022,10,EAO,1028,44.0,0
F42022,10,EAO,1029,42.376511254409365,0
F42022,10,EAO+M2,1000,20.472309858470226,0
F42022,10,EAO+M2,1001,56.89741046544714,0
F42022,10,EAO+M2,1002,53.25446619306422,0
F42022,10,EAO+M2,1003,33.34669342264283,0
F42022,10,EAO+M2,1004,35.530540595100206,0
F42022,10,EAO+M2,1005,22.082902737431823,0
F42022,10,EAO+M2,1006,30.060558146576568,0
F42022,10,EAO+M2,1007,46.57662102008658,0
F42022,10,EAO+M2,1008,48.71328870631942,0
F42022,10,EAO+M2,1009,48.0,0
F42022,10,EAO+M2,1010,66.0,0
F42022,10,EAO+M2,1011,56.403009698317646,0
F42022,10,EAO+M2,1012,54.0,0
F42022,10,EAO+M2,1013,58.4199014906045,0
F42022,10,EAO+M2,1014,32.9477659894236,0
F42022,10,EAO+M2,1015,49.26312422019021,0
F42022,10,EAO+M2,1016,41.47527025395732,0
F42022,10,EAO+M2,1017,44.39791328642684,0
F42022,10,EAO+M2,1018,25.657652687227937,0
F42022,10,EAO+M2,1019,59.0425178867672,0
F42022,10,EAO+M2,1020,33.676051370569326,0
F42022,10,EAO+M2,1021,47.109407209366054,0
F42022,10,EAO+M2,1022,39.35042887633779,0
F42022,10,EAO+M2,1023,38.185447582516645,0
F42022,10,EAO+M2,1024,40.16565526810257,0
F42022,10,EAO+M2,1025,57.35724362891756,0
F42022,10,EAO+M2,1026,44.447892895017844,0
F42022,10,EAO+M2,1027,40.5086761922455,0
F42022,10,EAO+M2,1028,41.657329747436165,0
F42022,10,EAO+M2,1029,23.725407585822836,0
F42022,10,EAO+feed,1000,18.541310227691042,0
F42022,10,EAO+feed,1001,54.0,0
F42022,10,EAO+feed,1002,35.072852378252264,0
F42022,10,EAO+feed,1003,48.99964507450625,0
F42022,10,EAO+feed,1004,75.58946333603672,0
F42022,10,EAO+feed,1005,37.79342529905239,0
F42022,10,EAO+feed,1006,23.330082729909236,0
F42022,10,EAO+feed,1007,39.69569901905561,0
F42022,10,EAO+feed,1008,49.442639786713926,0
F42022,10,EAO+feed,1009,24.949246855032357,0
F42022,10,EAO+feed,1010,52.024533662033264,0
F42022,10,EAO+feed,1011,33.46252655750334,0
F42022,10,EAO+feed,1012,80.93348345912216,0
F42022,10,EAO+feed,1013,70.17246268566532,0
F42022,10,EAO+feed,1014,55.95025865041066,0
F42022,10,EAO+feed,1015,27.873353281835193,0
F42022,10,EAO+feed,1016,26.915782846112506,0
F42022,10,EAO+feed,1017,32.95374900349066,0
F42022,10,EAO+feed,1018,31.721427954772707,0
F42022,10,EAO+feed,1019,27.895989073843907,0
F42022,10,EAO+feed,1020,55.228786242253136,0
F42022,10,EAO+feed,1021,44.0,0
F42022,10,EAO+feed,1022,40.06691210059728,0
F42022,10,EAO+feed,1023,44.136202755671775,0
F42022,10,EAO+feed,1024,41.26233945947013,0
F42022,10,EAO+feed,1025,58.90816451365322,0
F42022,10,EAO+feed,1026,58.299591856351185,0
F42022,10,EAO+feed,1027,51.072202346203426,0
F42022,10,EAO+feed,1028,44.0,0
F42022,10,EAO+feed,1029,42.376511254409365,0
F42022,10,RS-EAO,1000,20.472309858470226,0
F42022,10,RS-EAO,1001,56.89741046544714,0
F42022,10,RS-EAO,1002,53.25446619306422,0
F42022,10,RS-EAO,1003,33.34669342264283,0
F42022,10,RS-EAO,1004,35.530540595100206,0
F42022,10,RS-EAO,1005,22.082902737431823,0
F42022,10,RS-EAO,1006,30.060558146576568,0
F42022,10,RS-EAO,1007,46.57662102008658,0
F42022,10,RS-EAO,1008,48.71328870631942,0
F42022,10,RS-EAO,1009,48.0,0
F42022,10,RS-EAO,1010,66.0,0
F42022,10,RS-EAO,1011,56.403009698317646,0
F42022,10,RS-EAO,1012,54.0,0
F42022,10,RS-EAO,1013,58.4199014906045,0
F42022,10,RS-EAO,1014,32.9477659894236,0
F42022,10,RS-EAO,1015,49.26312422019021,0
F42022,10,RS-EAO,1016,41.47527025395732,0
F42022,10,RS-EAO,1017,44.39791328642684,0
F42022,10,RS-EAO,1018,25.657652687227937,0
F42022,10,RS-EAO,1019,59.0425178867672,0
F42022,10,RS-EAO,1020,33.676051370569326,0
F42022,10,RS-EAO,1021,47.109407209366054,0
F42022,10,RS-EAO,1022,39.35042887633779,0
F42022,10,RS-EAO,1023,38.185447582516645,0
F42022,10,RS-EAO,1024,40.16565526810257,0
F42022,10,RS-EAO,1025,57.35724362891756,0
F42022,10,RS-EAO,1026,44.447892895017844,0
F42022,10,RS-EAO,1027,40.5086761922455,0
F42022,10,RS-EAO,1028,41.657329747436165,0
F42022,10,RS-EAO,1029,23.725407585822836,0
F52022,10,EAO,1000,1.5854471939746873e-05,0
F52022,10,EAO,1001,2.018715508711466e-05,0
F52022,10,EAO,1002,1.4610452581109712e-07,0
F52022,10,EAO,1003,9.30729561332555e-06,0
F52022,10,EAO,1004,3.9543385810247855e-06,0
F52022,10,EAO,1005,7.4643265861595864e-06,0
F52022,10,EAO,1006,1.159004898454441e-05,0
F52022,10,EAO,1007,0.0895282505450723,0
F52022,10,EAO,1008,1.5776777217979543e-08,0
F52022,10,EAO,1009,2.0865195438091177e-07,0
F52022,10,EAO,1010,1.5766975252518023e-05,0
F52022,10,EAO,1011,1.822216484015371e-05,0
F52022,10,EAO,1012,0.08952825076471527,0
F52022,10,EAO,1013,4.467729013413191e-07,0
F52022,10,EAO,1014,6.561805321325664e-06,0
F52022,10,EAO,1015,0.08952834999547576,0
F52022,10,EAO,1016,0.08958648844691197,0
F52022,10,EAO,1017,0.08954738197201095,0
F52022,10,EAO,1018,5.540146867133444e-05,0
F52022,10,EAO,1019,1.519970282970462e-08,0
F52022,10,EAO,1020,3.940044734918047e-09,0
F52022,10,EAO,1021,4.006742290130205e-05,0
F52022,10,EAO,1022,1.968101059901528e-08,0
F52022,10,EAO,1023,2.5290602252425742e-06,0
F52022,10,EAO,1024,8.473806474285084e-07,0
F52022,10,EAO,1025,3.955228487484419e-05,0
F52022,10,EAO,1026,4.445314516487997e-07,0
F52022,10,EAO,1027,0.00010616124757234502,0
F52022,10,EAO,1028,2.8810288767999737e-06,0
F52022,10,EAO,1029,8.511237410857575e-06,0
F52022,10,EAO+M2,1000,1.1368683772161603e-13,0
F52022,10,EAO+M2,1001,1.1368683772161603e-13,0
F52022,10,EAO+M2,1002,3.410605131648481e-13,0
F52022,10,EAO+M2,1003,2.2737367544323206e-13,0
F52022,10,EAO+M2,1004,0.0,0
F52022,10,EAO+M2,1005,1.1368683772161603e-13,0
F52022,10,EAO+M2,1006,1.1368683772161603e-13,0
F52022,10,EAO+M2,1007,0.08952825041649248,0
F52022,10,EAO+M2,1008,0.0,0
F52022,10,EAO+M2,1009,3.410605131648481e-13,0
F52022,10,EAO+M2,1010,2.2737367544323206e-13,0
F52022,10,EAO+M2,1011,0.0,0
F52022,10,EAO+M2,1012,1.1368683772161603e-13,0
F52022,10,EAO+M2,1013,2.2737367544323206e-13,0
F52022,10,EAO+M2,1014,2.2737367544323206e-13,0
F52022,10,EAO+M2,1015,1.1368683772161603e-13,0
F52022,10,EAO+M2,1016,1.1368683772161603e-13,0
F52022,10,EAO+M2,1017,1.1368683772161603e-13,0
F52022,10,EAO+M2,1018,0.0,0
F52022,10,EAO+M2,1019,1.1368683772161603e-13,0
F52022,10,EAO+M2,1020,0.0,0
F52022,10,EAO+M2,1021,1.1368683772161603e-13,0
F52022,10,EAO+M2,1022,2.2737367544323206e-13,0
F52022,10,EAO+M2,1023,2.2737367544323206e-13,0
F52022,10,EAO+M2,1024,1.1368683772161603e-13,0
F52022,10,EAO+M2,1025,0.0,0
F52022,10,EAO+M2,1026,1.1368683772161603e-13,0
F52022,10,EAO+M2,1027,1.1368683772161603e-13,0
F52022,10,EAO+M2,1028,2.2737367544323206e-13,0
F52022,10,EAO+M2,1029,1.1368683772161603e-13,0
F52022,10,EAO+feed,1000,1.5854471939746873e-05,0
F52022,10,EAO+feed,1001,2.018715508711466e-05,0
F52022,10,EAO+feed,1002,1.4610452581109712e-07,0
F52022,10,EAO+feed,1003,9.30729561332555e-06,0
F52022,10,EAO+feed,1004,3.9543385810247855e-06,0
F52022,10,EAO+feed,1005,7.4643265861595864e-06,0
F52022,10,EAO+feed,1006,1.159004898454441e-05,0
F52022,10,EAO+feed,1007,0.0895282505450723,0
F52022,10,EAO+feed,1008,1.5776777217979543e-08,0
F52022,10,EAO+feed,1009,2.0865195438091177e-07,0
F52022,10,EAO+feed,1010,1.5766975252518023e-05,0
F52022,10,EAO+feed,1011,1.822216484015371e-05,0
F52022,10,EAO+feed,1012,0.08952825076471527,0
F52022,10,EAO+feed,1013,4.467729013413191e-07,0
F52022,10,EAO+feed,1014,6.561805321325664e-06,0
F52022,10,EAO+feed,1015,0.08952834999547576,0
F52022,10,EAO+feed,1016,0.08958648844691197,0
F52022,10,EAO+feed,1017,0.08954738197201095,0
F52022,10,EAO+feed,1018,5.540146867133444e-05,0
F52022,10,EAO+feed,1019,1.519970282970462e-08,0
F52022,10,EAO+feed,1020,3.940044734918047e-09,0
F52022,10,EAO+feed,1021,4.006742290130205e-05,0
F52022,10,EAO+feed,1022,1.968101059901528e-08,0
F52022,10,EAO+feed,1023,2.5290602252425742e-06,0
F52022,10,EAO+feed,1024,8.473806474285084e-07,0
F52022,10,EAO+feed,1025,3.955228487484419e-05,0
F52022,10,EAO+feed,1026,4.445314516487997e-07,0
F52022,10,EAO+feed,1027,0.00010616124757234502,0
F52022,10,EAO+feed,1028,2.8810288767999737e-06,0
F52022,10,EAO+feed,1029,8.511237410857575e-06,0
F52022,10,RS-EAO,1000,1.1368683772161603e-13,6
F52022,10,RS-EAO,1001,1.1368683772161603e-13,6
F52022,10,RS-EAO,1002,3.410605131648481e-13,6
F52022,10,RS-EAO,1003,2.2737367544323206e-13,5
F52022,10,RS-EAO,1004,0.0,5
F52022,10,RS-EAO,1005,1.1368683772161603e-13,5
F52022,10,RS-EAO,1006,1.1368683772161603e-13,5
F52022,10,RS-EAO,1007,0.08952825041660617,4
F52022,10,RS-EAO,1008,1.1368683772161603e-13,6
F52022,10,RS-EAO,1009,3.410605131648481e-13,5
F52022,10,RS-EAO,1010,1.1368683772161603e-13,3
F52022,10,RS-EAO,1011,0.0,6
F52022,10,RS-EAO,1012,1.1368683772161603e-13,6
F52022,10,RS-EAO,1013,2.2737367544323206e-13,4
F52022,10,RS-EAO,1014,3.410605131648481e-13,5
F52022,10,RS-EAO,1015,1.1368683772161603e-13,6
F52022,10,RS-EAO,1016,1.1368683772161603e-13,3
F52022,10,RS-EAO,1017,1.1368683772161603e-13,5
F52022,10,RS-EAO,1018,1.1368683772161603e-13,6
F52022,10,RS-EAO,1019,1.1368683772161603e-13,5
F52022,10,RS-EAO,1020,0.0,5
F52022,10,RS-EAO,1021,0.0,5
F52022,10,RS-EAO,1022,2.2737367544323206e-13,6
F52022,10,RS-EAO,1023,2.2737367544323206e-13,6
F52022,10,RS-EAO,1024,1.1368683772161603e-13,6
F52022,10,RS-EAO,1025,0.0,5
F52022,10,RS-EAO,1026,1.1368683772161603e-13,6
F52022,10,RS-EAO,1027,1.1368683772161603e-13,6
F52022,10,RS-EAO,1028,2.2737367544323206e-13,5
F52022,10,RS-EAO,1029,1.1368683772161603e-13,4
F62022,10,EAO,1000,895.3058995089077,0
F62022,10,EAO,1001,799.4055125635182,0
F62022,10,EAO,1002,204.94561436666572,0
F62022,10,EAO,1003,15500.30816424343,0
F62022,10,EAO,1004,6194.52452653958,0
F62022,10,EAO,1005,447.80623176072186,0
F62022,10,EAO,1006,6369.695554239395,0
F62022,10,EAO,1007,5950.6886145686885,0
F62022,10,EAO,1008,2616.570793314342,0
F62022,10,EAO,1009,800.0325440265842,0
F62022,10,EAO,1010,3421.141413551828,0
F62022,10,EAO,1011,7599.016777780935,0
F62022,10,EAO,1012,7542.466790112434,0
F62022,10,EAO,1013,119.54548241412863,0
F62022,10,EAO,1014,1030.8059551587776,0
F62022,10,EAO,1015,6996.1113080211835,0
F62022,10,EAO,1016,3444.9880973417103,0
F62022,10,EAO,1017,1246.8304678713398,0
F62022,10,EAO,1018,2078.134723600544,0
F62022,10,EAO,1019,698.6645016067991,0
F62022,10,EAO,1020,1071.5918133551213,0
F62022,10,EAO,1021,1354.3304303808113,0
F62022,10,EAO,1022,1046.6548331422446,0
F62022,10,EAO,1023,1176.9432537101252,0
F62022,10,EAO,1024,10408.778570317201,0
F62022,10,EAO,1025,1371.698034588123,0
F62022,10,EAO,1026,514.0447394150688,0
F62022,10,EAO,1027,2202.445953109067,0
F62022,10,EAO,1028,3946.223032180049,0
F62022,10,EAO,1029,3179.2944574430676,0
F62022,10,EAO+M2,1000,573.824501228477,0
F62022,10,EAO+M2,1001,610.3953574284533,0
F62022,10,EAO+M2,1002,560.7061979373166,0
F62022,10,EAO+M2,1003,14505.937124886997,0
F62022,10,EAO+M2,1004,1684.2487227341862,0
F62022,10,EAO+M2,1005,43.3780781826149,0
F62022,10,EAO+M2,1006,520.2563119331126,0
F62022,10,EAO+M2,1007,415.3269104098881,0
F62022,10,EAO+M2,1008,75.69164294416737,0
F62022,10,EAO+M2,1009,62.862272927909316,0
F62022,10,EAO+M2,1010,10906.368677674936,0
F62022,10,EAO+M2,1011,752.640234533927,0
F62022,10,EAO+M2,1012,472.12690273874796,0
F62022,10,EAO+M2,1013,648.6075624075211,0
F62022,10,EAO+M2,1014,205.78747532289344,0
F62022,10,EAO+M2,1015,2148.964474542149,0
F62022,10,EAO+M2,1016,11759.053546822139,0
F62022,10,EAO+M2,1017,1056.7539549956082,0
F62022,10,EAO+M2,1018,186.55585207886725,0
F62022,10,EAO+M2,1019,1091.0938246663477,0
F62022,10,EAO+M2,1020,5.123851147191544,0
F62022,10,EAO+M2,1021,460.172556734949,0
F62022,10,EAO+M2,1022,80.41706611389691,0
F62022,10,EAO+M2,1023,641.888824354437,0
F62022,10,EAO+M2,1024,1570.2101904109109,0
F62022,10,EAO+M2,1025,96.19932277734779,0
F62022,10,EAO+M2,1026,286.10855789341304,0
F62022,10,EAO+M2,1027,1969.2050649080566,0
F62022,10,EAO+M2,1028,356.20656686864913,0
F62022,10,EAO+M2,1029,549.1769395618585,0
F62022,10,EAO+feed,1000,895.3058995089077,0
F62022,10,EAO+feed,1001,799.4055125635182,0
F62022,10,EAO+feed,1002,204.94561436666572,0
F62022,10,EAO+feed,1003,15500.30816424343,0
F62022,10,EAO+feed,1004,6194.52452653958,0
F62022,10,EAO+feed,1005,447.80623176072186,0
F62022,10,EAO+feed,1006,6369.695554239395,0
F62022,10,EAO+feed,1007,5950.6886145686885,0
F62022,10,EAO+feed,1008,2616.570793314342,0
F62022,10,EAO+feed,1009,800.0325440265842,0
F62022,10,EAO+feed,1010,3421.141413551828,0
F62022,10,EAO+feed,1011,7599.016777780935,0
F62022,10,EAO+feed,1012,7542.466790112434,0
F62022,10,EAO+feed,1013,119.54548241412863,0
F62022,10,EAO+feed,1014,1030.8059551587776,0
F62022,10,EAO+feed,1015,6996.1113080211835,0
F62022,10,EAO+feed,1016,3444.9880973417103,0
F62022,10,EAO+feed,1017,1246.8304678713398,0
F62022,10,EAO+feed,1018,2078.134723600544,0
F62022,10,EAO+feed,1019,698.6645016067991,0
F62022,10,EAO+feed,1020,1071.5918133551213,0
F62022,10,EAO+feed,1021,1354.3304303808113,0
F62022,10,EAO+feed,1022,1046.6548331422446,0
F62022,10,EAO+feed,1023,1176.9432537101252,0
F62022,10,EAO+feed,1024,10408.778570317201,0
F62022,10,EAO+feed,1025,1371.698034588123,0
F62022,10,EAO+feed,1026,514.0447394150688,0
F62022,10,EAO+feed,1027,2202.445953109067,0
F62022,10,EAO+feed,1028,3946.223032180049,0
F62022,10,EAO+feed,1029,3179.2944574430676,0
F62022,10,RS-EAO,1000,573.824501228477,0
F62022,10,RS-EAO,1001,610.3953574284533,0
F62022,10,RS-EAO,1002,560.7061979373166,0
F62022,10,RS-EAO,1003,14505.937124886997,0
F62022,10,RS-EAO,1004,1684.2487227341862,0
F62022,10,RS-EAO,1005,43.3780781826149,0
F62022,10,RS-EAO,1006,520.2563119331126,0
F62022,10,RS-EAO,1007,415.3269104098881,0
F62022,10,RS-EAO,1008,75.69164294416737,0
F62022,10,RS-EAO,1009,62.862272927909316,0
F62022,10,RS-EAO,1010,10906.368677674936,0
F62022,10,RS-EAO,1011,752.640234533927,0
F62022,10,RS-EAO,1012,472.12690273874796,0
F62022,10,RS-EAO,1013,648.6075624075211,0
F62022,10,RS-EAO,1014,205.78747532289344,0
F62022,10,RS-EAO,1015,2148.964474542149,0
F62022,10,RS-EAO,1016,11759.053546822139,0
F62022,10,RS-EAO,1017,1056.7539549956082,0
F62022,10,RS-EAO,1018,186.55585207886725,0
F62022,10,RS-EAO,1019,1091.0938246663477,0
F62022,10,RS-EAO,1020,5.123851147191544,0
F62022,10,RS-EAO,1021,460.172556734949,0
F62022,10,RS-EAO,1022,80.41706611389691,0
F62022,10,RS-EAO,1023,641.888824354437,0
F62022,10,RS-EAO,1024,1570.2101904109109,0
F62022,10,RS-EAO,1025,96.19932277734779,0
F62022,10,RS-EAO,1026,286.10855789341304,0
F62022,10,RS-EAO,1027,1969.2050649080566,0
F62022,10,RS-EAO,1028,356.20656686864913,0
F62022,10,RS-EAO,1029,549.1769395618585,0
F72022,10,EAO,1000,39.06706416583711,0
F72022,10,EAO,1001,37.60742222379781,0
F72022,10,EAO,1002,40.725278488782806,0
F72022,10,EAO,1003,36.67015982362955,0
F72022,10,EAO,1004,38.872417964614215,0
F72022,10,EAO,1005,35.04579457212617,0
F72022,10,EAO,1006,25.649005553906136,0
F72022,10,EAO,1007,31.159130348255303,0
F72022,10,EAO,1008,39.48497520586466,0
F72022,10,EAO,1009,30.0950219040094,0
F72022,10,EAO,1010,40.712601089823465,0
F72022,10,EAO,1011,27.791764485923295,0
F72022,10,EAO,1012,36.08996308395194,0
F72022,10,EAO,1013,30.02738589972091,0
F72022,10,EAO,1014,34.96829206673965,0
F72022,10,EAO,1015,42.83498296845846,0
F72022,10,EAO,1016,34.09743261225253,0
F72022,10,EAO,1017,18.81836584343364,0
F72022,10,EAO,1018,31.805905159935037,0
F72022,10,EAO,1019,37.98799692636612,0
F72022,10,EAO,1020,35.56777253134442,0
F72022,10,EAO,1021,40.374444159489485,0
F72022,10,EAO,1022,36.31980854454832,0
F72022,10,EAO,1023,34.67584641757685,0
F72022,10,EAO,1024,36.30123341690978,0
F72022,10,EAO,1025,32.10263063779371,0
F72022,10,EAO,1026,28.47951163711582,0
F72022,10,EAO,1027,42.764252285625616,0
F72022,10,EAO,1028,38.85507540392996,0
F72022,10,EAO,1029,33.224260567670626,0
F72022,10,EAO+M2,1000,35.39356610759023,0
F72022,10,EAO+M2,1001,25.27078945970993,0
F72022,10,EAO+M2,1002,34.43416994939207,0
F72022,10,EAO+M2,1003,33.10569180484231,0
F72022,10,EAO+M2,1004,36.231450902045935,0
F72022,10,EAO+M2,1005,39.53579419180437,0
F72022,10,EAO+M2,1006,20.510145520460583,0
F72022,10,EAO+M2,1007,39.46595133507276,0
F72022,10,EAO+M2,1008,36.31385424209816,0
F72022,10,EAO+M2,1009,34.92933120277735,0
F72022,10,EAO+M2,1010,32.875601973781386,0
F72022,10,EAO+M2,1011,31.811172333999366,0
F72022,10,EAO+M2,1012,32.183217501534955,0
F72022,10,EAO+M2,1013,136.14534324837996,0
F72022,10,EAO+M2,1014,36.44040021360274,0
F72022,10,EAO+M2,1015,33.162475173574876,0
F72022,10,EAO+M2,1016,33.27102243269337,0
F72022,10,EAO+M2,1017,33.294364511888716,0
F72022,10,EAO+M2,1018,33.52345106871303,0
F72022,10,EAO+M2,1019,28.022725042198317,0
F72022,10,EAO+M2,1020,27.20718419302898,0
F72022,10,EAO+M2,1021,34.71654215696071,0
F72022,10,EAO+M2,1022,32.482768362626985,0
F72022,10,EAO+M2,1023,32.84841770692674,0
F72022,10,EAO+M2,1024,30.415317703033224,0
F72022,10,EAO+M2,1025,36.60211734514951,0
F72022,10,EAO+M2,1026,41.52821813378819,0
F72022,10,EAO+M2,1027,35.46776382450207,0
F72022,10,EAO+M2,1028,42.742606221929464,0
F72022,10,EAO+M2,1029,36.47463022158672,0
F72022,10,EAO+feed,1000,39.06706416583711,0
F72022,10,EAO+feed,1001,37.60742222379781,0
F72022,10,EAO+feed,1002,40.725278488782806,0
F72022,10,EAO+feed,1003,36.67015982362955,0
F72022,10,EAO+feed,1004,38.872417964614215,0
F72022,10,EAO+feed,1005,35.04579457212617,0
F72022,10,EAO+feed,1006,25.649005553906136,0
F72022,10,EAO+feed,1007,31.159130348255303,0
F72022,10,EAO+feed,1008,39.48497520586466,0
F72022,10,EAO+feed,1009,30.0950219040094,0
F72022,10,EAO+feed,1010,40.712601089823465,0
F72022,10,EAO+feed,1011,27.791764485923295,0
F72022,10,EAO+feed,1012,36.08996308395194,0
F72022,10,EAO+feed,1013,30.02738589972091,0
F72022,10,EAO+feed,1014,34.96829206673965,0
F72022,10,EAO+feed,1015,42.83498296845846,0
F72022,10,EAO+feed,1016,34.09743261225253,0
F72022,10,EAO+feed,1017,18.81836584343364,0
F72022,10,EAO+feed,1018,31.805905159935037,0
F72022,10,EAO+feed,1019,37.98799692636612,0
F72022,10,EAO+feed,1020,35.56777253134442,0
F72022,10,EAO+feed,1021,40.374444159489485,0
F72022,10,EAO+feed,1022,36.31980854454832,0
F72022,10,EAO+feed,1023,34.67584641757685,0
F72022,10,EAO+feed,1024,36.30123341690978,0
F72022,10,EAO+feed,1025,32.10263063779371,0
F72022,10,EAO+feed,1026,28.47951163711582,0
F72022,10,EAO+feed,1027,42.764252285625616,0
F72022,10,EAO+feed,1028,38.85507540392996,0
F72022,10,EAO+feed,1029,33.224260567670626,0
F72022,10,RS-EAO,1000,35.39356610759023,0
F72022,10,RS-EAO,1001,25.27078945970993,0
F72022,10,RS-EAO,1002,34.43416994939207,0
F72022,10,RS-EAO,1003,33.10569180484231,0
F72022,10,RS-EAO,1004,36.231450902045935,0
F72022,10,RS-EAO,1005,39.53579419180437,0
F72022,10,RS-EAO,1006,20.510145520460583,0
F72022,10,RS-EAO,1007,39.46595133507276,0
F72022,10,RS-EAO,1008,36.31385424209816,0
F72022,10,RS-EAO,1009,34.92933120277735,0
F72022,10,RS-EAO,1010,32.875601973781386,0
F72022,10,RS-EAO,1011,31.811172333999366,0
F72022,10,RS-EAO,1012,32.183217501534955,0
F72022,10,RS-EAO,1013,136.14534324837996,0
F72022,10,RS-EAO,1014,36.44040021360274,0
F72022,10,RS-EAO,1015,33.162475173574876,0
F72022,10,RS-EAO,1016,33.27102243269337,0
F72022,10,RS-EAO,1017,33.294364511888716,0
F72022,10,RS-EAO,1018,33.52345106871303,0
F72022,10,RS-EAO,1019,28.022725042198317,0
F72022,10,RS-EAO,1020,27.20718419302898,0
F72022,10,RS-EAO,1021,34.71654215696071,0
F72022,10,RS-EAO,1022,32.482768362626985,0
F72022,10,RS-EAO,1023,32.84841770692674,0
F72022,10,RS-EAO,1024,30.415317703033224,0
F72022,10,RS-EAO,1025,36.60211734514951,0
F72022,10,RS-EAO,1026,41.52821813378819,0
F72022,10,RS-EAO,1027,35.46776382450207,0
F72022,10,RS-EAO,1028,42.742606221929464,0
F72022,10,RS-EAO,1029,36.47463022158672,0
F82022,10,EAO,1000,25.238620092682595,0
F82022,10,EAO,1001,5.9807695050121765,0
F82022,10,EAO,1002,26.587973716650595,0
F82022,10,EAO,1003,25.52934042643801,0
F82022,10,EAO,1004,25.554188315296415,0
F82022,10,EAO,1005,24.624182790211307,0
F82022,10,EAO,1006,8.880328361462489,0
F82022,10,EAO,1007,16.16984855758301,0
F82022,10,EAO,1008,25.09546554536837,0
F82022,10,EAO,1009,13.529013055542237,0
F82022,10,EAO,1010,25.096540695924432,0
F82022,10,EAO,1011,24.29295586409853,0
F82022,10,EAO,1012,24.31283229868359,0
F82022,10,EAO,1013,25.196937037140287,0
F82022,10,EAO,1014,24.49660641874698,0
F82022,10,EAO,1015,25.08858369845757,0
F82022,10,EAO,1016,12.672451328389798,0
F82022,10,EAO,1017,25.670180837287262,0
F82022,10,EAO,1018,25.822450752193618,0
F82022,10,EAO,1019,8.565017134200843,0
F82022,10,EAO,1020,13.54788472142991,0
F82022,10,EAO,1021,24.189901378113973,0
F82022,10,EAO,1022,26.018349441565988,0
F82022,10,EAO,1023,26.085475149143804,0
F82022,10,EAO,1024,23.605469007333795,0
F82022,10,EAO,1025,7.369336317586203,0
F82022,10,EAO,1026,25.61841875090977,0
F82022,10,EAO,1027,26.55111714033137,0
F82022,10,EAO,1028,24.208535833485712,0
F82022,10,EAO,1029,6.721263687589271,0
F82022,10,EAO+M2,1000,8.347161295393107,0
F82022,10,EAO+M2,1001,10.655054897875743,0
F82022,10,EAO+M2,1002,6.1919526564206535,0
F82022,10,EAO+M2,1003,24.319166580879937,0
F82022,10,EAO+M2,1004,12.179362732399568,0
F82022,10,EAO+M2,1005,15.043604676551695,0
F82022,10,EAO+M2,1006,5.672418879231827,0
F82022,10,EAO+M2,1007,23.93891820698127,0
F82022,10,EAO+M2,1008,25.506945885739697,0
F82022,10,EAO+M2,1009,25.8345509461451,0
F82022,10,EAO+M2,1010,25.89741541504054,0
F82022,10,EAO+M2,1011,12.932438456473392,0
F82022,10,EAO+M2,1012,11.085377887762206,0
F82022,10,EAO+M2,1013,24.787914791471394,0
F82022,10,EAO+M2,1014,25.241211951372406,0
F82022,10,EAO+M2,1015,26.822991754684608,0
F82022,10,EAO+M2,1016,25.421905240266824,0
F82022,10,EAO+M2,1017,22.44597328757027,0
F82022,10,EAO+M2,1018,6.463652113336593,0
F82022,10,EAO+M2,1019,16.136602847989252,0
F82022,10,EAO+M2,1020,7.3168366757518015,0
F82022,10,EAO+M2,1021,24.154105132134646,0
F82022,10,EAO+M2,1022,25.35529534010493,0
F82022,10,EAO+M2,1023,26.07761077628311,0
F82022,10,EAO+M2,1024,123.82649932165259,0
F82022,10,EAO+M2,1025,24.4464042774307,0
F82022,10,EAO+M2,1026,25.11512675101585,0
F82022,10,EAO+M2,1027,25.824067611543796,0
F82022,10,EAO+M2,1028,24.891439511317458,0
F82022,10,EAO+M2,1029,10.00806432780837,0
F82022,10,EAO+feed,1000,25.238620092682595,0
F82022,10,EAO+feed,1001,5.9807695050121765,0
F82022,10,EAO+feed,1002,26.587973716650595,0
F82022,10,EAO+feed,1003,25.52934042643801,0
F82022,10,EAO+feed,1004,25.554188315296415,0
F82022,10,EAO+feed,1005,24.624182790211307,0
F82022,10,EAO+feed,1006,8.880328361462489,0
F82022,10,EAO+feed,1007,16.16984855758301,0
F82022,10,EAO+feed,1008,25.09546554536837,0
F82022,10,EAO+feed,1009,13.529013055542237,0
F82022,10,EAO+feed,1010,25.096540695924432,0
F82022,10,EAO+feed,1011,24.29295586409853,0
F82022,10,EAO+feed,1012,24.31283229868359,0
F82022,10,EAO+feed,1013,25.196937037140287,0
F82022,10,EAO+feed,1014,24.49660641874698,0
F82022,10,EAO+feed,1015,25.08858369845757,0
F82022,10,EAO+feed,1016,12.672451328389798,0
F82022,10,EAO+feed,1017,25.670180837287262,0
F82022,10,EAO+feed,1018,25.822450752193618,0
F82022,10,EAO+feed,1019,8.565017134200843,0
F82022,10,EAO+feed,1020,13.54788472142991,0
F82022,10,EAO+feed,1021,24.189901378113973,0
F82022,10,EAO+feed,1022,26.018349441565988,0
F82022,10,EAO+feed,1023,26.085475149143804,0
F82022,10,EAO+feed,1024,23.605469007333795,0
F82022,10,EAO+feed,1025,7.369336317586203,0
F82022,10,EAO+feed,1026,25.61841875090977,0
F82022,10,EAO+feed,1027,26.55111714033137,0
F82022,10,EAO+feed,1028,24.208535833485712,0
F82022,10,EAO+feed,1029,6.721263687589271,0
F82022,10,RS-EAO,1000,8.347161295393107,0
F82022,10,RS-EAO,1001,10.655054897875743,0
F82022,10,RS-EAO,1002,6.1919526564206535,0
F82022,10,RS-EAO,1003,24.319166580879937,0
F82022,10,RS-EAO,1004,12.179362732399568,0
F82022,10,RS-EAO,1005,15.043604676551695,0
F82022,10,RS-EAO,1006,5.672418879231827,0
F82022,10,RS-EAO,1007,23.93891820698127,0
F82022,10,RS-EAO,1008,25.506945885739697,0
F82022,10,RS-EAO,1009,25.8345509461451,0
F82022,10,RS-EAO,1010,25.89741541504054,0
F82022,10,RS-EAO,1011,12.932438456473392,0
F82022,10,RS-EAO,1012,11.085377887762206,0
F82022,10,RS-EAO,1013,24.787914791471394,0
F82022,10,RS-EAO,1014,25.241211951372406,0
F82022,10,RS-EAO,1015,26.822991754684608,0
F82022,10,RS-EAO,1016,25.421905240266824,0
F82022,10,RS-EAO,1017,22.44597328757027,0
F82022,10,RS-EAO,1018,6.463652113336593,0
F82022,10,RS-EAO,1019,16.136602847989252,0
F82022,10,RS-EAO,1020,7.3168366757518015,0
F82022,10,RS-EAO,1021,24.154105132134646,0
F82022,10,RS-EAO,1022,25.35529534010493,0
F82022,10,RS-EAO,1023,26.07761077628311,0
F82022,10,RS-EAO,1024,123.82649932165259,0
F82022,10,RS-EAO,1025,24.4464042774307,0
F82022,10,RS-EAO,1026,25.11512675101585,0
F82022,10,RS-EAO,1027,25.824067611543796,0
F82022,10,RS-EAO,1028,24.891439511317458,0
F82022,10,RS-EAO,1029,10.00806432780837,0
F92022,10,EAO,1000,0.00027077197592006996,0
F92022,10,EAO,1001,0.0005454200872918591,0
F92022,10,EAO,1002,359.09438713180316,0
F92022,10,EAO,1003,2.433944746371708e-05,0
F92022,10,EAO,1004,0.0001612871506040392,0
F92022,10,EAO,1005,2.6504720153752714e-05,0
F92022,10,EAO,1006,0.0002788525785035745,0
F92022,10,EAO,1007,7.298404761968413e-05,0
F92022,10,EAO,1008,6.103193936723983e-05,0
F92022,10,EAO,1009,0.00025517641006445047,0
F92022,10,EAO,1010,1.9682865058712196e-05,0
F92022,10,EAO,1011,4.362596837381716e-05,0
F92022,10,EAO,1012,1.2168480679974891e-05,0
F92022,10,EAO,1013,2.0592119653883856e-05,0
F92022,10,EAO,1014,1.767278672559769e-05,0
F92022,10,EAO,1015,4.264405833964702e-05,0
F92022,10,EAO,1016,7.304288374143653e-06,0
F92022,10,EAO,1017,0.001031893265007966,0
F92022,10,EAO,1018,3.06262300000526e-05,0
F92022,10,EAO,1019,8.542601335648214e-06,0
F92022,10,EAO,1020,366.11569080349045,0
F92022,10,EAO,1021,359.09435608450167,0
F92022,10,EAO,1022,359.0957561546238,0
F92022,10,EAO,1023,4.4200769480085e-06,0
F92022,10,EAO,1024,359.0943454716016,0
F92022,10,EAO,1025,1.942745984706562e-05,0
F92022,10,EAO,1026,1.3031362868787255e-06,0
F92022,10,EAO,1027,5.7773228945734445e-05,0
F92022,10,EAO,1028,0.0001729909472487634,0
F92022,10,EAO,1029,0.001609071178791055,0
F92022,10,EAO+M2,1000,359.0943447803602,0
F92022,10,EAO+M2,1001,359.0943447803679,0
F92022,10,EAO+M2,1002,359.0943447803629,0
F92022,10,EAO+M2,1003,359.09434478036064,0
F92022,10,EAO+M2,1004,359.0943447803602,0
F92022,10,EAO+M2,1005,4.547473508864641e-13,0
F92022,10,EAO+M2,1006,359.0943447803602,0
F92022,10,EAO+M2,1007,359.0943447803602,0
F92022,10,EAO+M2,1008,9.094947017729282e-13,0
F92022,10,EAO+M2,1009,359.094344780362,0
F92022,10,EAO+M2,1010,359.09434478035973,0
F92022,10,EAO+M2,1011,359.0943447803643,0
F92022,10,EAO+M2,1012,359.09434478036064,0
F92022,10,EAO+M2,1013,359.0943447803611,0
F92022,10,EAO+M2,1014,359.0943447803602,0
F92022,10,EAO+M2,1015,359.09434478036655,0
F92022,10,EAO+M2,1016,1.3642420526593924e-12,0
F92022,10,EAO+M2,1017,359.09434478057665,0
F92022,10,EAO+M2,1018,359.0943447803593,0
F92022,10,EAO+M2,1019,359.094344780362,0
F92022,10,EAO+M2,1020,359.0943447803611,0
F92022,10,EAO+M2,1021,359.09434478036565,0
F92022,10,EAO+M2,1022,359.094344780362,0
F92022,10,EAO+M2,1023,359.094347953534,0
F92022,10,EAO+M2,1024,359.0943447803602,0
F92022,10,EAO+M2,1025,359.094344780362,0
F92022,10,EAO+M2,1026,359.19280567948226,0
F92022,10,EAO+M2,1027,359.09434478036155,0
F92022,10,EAO+M2,1028,359.09434478035973,0
F92022,10,EAO+M2,1029,359.0943447803652,0
F92022,10,EAO+feed,1000,0.00027077197592006996,0
F92022,10,EAO+feed,1001,0.0005454200872918591,0
F92022,10,EAO+feed,1002,359.09438713180316,0
F92022,10,EAO+feed,1003,2.433944746371708e-05,0
F92022,10,EAO+feed,1004,0.0001612871506040392,0
F92022,10,EAO+feed,1005,2.6504720153752714e-05,0
F92022,10,EAO+feed,1006,0.0002788525785035745,0
F92022,10,EAO+feed,1007,7.298404761968413e-05,0
F92022,10,EAO+feed,1008,6.103193936723983e-05,0
F92022,10,EAO+feed,1009,0.00025517641006445047,0
F92022,10,EAO+feed,1010,1.9682865058712196e-05,0
F92022,10,EAO+feed,1011,4.362596837381716e-05,0
F92022,10,EAO+feed,1012,1.2168480679974891e-05,0
F92022,10,EAO+feed,1013,2.0592119653883856e-05,0
F92022,10,EAO+feed,1014,1.767278672559769e-05,0
F92022,10,EAO+feed,1015,4.264405833964702e-05,0
F92022,10,EAO+feed,1016,7.304288374143653e-06,0
F92022,10,EAO+feed,1017,0.001031893265007966,0
F92022,10,EAO+feed,1018,3.06262300000526e-05,0
F92022,10,EAO+feed,1019,8.542601335648214e-06,0
F92022,10,EAO+feed,1020,366.11569080349045,0
F92022,10,EAO+feed,1021,359.09435608450167,0
F92022,10,EAO+feed,1022,359.0957561546238,0
F92022,10,EAO+feed,1023,4.4200769480085e-06,0
F92022,10,EAO+feed,1024,359.0943454716016,0
F92022,10,EAO+feed,1025,1.942745984706562e-05,0
F92022,10,EAO+feed,1026,1.3031362868787255e-06,0
F92022,10,EAO+feed,1027,5.7773228945734445e-05,0
F92022,10,EAO+feed,1028,0.0001729909472487634,0
F92022,10,EAO+feed,1029,0.001609071178791055,0
F92022,10,RS-EAO,1000,359.0943447803602,4
F92022,10,RS-EAO,1001,359.0943447803679,1
F92022,10,RS-EAO,1002,359.0943447803629,0
F92022,10,RS-EAO,1003,359.09434478036064,3
F92022,10,RS-EAO,1004,359.0943447803602,6
F92022,10,RS-EAO,1005,4.547473508864641e-13,1
F92022,10,RS-EAO,1006,359.0943447803602,6
F92022,10,RS-EAO,1007,359.0943447803602,5
F92022,10,RS-EAO,1008,9.094947017729282e-13,5
F92022,10,RS-EAO,1009,359.094344780362,3
F92022,10,RS-EAO,1010,359.09434478035973,4
F92022,10,RS-EAO,1011,359.0943447803643,2
F92022,10,RS-EAO,1012,359.09434478036064,7
F92022,10,RS-EAO,1013,359.0943447803611,5
F92022,10,RS-EAO,1014,359.0943447803602,6
F92022,10,RS-EAO,1015,359.09434478036655,4
F92022,10,RS-EAO,1016,1.3642420526593924e-12,3
F92022,10,RS-EAO,1017,359.09434478057665,0
F92022,10,RS-EAO,1018,359.0943447803593,6
F92022,10,RS-EAO,1019,359.094344780362,5
F92022,10,RS-EAO,1020,359.0943447803611,5
F92022,10,RS-EAO,1021,359.09434478036565,3
F92022,10,RS-EAO,1022,359.094344780362,0
F92022,10,RS-EAO,1023,359.094347953534,0
F92022,10,RS-EAO,1024,359.0943447803602,7
F92022,10,RS-EAO,1025,359.094344780362,5
F92022,10,RS-EAO,1026,359.19280567948226,0
F92022,10,RS-EAO,1027,359.094344780362,6
F92022,10,RS-EAO,1028,359.09434478035973,5
F92022,10,RS-EAO,1029,359.0943447803652,4
F102022,10,EAO,1000,222.1744017011806,0
F102022,10,EAO,1001,223.34503252549848,0
F102022,10,EAO,1002,221.3494277103664,0
F102022,10,EAO,1003,222.68073990484982,0
F102022,10,EAO,1004,221.12484366671333,0
F102022,10,EAO,1005,223.7332364304266,0
F102022,10,EAO,1006,226.86083373712836,0
F102022,10,EAO,1007,326.33081638091744,0
F102022,10,EAO,1008,222.47387669345335,0
F102022,10,EAO,1009,223.458375268518,0
F102022,10,EAO,1010,222.67177385726472,0
F102022,10,EAO,1011,223.00446029555178,0
F102022,10,EAO,1012,222.537687513322,0
F102022,10,EAO,1013,222.4738766511823,0
F102022,10,EAO,1014,328.4050657017201,0
F102022,10,EAO,1015,220.8729810772561,0
F102022,10,EAO,1016,223.07009206558587,0
F102022,10,EAO,1017,220.87265085808758,0
F102022,10,EAO,1018,223.23561086313748,0
F102022,10,EAO,1019,221.1231963772957,0
F102022,10,EAO,1020,229.92094813222502,0
F102022,10,EAO,1021,222.53768757555918,0
F102022,10,EAO,1022,221.12205755991135,0
F102022,10,EAO,1023,221.34959479283862,0
F102022,10,EAO,1024,220.87264975686503,0
F102022,10,EAO,1025,222.17440078401341,0
F102022,10,EAO,1026,223.00271123652146,0
F102022,10,EAO,1027,222.53768749293795,0
F102022,10,EAO,1028,228.16632138222212,0
F102022,10,EAO,1029,222.47387664133657,0
F102022,10,EAO+M2,1000,223.22724385304628,0
F102022,10,EAO+M2,1001,221.625667771189,0
F102022,10,EAO+M2,1002,222.19800379326944,0
F102022,10,EAO+M2,1003,220.9610006406415,0
F102022,10,EAO+M2,1004,222.44094414026995,0
F102022,10,EAO+M2,1005,223.00120911132944,0
F102022,10,EAO+M2,1006,317.33271963962625,0
F102022,10,EAO+M2,1007,223.00324332380933,0
F102022,10,EAO+M2,1008,325.7591046932271,0
F102022,10,EAO+M2,1009,223.40429704105827,0
F102022,10,EAO+M2,1010,318.2250259215716,0
F102022,10,EAO+M2,1011,221.1220572825241,0
F102022,10,EAO+M2,1012,222.06434591371817,0
F102022,10,EAO+M2,1013,222.06295200101385,0
F102022,10,EAO+M2,1014,222.06439505267144,0
F102022,10,EAO+M2,1015,221.12205728252457,0
F102022,10,EAO+M2,1016,222.53768749269966,0
F102022,10,EAO+M2,1017,221.3494272349849,0
F102022,10,EAO+M2,1018,222.47387661441644,0
F102022,10,EAO+M2,1019,221.3494272349849,0
F102022,10,EAO+M2,1020,222.15165065229667,0
F102022,10,EAO+M2,1021,220.87264974898017,0
F102022,10,EAO+M2,1022,222.4324714761451,0
F102022,10,EAO+M2,1023,223.13743887490773,0
F102022,10,EAO+M2,1024,324.1099080704289,0
F102022,10,EAO+M2,1025,221.19629065656363,0
F102022,10,EAO+M2,1026,322.7382276901567,0
F102022,10,EAO+M2,1027,222.4738766144169,0
F102022,10,EAO+M2,1028,221.1220572825241,0
F102022,10,EAO+M2,1029,223.73323643040703,0
F102022,10,EAO+feed,1000,222.1744017011806,0
F102022,10,EAO+feed,1001,223.34503252549848,0
F102022,10,EAO+feed,1002,221.3494277103664,0
F102022,10,EAO+feed,1003,222.68073990484982,0
F102022,10,EAO+feed,1004,221.12484366671333,0
F102022,10,EAO+feed,1005,223.7332364304266,0
F102022,10,EAO+feed,1006,226.86083373712836,0
F102022,10,EAO+feed,1007,326.33081638091744,0
F102022,10,EAO+feed,1008,222.47387669345335,0
F102022,10,EAO+feed,1009,223.458375268518,0
F102022,10,EAO+feed,1010,222.67177385726472,0
F102022,10,EAO+feed,1011,223.00446029555178,0
F102022,10,EAO+feed,1012,222.537687513322,0
F102022,10,EAO+feed,1013,222.4738766511823,0
F102022,10,EAO+feed,1014,328.4050657017201,0
F102022,10,EAO+feed,1015,220.8729810772561,0
F102022,10,EAO+feed,1016,223.07009206558587,0
F102022,10,EAO+feed,1017,220.87265085808758,0
F102022,10,EAO+feed,1018,223.23561086313748,0
F102022,10,EAO+feed,1019,221.1231963772957,0
F102022,10,EAO+feed,1020,229.92094813222502,0
F102022,10,EAO+feed,1021,222.53768757555918,0
F102022,10,EAO+feed,1022,221.12205755991135,0
F102022,10,EAO+feed,1023,221.34959479283862,0
F102022,10,EAO+feed,1024,220.87264975686503,0
F102022,10,EAO+feed,1025,222.17440078401341,0
F102022,10,EAO+feed,1026,223.00271123652146,0
F102022,10,EAO+feed,1027,222.53768749293795,0
F102022,10,EAO+feed,1028,228.16632138222212,0
F102022,10,EAO+feed,1029,222.47387664133657,0
F102022,10,RS-EAO,1000,223.22724385304628,0
F102022,10,RS-EAO,1001,221.625667771189,3
F102022,10,RS-EAO,1002,222.19800379326944,0
F102022,10,RS-EAO,1003,220.9610006406415,3
F102022,10,RS-EAO,1004,222.44094414026995,0
F102022,10,RS-EAO,1005,223.00120911132944,0
F102022,10,RS-EAO,1006,317.33271963962625,0
F102022,10,RS-EAO,1007,223.00324332380933,0
F102022,10,RS-EAO,1008,325.7591046932271,0
F102022,10,RS-EAO,1009,223.40429704105827,2
F102022,10,RS-EAO,1010,318.2250259215716,0
F102022,10,RS-EAO,1011,221.1220572825241,3
F102022,10,RS-EAO,1012,222.06434591371817,0
F102022,10,RS-EAO,1013,222.06295200101385,0
F102022,10,RS-EAO,1014,222.06439505267144,0
F102022,10,RS-EAO,1015,221.1220572825241,2
F102022,10,RS-EAO,1016,222.5376874926992,3
F102022,10,RS-EAO,1017,221.3494272349849,5
F102022,10,RS-EAO,1018,222.47387661441644,3
F102022,10,RS-EAO,1019,221.3494272349849,7
F102022,10,RS-EAO,1020,222.15165065229667,4
F102022,10,RS-EAO,1021,220.87264974898017,6
F102022,10,RS-EAO,1022,222.4324714761451,0
F102022,10,RS-EAO,1023,223.13743887490773,0
F102022,10,RS-EAO,1024,324.1099080704289,0
F102022,10,RS-EAO,1025,221.19629065656363,0
F102022,10,RS-EAO,1026,322.7382276901567,1
F102022,10,RS-EAO,1027,222.4738766144169,6
F102022,10,RS-EAO,1028,221.1220572825241,7
F102022,10,RS-EAO,1029,223.73323643040703,5
F112022,10,EAO,1000,9.585192856320646e-06,0
F112022,10,EAO,1001,8.898273335944396e-07,0
F112022,10,EAO,1002,876.0688983265504,0
F112022,10,EAO,1003,2.060895803879248e-05,0
F112022,10,EAO,1004,1.317437136094668e-05,0
F112022,10,EAO,1005,7.344624464167282e-09,0
F112022,10,EAO,1006,2.350693648622837e-07,0
F112022,10,EAO,1007,2.3693991352047306e-05,0
F112022,10,EAO,1008,0.011945248490974336,0
F112022,10,EAO,1009,0.00013447733954308205,0
F112022,10,EAO,1010,2.4431431029370287e-05,0
F112022,10,EAO,1011,1.2181987585790921e-05,0
F112022,10,EAO,1012,4.1178564515576e-05,0
F112022,10,EAO,1013,3.0955879992689006e-07,0
F112022,10,EAO,1014,1.0808566912601236e-06,0
F112022,10,EAO,1015,6.243518737392151e-05,0
F112022,10,EAO,1016,1.261732631974155e-05,0
F112022,10,EAO,1017,5.181246933716466e-05,0
F112022,10,EAO,1018,8.620295375294518e-07,0
F112022,10,EAO,1019,4.1515760131005663e-05,0
F112022,10,EAO,1020,6.87000510879443e-06,0
F112022,10,EAO,1021,7.799867762514623e-05,0
F112022,10,EAO,1022,1.3925300663686357e-06,0
F112022,10,EAO,1023,6.130751944510848e-05,0
F112022,10,EAO,1024,22.425596250340732,0
F112022,10,EAO,1025,1.547962119730073e-05,0
F112022,10,EAO,1026,1.395240360579919e-06,0
F112022,10,EAO,1027,2.961161771963816e-05,0
F112022,10,EAO,1028,0.00019469750668577035,0
F112022,10,EAO,1029,1.9347534362168517e-05,0
F112022,10,EAO+M2,1000,4.547473508864641e-13,0
F112022,10,EAO+M2,1001,9.094947017729282e-13,0
F112022,10,EAO+M2,1002,876.9248252571201,0
F112022,10,EAO+M2,1003,5.4569682106375694e-12,0
F112022,10,EAO+M2,1004,876.9933178731749,0
F112022,10,EAO+M2,1005,877.2868931808684,0
F112022,10,EAO+M2,1006,876.9932880498477,0
F112022,10,EAO+M2,1007,9.094947017729282e-13,0
F112022,10,EAO+M2,1008,876.4586483648036,0
F112022,10,EAO+M2,1009,9.094947017729282e-13,0
F112022,10,EAO+M2,1010,18.663738916603506,0
F112022,10,EAO+M2,1011,8.640199666842818e-12,0
F112022,10,EAO+M2,1012,876.06889832655,0
F112022,10,EAO+M2,1013,9.094947017729282e-13,0
F112022,10,EAO+M2,1014,876.8461549324993,0
F112022,10,EAO+M2,1015,1.3642420526593924e-12,0
F112022,10,EAO+M2,1016,1.3642420526593924e-12,0
F112022,10,EAO+M2,1017,1.3642420526593924e-12,0
F112022,10,EAO+M2,1018,876.924825257121,0
F112022,10,EAO+M2,1019,4.547473508864641e-13,0
F112022,10,EAO+M2,1020,879.1472389878513,0
F112022,10,EAO+M2,1021,877.2870530130249,0
F112022,10,EAO+M2,1022,9.094947017729282e-13,0
F112022,10,EAO+M2,1023,1.3642420526593924e-12,0
F112022,10,EAO+M2,1024,9.094947017729282e-13,0
F112022,10,EAO+M2,1025,876.0688983265495,0
F112022,10,EAO+M2,1026,1.8189894035458565e-12,0
F112022,10,EAO+M2,1027,9.094947017729282e-13,0
F112022,10,EAO+M2,1028,876.9932866620784,0
F112022,10,EAO+M2,1029,1.3642420526593924e-12,0
F112022,10,EAO+feed,1000,9.585192856320646e-06,0
F112022,10,EAO+feed,1001,8.898273335944396e-07,0
F112022,10,EAO+feed,1002,876.0688983265504,0
F112022,10,EAO+feed,1003,2.060895803879248e-05,0
F112022,10,EAO+feed,1004,1.317437136094668e-05,0
F112022,10,EAO+feed,1005,7.344624464167282e-09,0
F112022,10,EAO+feed,1006,2.350693648622837e-07,0
F112022,10,EAO+feed,1007,2.3693991352047306e-05,0
F112022,10,EAO+feed,1008,0.011945248490974336,0
F112022,10,EAO+feed,1009,0.00013447733954308205,0
F112022,10,EAO+feed,1010,2.4431431029370287e-05,0
F112022,10,EAO+feed,1011,1.2181987585790921e-05,0
F112022,10,EAO+feed,1012,4.1178564515576e-05,0
F112022,10,EAO+feed,1013,3.0955879992689006e-07,0
F112022,10,EAO+feed,1014,1.0808566912601236e-06,0
F112022,10,EAO+feed,1015,6.243518737392151e-05,0
F112022,10,EAO+feed,1016,1.261732631974155e-05,0
F112022,10,EAO+feed,1017,5.181246933716466e-05,0
F112022,10,EAO+feed,1018,8.620295375294518e-07,0
F112022,10,EAO+feed,1019,4.1515760131005663e-05,0
F112022,10,EAO+feed,1020,6.87000510879443e-06,0
F112022,10,EAO+feed,1021,7.799867762514623e-05,0
F112022,10,EAO+feed,1022,1.3925300663686357e-06,0
F112022,10,EAO+feed,1023,6.130751944510848e-05,0
F112022,10,EAO+feed,1024,22.425596250340732,0
F112022,10,EAO+feed,1025,1.547962119730073e-05,0
F112022,10,EAO+feed,1026,1.395240360579919e-06,0
F112022,10,EAO+feed,1027,2.961161771963816e-05,0
F112022,10,EAO+feed,1028,0.00019469750668577035,0
F112022,10,EAO+feed,1029,1.9347534362168517e-05,0
F112022,10,RS-EAO,1000,4.547473508864641e-13,4
F112022,10,RS-EAO,1001,9.094947017729282e-13,4
F112022,10,RS-EAO,1002,876.9248252571206,5
F112022,10,RS-EAO,1003,5.4569682106375694e-12,4
F112022,10,RS-EAO,1004,876.9933178731749,0
F112022,10,RS-EAO,1005,877.2868931808684,0
F112022,10,RS-EAO,1006,876.9932880498477,0
F112022,10,RS-EAO,1007,9.094947017729282e-13,4
F112022,10,RS-EAO,1008,876.4586545161305,1
F112022,10,RS-EAO,1009,9.094947017729282e-13,4
F112022,10,RS-EAO,1010,18.663738916603506,0
F112022,10,RS-EAO,1011,8.640199666842818e-12,0
F112022,10,RS-EAO,1012,876.06889832655,3
F112022,10,RS-EAO,1013,1.3642420526593924e-12,4
F112022,10,RS-EAO,1014,876.8461549324993,0
F112022,10,RS-EAO,1015,1.3642420526593924e-12,1
F112022,10,RS-EAO,1016,1.3642420526593924e-12,3
F112022,10,RS-EAO,1017,1.3642420526593924e-12,3
F112022,10,RS-EAO,1018,876.924825257121,0
F112022,10,RS-EAO,1019,4.547473508864641e-13,4
F112022,10,RS-EAO,1020,879.1472389878513,0
F112022,10,RS-EAO,1021,877.2870530130249,0
F112022,10,RS-EAO,1022,9.094947017729282e-13,4
F112022,10,RS-EAO,1023,1.3642420526593924e-12,2
F112022,10,RS-EAO,1024,1.3642420526593924e-12,4
F112022,10,RS-EAO,1025,876.0688983265495,0
F112022,10,RS-EAO,1026,2.2737367544323206e-12,4
F112022,10,RS-EAO,1027,9.094947017729282e-13,4
F112022,10,RS-EAO,1028,876.9932866620784,0
F112022,10,RS-EAO,1029,1.3642420526593924e-12,4
F122022,10,EAO,1000,165.4703388099797,0
F122022,10,EAO,1001,166.98528013053465,0
F122022,10,EAO,1002,164.89782891153664,0
F122022,10,EAO,1003,166.42823118469505,0
F122022,10,EAO,1004,167.4388133446605,0
F122022,10,EAO,1005,170.57817442731084,0
F122022,10,EAO,1006,164.47552952366186,0
F122022,10,EAO,1007,165.91311811670903,0
F122022,10,EAO,1008,163.92933476183634,0
F122022,10,EAO,1009,164.47929230466434,0
F122022,10,EAO,1010,168.55132776647588,0
F122022,10,EAO,1011,166.5390926324858,0
F122022,10,EAO,1012,164.90215311748034,0
F122022,10,EAO,1013,166.7129294702181,0
F122022,10,EAO,1014,166.72170506706516,0
F122022,10,EAO,1015,166.4474018189162,0
F122022,10,EAO,1016,166.44779973587447,0
F122022,10,EAO,1017,166.5525940403918,0
F122022,10,EAO,1018,168.9492258249902,0
F122022,10,EAO,1019,166.46035719090014,0
F122022,10,EAO,1020,167.03108439713924,0
F122022,10,EAO,1021,166.2182094545724,0
F122022,10,EAO,1022,165.84374553646285,0
F122022,10,EAO,1023,164.89890926509133,0
F122022,10,EAO,1024,166.98017024517867,0
F122022,10,EAO,1025,166.57458897043216,0
F122022,10,EAO,1026,166.38884963565079,0
F122022,10,EAO,1027,166.44713400746923,0
F122022,10,EAO,1028,164.54941376419993,0
F122022,10,EAO,1029,166.46732813034714,0
F122022,10,EAO+M2,1000,178.03192165054043,0
F122022,10,EAO+M2,1001,167.43681746769607,0
F122022,10,EAO+M2,1002,164.4987453210315,0
F122022,10,EAO+M2,1003,171.84145462860397,0
F122022,10,EAO+M2,1004,167.85234822532448,0
F122022,10,EAO+M2,1005,214.00866653790672,0
F122022,10,EAO+M2,1006,171.64241482667558,0
F122022,10,EAO+M2,1007,171.83287354325603,0
F122022,10,EAO+M2,1008,185.47465841645362,0
F122022,10,EAO+M2,1009,167.44684193114563,0
F122022,10,EAO+M2,1010,167.44684193114563,0
F122022,10,EAO+M2,1011,166.46092686940938,0
F122022,10,EAO+M2,1012,165.5222106672336,0
F122022,10,EAO+M2,1013,165.93727191998778,0
F122022,10,EAO+M2,1014,164.57105697685165,0
F122022,10,EAO+M2,1015,166.41224549283606,0
F122022,10,EAO+M2,1016,164.4838890736346,0
F122022,10,EAO+M2,1017,168.25630934494893,0
F122022,10,EAO+M2,1018,165.42907824786334,0
F122022,10,EAO+M2,1019,165.92747664309263,0
F122022,10,EAO+M2,1020,165.95270946912387,0
F122022,10,EAO+M2,1021,165.9000647348007,0
F122022,10,EAO+M2,1022,168.60004071910816,0
F122022,10,EAO+M2,1023,164.50300003358507,0
F122022,10,EAO+M2,1024,171.79504708581044,0
F122022,10,EAO+M2,1025,164.9042553187628,0
F122022,10,EAO+M2,1026,166.40220919857938,0
F122022,10,EAO+M2,1027,170.3003567131891,0
F122022,10,EAO+M2,1028,166.46568794973155,0
F122022,10,EAO+M2,1029,171.246045178641,0
F122022,10,EAO+feed,1000,165.4703388099797,0
F122022,10,EAO+feed,1001,166.98528013053465,0
F122022,10,EAO+feed,1002,164.89782891153664,0
F122022,10,EAO+feed,1003,166.42823118469505,0
F122022,10,EAO+feed,1004,167.4388133446605,0
F122022,10,EAO+feed,1005,170.57817442731084,0
F122022,10,EAO+feed,1006,164.47552952366186,0
F122022,10,EAO+feed,1007,165.91311811670903,0
F122022,10,EAO+feed,1008,163.92933476183634,0
F122022,10,EAO+feed,1009,164.47929230466434,0
F122022,10,EAO+feed,1010,168.55132776647588,0
F122022,10,EAO+feed,1011,166.5390926324858,0
F122022,10,EAO+feed,1012,164.90215311748034,0
F122022,10,EAO+feed,1013,166.7129294702181,0
F122022,10,EAO+feed,1014,166.72170506706516,0
F122022,10,EAO+feed,1015,166.4474018189162,0
F122022,10,EAO+feed,1016,166.44779973587447,0
F122022,10,EAO+feed,1017,166.5525940403918,0
F122022,10,EAO+feed,1018,168.9492258249902,0
F122022,10,EAO+feed,1019,166.46035719090014,0
F122022,10,EAO+feed,1020,167.03108439713924,0
F122022,10,EAO+feed,1021,166.2182094545724,0
F122022,10,EAO+feed,1022,165.84374553646285,0
F122022,10,EAO+feed,1023,164.89890926509133,0
F122022,10,EAO+feed,1024,166.98017024517867,0
F122022,10,EAO+feed,1025,166.57458897043216,0
F122022,10,EAO+feed,1026,166.38884963565079,0
F122022,10,EAO+feed,1027,166.44713400746923,0
F122022,10,EAO+feed,1028,164.54941376419993,0
F122022,10,EAO+feed,1029,166.46732813034714,0
F122022,10,RS-EAO,1000,178.03192165054134,1
F122022,10,RS-EAO,1001,167.43681746769607,0
F122022,10,RS-EAO,1002,164.4987453210315,0
F122022,10,RS-EAO,1003,171.84145462860397,0
F122022,10,RS-EAO,1004,167.85234822532448,0
F122022,10,RS-EAO,1005,214.00866653790672,4
F122022,10,RS-EAO,1006,171.64241482667558,0
F122022,10,RS-EAO,1007,171.83287354325603,0
F122022,10,RS-EAO,1008,185.47465841645362,0
F122022,10,RS-EAO,1009,167.44684193114563,1
F122022,10,RS-EAO,1010,167.44684193114563,2
F122022,10,RS-EAO,1011,166.46092686940938,0
F122022,10,RS-EAO,1012,165.5222106672336,0
F122022,10,RS-EAO,1013,165.93727191998778,0
F122022,10,RS-EAO,1014,164.57105697685165,0
F122022,10,RS-EAO,1015,166.41224549283606,0
F122022,10,RS-EAO,1016,164.4838890736346,0
F122022,10,RS-EAO,1017,168.25630934494893,0
F122022,10,RS-EAO,1018,165.42907824786334,0
F122022,10,RS-EAO,1019,165.92747664309263,0
F122022,10,RS-EAO,1020,165.95270946912387,0
F122022,10,RS-EAO,1021,165.9000647348007,0
F122022,10,RS-EAO,1022,168.60004071910816,0
F122022,10,RS-EAO,1023,164.50300003358507,0
F122022,10,RS-EAO,1024,171.79504708581044,0
F122022,10,RS-EAO,1025,164.9042553187628,0
F122022,10,RS-EAO,1026,166.40220919857938,0
F122022,10,RS-EAO,1027,170.30035671318956,5
F122022,10,RS-EAO,1028,166.46568794973155,0
F122022,10,RS-EAO,1029,171.246045178641,1
F12022,20,EAO,1000,69.70056804218655,0
F12022,20,EAO,1001,18.347650152515826,0
F12022,20,EAO,1002,1.7347113829983414,0
F12022,20,EAO,1003,1.9306677678860638,0
F12022,20,EAO,1004,14.475584910456575,0
F12022,20,EAO,1005,27.520410419064774,0
F12022,20,EAO,1006,50.022498363334705,0
F12022,20,EAO,1007,11.931795740126176,0
F12022,20,EAO,1008,1.0389264898748252,0
F12022,20,EAO,1009,9.40896053533487,0
F12022,20,EAO,1010,59.10127085351809,0
F12022,20,EAO,1011,13.62594916795507,0
F12022,20,EAO,1012,9.74290238979313,0
F12022,20,EAO,1013,8.748101322087791,0
F12022,20,EAO,1014,5.73826122925982,0
F12022,20,EAO,1015,187.65357951193698,0
F12022,20,EAO,1016,1.0509301797487751,0
F12022,20,EAO,1017,8.270159580761401,0
F12022,20,EAO,1018,15.813370025680399,0
F12022,20,EAO,1019,39.256284315155085,0
F12022,20,EAO,1020,123.8247125628111,0
F12022,20,EAO,1021,39.15510569300926,0
F12022,20,EAO,1022,3.899269443065293,0
F12022,20,EAO,1023,1.459228276935164,0
F12022,20,EAO,1024,23.666970181719876,0
F12022,20,EAO,1025,4.056749093273311,0
F12022,20,EAO,1026,20.048166970596412,0
F12022,20,EAO,1027,60.77341695040485,0
F12022,20,EAO,1028,63.00761763172028,0
F12022,20,EAO,1029,0.2973454083229399,0
F12022,20,EAO+M2,1000,8.458300726488233e-11,0
F12022,20,EAO+M2,1001,1.1641532182693481e-10,0
F12022,20,EAO+M2,1002,3.987565833085682e-10,0
F12022,20,EAO+M2,1003,4.255483645465574e-07,0
F12022,20,EAO+M2,1004,1.6257217794191092e-11,0
F12022,20,EAO+M2,1005,1.2072767958670738e-06,0
F12022,20,EAO+M2,1006,1.3642420526593924e-11,0
F12022,20,EAO+M2,1007,5.684341886080801e-13,0
F12022,20,EAO+M2,1008,2.4277824195451103e-09,0
F12022,20,EAO+M2,1009,5.479137143993285e-10,0
F12022,20,EAO+M2,1010,3.080744158978632e-05,0
F12022,20,EAO+M2,1011,1.7924776329891756e-08,0
F12022,20,EAO+M2,1012,5.229594535194337e-10,0
F12022,20,EAO+M2,1013,4.730907221528469e-09,0
F12022,20,EAO+M2,1014,4.423930022312561e-08,0
F12022,20,EAO+M2,1015,1.4779288903810084e-12,0
F12022,20,EAO+M2,1016,2.3874235921539366e-11,0
F12022,20,EAO+M2,1017,4.916955731459893e-11,0
F12022,20,EAO+M2,1018,3.042259777430445e-10,0
F12022,20,EAO+M2,1019,6.17429805060965e-08,0
F12022,20,EAO+M2,1020,1.141415850725025e-10,0
F12022,20,EAO+M2,1021,3.7215386328171007e-10,0
F12022,20,EAO+M2,1022,3.119504299320397e-08,0
F12022,20,EAO+M2,1023,1.7621459846850485e-12,0
F12022,20,EAO+M2,1024,2.4863311409717426e-10,0
F12022,20,EAO+M2,1025,8.041877208597725e-08,0
F12022,20,EAO+M2,1026,7.264588930411264e-11,0
F12022,20,EAO+M2,1027,6.821210263296962e-13,0
F12022,20,EAO+M2,1028,1.5916157281026244e-11,0
F12022,20,EAO+M2,1029,7.389644451905042e-13,0
F12022,20,EAO+feed,1000,69.70056804218655,0
F12022,20,EAO+feed,1001,18.347650152515826,0
F12022,20,EAO+feed,1002,1.7347113829983414,0
F12022,20,EAO+feed,1003,1.9306677678860638,0
F12022,20,EAO+feed,1004,14.475584910456575,0
F12022,20,EAO+feed,1005,27.520410419064774,0
F12022,20,EAO+feed,1006,50.022498363334705,0
F12022,20,EAO+feed,1007,11.931795740126176,0
F12022,20,EAO+feed,1008,1.0389264898748252,0
F12022,20,EAO+feed,1009,9.40896053533487,0
F12022,20,EAO+feed,1010,59.10127085351809,0
F12022,20,EAO+feed,1011,13.62594916795507,0
F12022,20,EAO+feed,1012,9.74290238979313,0
F12022,20,EAO+feed,1013,8.748101322087791,0
F12022,20,EAO+feed,1014,5.73826122925982,0
F12022,20,EAO+feed,1015,187.65357951193698,0
F12022,20,EAO+feed,1016,1.0509301797487751,0
F12022,20,EAO+feed,1017,8.270159580761401,0
F12022,20,EAO+feed,1018,15.813370025680399,0
F12022,20,EAO+feed,1019,39.256284315155085,0
F12022,20,EAO+feed,1020,123.8247125628111,0
F12022,20,EAO+feed,1021,39.15510569300926,0
F12022,20,EAO+feed,1022,3.899269443065293,0
F12022,20,EAO+feed,1023,1.459228276935164,0
F12022,20,EAO+feed,1024,23.666970181719876,0
F12022,20,EAO+feed,1025,4.056749093273311,0
F12022,20,EAO+feed,1026,20.048166970596412,0
F12022,20,EAO+feed,1027,60.77341695040485,0
F12022,20,EAO+feed,1028,63.00761763172028,0
F12022,20,EAO+feed,1029,0.2973454083229399,0
F12022,20,RS-EAO,1000,8.458300726488233e-11,0
F12022,20,RS-EAO,1001,1.1641532182693481e-10,0
F12022,20,RS-EAO,1002,3.987565833085682e-10,0
F12022,20,RS-EAO,1003,4.255483645465574e-07,0
F12022,20,RS-EAO,1004,1.6257217794191092e-11,0
F12022,20,RS-EAO,1005,1.2072767958670738e-06,0
F12022,20,RS-EAO,1006,1.3642420526593924e-11,0
F12022,20,RS-EAO,1007,5.684341886080801e-13,0
F12022,20,RS-EAO,1008,2.4277824195451103e-09,0
F12022,20,RS-EAO,1009,5.479137143993285e-10,0
F12022,20,RS-EAO,1010,3.080744158978632e-05,0
F12022,20,RS-EAO,1011,1.7924776329891756e-08,0
F12022,20,RS-EAO,1012,5.229594535194337e-10,0
F12022,20,RS-EAO,1013,4.730907221528469e-09,0
F12022,20,RS-EAO,1014,4.423930022312561e-08,0
F12022,20,RS-EAO,1015,1.4779288903810084e-12,0
F12022,20,RS-EAO,1016,2.3874235921539366e-11,0
F12022,20,RS-EAO,1017,4.916955731459893e-11,0
F12022,20,RS-EAO,1018,3.042259777430445e-10,0
F12022,20,RS-EAO,1019,6.17429805060965e-08,0
F12022,20,RS-EAO,1020,1.141415850725025e-10,0
F12022,20,RS-EAO,1021,3.7215386328171007e-10,0
F12022,20,RS-EAO,1022,3.119504299320397e-08,0
F12022,20,RS-EAO,1023,1.7621459846850485e-12,0
F12022,20,RS-EAO,1024,2.4863311409717426e-10,0
F12022,20,RS-EAO,1025,8.041877208597725e-08,0
F12022,20,RS-EAO,1026,7.264588930411264e-11,0
F12022,20,RS-EAO,1027,6.821210263296962e-13,0
F12022,20,RS-EAO,1028,1.5916157281026244e-11,0
F12022,20,RS-EAO,1029,7.389644451905042e-13,0
F22022,20,EAO,1000,59.67217722785324,0
F22022,20,EAO,1001,49.305995463001295,0
F22022,20,EAO,1002,53.30192708699178,0
F22022,20,EAO,1003,40.172265268775845,0
F22022,20,EAO,1004,69.55039242185183,0
F22022,20,EAO,1005,64.32990291603875,0
F22022,20,EAO,1006,79.313277187751,0
F22022,20,EAO,1007,68.7477818036557,0
F22022,20,EAO,1008,73.83137746125794,0
F22022,20,EAO,1009,68.67103255773634,0
F22022,20,EAO,1010,45.195353036559595,0
F22022,20,EAO,1011,74.41545803720851,0
F22022,20,EAO,1012,55.379381377168386,0
F22022,20,EAO,1013,74.9054327326802,0
F22022,20,EAO,1014,142.64130807690822,0
F22022,20,EAO,1015,101.0854674572625,0
F22022,20,EAO,1016,142.43673613255885,0
F22022,20,EAO,1017,51.15891021193244,0
F22022,20,EAO,1018,57.20040622991644,0
F22022,20,EAO,1019,147.00149423624316,0
F22022,20,EAO,1020,78.33142464088712,0
F22022,20,EAO,1021,73.41878274344606,0
F22022,20,EAO,1022,71.30381547653104,0
F22022,20,EAO,1023,65.0124303917022,0
F22022,20,EAO,1024,59.35734718184011,0
F22022,20,EAO,1025,125.7823772410892,0
F22022,20,EAO,1026,50.717220435841455,0
F22022,20,EAO,1027,49.55768170710786,0
F22022,20,EAO,1028,70.99108294778785,0
F22022,20,EAO,1029,80.04245295550481,0
F22022,20,EAO+M2,1000,44.895777376711976,0
F22022,20,EAO+M2,1001,44.89547406671119,0
F22022,20,EAO+M2,1002,68.72578732582019,0
F22022,20,EAO+M2,1003,15.53116154767963,0
F22022,20,EAO+M2,1004,49.08468277331923,0
F22022,20,EAO+M2,1005,44.89547014853491,0
F22022,20,EAO+M2,1006,72.74472497863394,0
F22022,20,EAO+M2,1007,49.084493053095116,0
F22022,20,EAO+M2,1008,73.15642370122447,0
F22022,20,EAO+M2,1009,4.389418612604459,0
F22022,20,EAO+M2,1010,69.08189356998537,0
F22022,20,EAO+M2,1011,49.08457219460968,0
F22022,20,EAO+M2,1012,44.89572807018271,0
F22022,20,EAO+M2,1013,67.9408445768496,0
F22022,20,EAO+M2,1014,28.944309382896392,0
F22022,20,EAO+M2,1015,1.2314433625883794,0
F22022,20,EAO+M2,1016,49.08460672772321,0
F22022,20,EAO+M2,1017,6.520497631900184,0
F22022,20,EAO+M2,1018,44.89546947455432,0
F22022,20,EAO+M2,1019,44.89546931964662,0
F22022,20,EAO+M2,1020,49.08469214288948,0
F22022,20,EAO+M2,1021,44.8954698890098,0
F22022,20,EAO+M2,1022,49.084479948461535,0
F22022,20,EAO+M2,1023,49.084480457467464,0
F22022,20,EAO+M2,1024,71.41687072963833,0
F22022,20,EAO+M2,1025,3.072406300008879,0
F22022,20,EAO+M2,1026,3.0877005363489616,0
F22022,20,EAO+M2,1027,71.68728983153812,0
F22022,20,EAO+M2,1028,49.08533443151288,0
F22022,20,EAO+M2,1029,72.7191298496839,0
F22022,20,EAO+feed,1000,59.67217722785324,0
F22022,20,EAO+feed,1001,49.305995463001295,0
F22022,20,EAO+feed,1002,53.30192708699178,0
F22022,20,EAO+feed,1003,40.172265268775845,0
F22022,20,EAO+feed,1004,69.55039242185183,0
F22022,20,EAO+feed,1005,64.32990291603875,0
F22022,20,EAO+feed,1006,79.313277187751,0
F22022,20,EAO+feed,1007,68.7477818036557,0
F22022,20,EAO+feed,1008,73.83137746125794,0
F22022,20,EAO+feed,1009,68.67103255773634,0
F22022,20,EAO+feed,1010,45.195353036559595,0
F22022,20,EAO+feed,1011,74.41545803720851,0
F22022,20,EAO+feed,1012,55.379381377168386,0
F22022,20,EAO+feed,1013,74.9054327326802,0
F22022,20,EAO+feed,1014,142.64130807690822,0
F22022,20,EAO+feed,1015,101.0854674572625,0
F22022,20,EAO+feed,1016,142.43673613255885,0
F22022,20,EAO+feed,1017,51.15891021193244,0
F22022,20,EAO+feed,1018,57.20040622991644,0
F22022,20,EAO+feed,1019,147.00149423624316,0
F22022,20,EAO+feed,1020,78.33142464088712,0
F22022,20,EAO+feed,1021,73.41878274344606,0
F22022,20,EAO+feed,1022,71.30381547653104,0
F22022,20,EAO+feed,1023,65.0124303917022,0
F22022,20,EAO+feed,1024,59.35734718184011,0
F22022,20,EAO+feed,1025,125.7823772410892,0
F22022,20,EAO+feed,1026,50.717220435841455,0
F22022,20,EAO+feed,1027,49.55768170710786,0
F22022,20,EAO+feed,1028,70.99108294778785,0
F22022,20,EAO+feed,1029,80.04245295550481,0
F22022,20,RS-EAO,1000,44.895777376711976,0
F22022,20,RS-EAO,1001,44.89547406671119,0
F22022,20,RS-EAO,1002,68.72578732582019,0
F22022,20,RS-EAO,1003,15.53116154767963,0
F22022,20,RS-EAO,1004,49.08468277331923,0
F22022,20,RS-EAO,1005,44.89547014853491,0
F22022,20,RS-EAO,1006,72.74472497863394,0
F22022,20,RS-EAO,1007,49.084493053095116,0
F22022,20,RS-EAO,1008,73.15642370122447,0
F22022,20,RS-EAO,1009,4.389418612604459,0
F22022,20,RS-EAO,1010,69.08189356998537,0
F22022,20,RS-EAO,1011,49.08457219460968,0
F22022,20,RS-EAO,1012,44.89572807018271,0
F22022,20,RS-EAO,1013,67.9408445768496,0
F22022,20,RS-EAO,1014,28.944309382896392,0
F22022,20,RS-EAO,1015,1.2314433625883794,0
F22022,20,RS-EAO,1016,49.08460672772321,0
F22022,20,RS-EAO,1017,6.520497631900184,0
F22022,20,RS-EAO,1018,44.89546947455432,0
F22022,20,RS-EAO,1019,44.89546931964662,0
F22022,20,RS-EAO,1020,49.08469214288948,0
F22022,20,RS-EAO,1021,44.8954698890098,0
F22022,20,RS-EAO,1022,49.084479948461535,0
F22022,20,RS-EAO,1023,49.084480457467464,0
F22022,20,RS-EAO,1024,71.41687072963833,0
F22022,20,RS-EAO,1025,3.072406300008879,0
F22022,20,RS-EAO,1026,3.0877005363489616,0
F22022,20,RS-EAO,1027,71.68728983153812,0
F22022,20,RS-EAO,1028,49.08533443151288,0
F22022,20,RS-EAO,1029,72.7191298496839,0
F32022,20,EAO,1000,0.00035914764555400325,0
F32022,20,EAO,1001,0.0001712822485160359,0
F32022,20,EAO,1002,7.201779112619988e-05,0
F32022,20,EAO,1003,0.00019344131362686312,0
F32022,20,EAO,1004,4.476548872389685e-05,0
F32022,20,EAO,1005,4.3028546542700497e-05,0
F32022,20,EAO,1006,0.00014261905573675904,0
F32022,20,EAO,1007,3.492529629056662e-05,0
F32022,20,EAO,1008,0.0008386742192669772,0
F32022,20,EAO,1009,3.1605126196154743e-06,0
F32022,20,EAO,1010,7.234166571379319e-05,0
F32022,20,EAO,1011,8.730641286547325e-05,0
F32022,20,EAO,1012,1.1109798151665018e-05,0
F32022,20,EAO,1013,0.0006803237733947753,0
F32022,20,EAO,1014,4.3263788825242955e-05,0
F32022,20,EAO,1015,0.00013617640991014923,0
F32022,20,EAO,1016,4.7043867311913345e-05,0
F32022,20,EAO,1017,0.00010052305765384517,0
F32022,20,EAO,1018,3.286358662535349e-05,0
F32022,20,EAO,1019,0.0002435501472746182,0
F32022,20,EAO,1020,0.000349875396295829,0
F32022,20,EAO,1021,9.648676427786995e-05,0
F32022,20,EAO,1022,0.00020212624292526016,0
F32022,20,EAO,1023,5.313291342190496e-05,0
F32022,20,EAO,1024,8.464119559903338e-06,0
F32022,20,EAO,1025,6.199271922469052e-05,0
F32022,20,EAO,1026,5.602746944077808e-05,0
F32022,20,EAO,1027,1.5784689935571805e-05,0
F32022,20,EAO,1028,1.2536320355138741e-06,0
F32022,20,EAO,1029,2.333556528810732e-05,0
F32022,20,EAO+M2,1000,2.3874235921539366e-12,0
F32022,20,EAO+M2,1001,4.661160346586257e-12,0
F32022,20,EAO+M2,1002,9.094947017729282e-13,0
F32022,20,EAO+M2,1003,1.0231815394945443e-12,0
F32022,20,EAO+M2,1004,7.958078640513122e-13,0
F32022,20,EAO+M2,1005,1.9326762412674725e-12,0
F32022,20,EAO+M2,1006,1.2505552149377763e-12,0
F32022,20,EAO+M2,1007,7.958078640513122e-13,0
F32022,20,EAO+M2,1008,2.8762769943568856e-11,0
F32022,20,EAO+M2,1009,7.958078640513122e-13,0
F32022,20,EAO+M2,1010,3.183231456205249e-12,0
F32022,20,EAO+M2,1011,9.549694368615746e-12,0
F32022,20,EAO+M2,1012,3.865352482534945e-12,0
F32022,20,EAO+M2,1013,2.1600499167107046e-12,0
F32022,20,EAO+M2,1014,1.3642420526593924e-12,0
F32022,20,EAO+M2,1015,1.1368683772161603e-12,0
F32022,20,EAO+M2,1016,1.3642420526593924e-12,0
F32022,20,EAO+M2,1017,1.4779288903810084e-12,0
F32022,20,EAO+M2,1018,3.410605131648481e-13,0
F32022,20,EAO+M2,1019,2.9558577807620168e-12,0
F32022,20,EAO+M2,1020,1.4779288903810084e-12,0
F32022,20,EAO+M2,1021,1.0231815394945443e-12,0
F32022,20,EAO+M2,1022,2.0463630789890885e-12,0
F32022,20,EAO+M2,1023,7.958078640513122e-13,0
F32022,20,EAO+M2,1024,2.1600499167107046e-12,0
F32022,20,EAO+M2,1025,1.0231815394945443e-12,0
F32022,20,EAO+M2,1026,9.094947017729282e-13,0
F32022,20,EAO+M2,1027,1.2505552149377763e-12,0
F32022,20,EAO+M2,1028,3.637978807091713e-12,0
F32022,20,EAO+M2,1029,4.547473508864641e-13,0
F32022,20,EAO+feed,1000,0.00035914764555400325,0
F32022,20,EAO+feed,1001,0.0001712822485160359,0
F32022,20,EAO+feed,1002,7.201779112619988e-05,0
F32022,20,EAO+feed,1003,0.00019344131362686312,0
F32022,20,EAO+feed,1004,4.476548872389685e-05,0
F32022,20,EAO+feed,1005,4.3028546542700497e-05,0
F32022,20,EAO+feed,1006,0.00014261905573675904,0
F32022,20,EAO+feed,1007,3.492529629056662e-05,0
F32022,20,EAO+feed,1008,0.0008386742192669772,0
F32022,20,EAO+feed,1009,3.1605126196154743e-06,0
F32022,20,EAO+feed,1010,7.234166571379319e-05,0
F32022,20,EAO+feed,1011,8.730641286547325e-05,0
F32022,20,EAO+feed,1012,1.1109798151665018e-05,0
F32022,20,EAO+feed,1013,0.0006803237733947753,0
F32022,20,EAO+feed,1014,4.3263788825242955e-05,0
F32022,20,EAO+feed,1015,0.00013617640991014923,0
F32022,20,EAO+feed,1016,4.7043867311913345e-05,0
F32022,20,EAO+feed,1017,0.00010052305765384517,0
F32022,20,EAO+feed,1018,3.286358662535349e-05,0
F32022,20,EAO+feed,1019,0.0002435501472746182,0
F32022,20,EAO+feed,1020,0.000349875396295829,0
F32022,20,EAO+feed,1021,9.648676427786995e-05,0
F32022,20,EAO+feed,1022,0.00020212624292526016,0
F32022,20,EAO+feed,1023,5.313291342190496e-05,0
F32022,20,EAO+feed,1024,8.464119559903338e-06,0
F32022,20,EAO+feed,1025,6.199271922469052e-05,0
F32022,20,EAO+feed,1026,5.602746944077808e-05,0
F32022,20,EAO+feed,1027,1.5784689935571805e-05,0
F32022,20,EAO+feed,1028,1.2536320355138741e-06,0
F32022,20,EAO+feed,1029,2.333556528810732e-05,0
F32022,20,RS-EAO,1000,2.3874235921539366e-12,1
F32022,20,RS-EAO,1001,4.774847184307873e-12,3
F32022,20,RS-EAO,1002,9.094947017729282e-13,2
F32022,20,RS-EAO,1003,1.0231815394945443e-12,3
F32022,20,RS-EAO,1004,7.958078640513122e-13,4
F32022,20,RS-EAO,1005,1.9326762412674725e-12,1
F32022,20,RS-EAO,1006,1.2505552149377763e-12,3
F32022,20,RS-EAO,1007,7.958078640513122e-13,3
F32022,20,RS-EAO,1008,2.8762769943568856e-11,0
F32022,20,RS-EAO,1009,7.958078640513122e-13,3
F32022,20,RS-EAO,1010,3.183231456205249e-12,0
F32022,20,RS-EAO,1011,9.549694368615746e-12,3
F32022,20,RS-EAO,1012,3.865352482534945e-12,2
F32022,20,RS-EAO,1013,2.1600499167107046e-12,2
F32022,20,RS-EAO,1014,1.3642420526593924e-12,0
F32022,20,RS-EAO,1015,1.1368683772161603e-12,1
F32022,20,RS-EAO,1016,1.3642420526593924e-12,0
F32022,20,RS-EAO,1017,1.4779288903810084e-12,0
F32022,20,RS-EAO,1018,3.410605131648481e-13,1
F32022,20,RS-EAO,1019,1.0231815394945443e-12,1
F32022,20,RS-EAO,1020,1.4779288903810084e-12,2
F32022,20,RS-EAO,1021,1.0231815394945443e-12,2
F32022,20,RS-EAO,1022,2.0463630789890885e-12,2
F32022,20,RS-EAO,1023,7.958078640513122e-13,2
F32022,20,RS-EAO,1024,2.1600499167107046e-12,3
F32022,20,RS-EAO,1025,1.0231815394945443e-12,4
F32022,20,RS-EAO,1026,9.094947017729282e-13,3
F32022,20,RS-EAO,1027,1.2505552149377763e-12,1
F32022,20,RS-EAO,1028,3.637978807091713e-12,0
F32022,20,RS-EAO,1029,4.547473508864641e-13,2
F42022,20,EAO,1000,212.44972303553573,0
F42022,20,EAO,1001,212.3269576763887,0
F42022,20,EAO,1002,184.08529421595244,0
F42022,20,EAO,1003,177.74634821069947,0
F42022,20,EAO,1004,189.73522808511166,0
F42022,20,EAO,1005,195.22745993223907,0
F42022,20,EAO,1006,198.64957519857546,0
F42022,20,EAO,1007,207.0245780995706,0
F42022,20,EAO,1008,193.77728325037606,0
F42022,20,EAO,1009,220.39384589734004,0
F42022,20,EAO,1010,116.58147612052107,0
F42022,20,EAO,1011,165.4909854183379,0
F42022,20,EAO,1012,217.11192114336905,0
F42022,20,EAO,1013,184.87481736572272,0
F42022,20,EAO,1014,195.68524722108464,0
F42022,20,EAO,1015,216.37707671409623,0
F42022,20,EAO,1016,202.94782067683593,0
F42022,20,EAO,1017,191.69189538879937,0
F42022,20,EAO,1018,185.26578918186294,0
F42022,20,EAO,1019,271.60934706349076,0
F42022,20,EAO,1020,209.88032159504633,0
F42022,20,EAO,1021,178.81354785025746,0
F42022,20,EAO,1022,219.6197560822302,0
F42022,20,EAO,1023,158.37650347660838,0
F42022,20,EAO,1024,169.0742873672906,0
F42022,20,EAO,1025,225.01192758523507,0
F42022,20,EAO,1026,157.58863443307155,0
F42022,20,EAO,1027,229.95008143980704,0
F42022,20,EAO,1028,187.45511760303384,0
F42022,20,EAO,1029,206.04585888695192,0
F42022,20,EAO+M2,1000,115.43412335003313,0
F42022,20,EAO+M2,1001,209.12351934326375,0
F42022,20,EAO+M2,1002,176.3147688995914,0
F42022,20,EAO+M2,1003,217.4001648425857,0
F42022,20,EAO+M2,1004,204.53454356096995,0
F42022,20,EAO+M2,1005,195.94437786697063,0
F42022,20,EAO+M2,1006,256.9764713868435,0
F42022,20,EAO+M2,1007,210.15758048558587,0
F42022,20,EAO+M2,1008,261.88775034265404,0
F42022,20,EAO+M2,1009,192.30059584572302,0
F42022,20,EAO+M2,1010,235.276089687492,0
F42022,20,EAO+M2,1011,226.47512674223253,0
F42022,20,EAO+M2,1012,188.8854526317657,0
F42022,20,EAO+M2,1013,182.88006217542284,0
F42022,20,EAO+M2,1014,224.5652762572961,0
F42022,20,EAO+M2,1015,173.47331746531233,0
F42022,20,EAO+M2,1016,241.52502754919828,0
F42022,20,EAO+M2,1017,214.5925523886342,0
F42022,20,EAO+M2,1018,201.72970986131304,0
F42022,20,EAO+M2,1019,149.6162442581741,0
F42022,20,EAO+M2,1020,105.548316868352,0
F42022,20,EAO+M2,1021,224.53544297933422,0
F42022,20,EAO+M2,1022,258.677729074112,0
F42022,20,EAO+M2,1023,96.90727286118852,0
F42022,20,EAO+M2,1024,226.83699128908484,0
F42022,20,EAO+M2,1025,167.74297612799955,0
F42022,20,EAO+M2,1026,251.7100444110638,0
F42022,20,EAO+M2,1027,209.63934267436002,0
F42022,20,EAO+M2,1028,244.60704951532034,0
F42022,20,EAO+M2,1029,195.26365851117555,0
F42022,20,EAO+feed,1000,212.44972303553573,0
F42022,20,EAO+feed,1001,212.3269576763887,0
F42022,20,EAO+feed,1002,184.08529421595244,0
F42022,20,EAO+feed,1003,177.74634821069947,0
F42022,20,EAO+feed,1004,189.73522808511166,0
F42022,20,EAO+feed,1005,195.22745993223907,0
F42022,20,EAO+feed,1006,198.64957519857546,0
F42022,20,EAO+feed,1007,207.0245780995706,0
F42022,20,EAO+feed,1008,193.77728325037606,0
F42022,20,EAO+feed,1009,220.39384589734004,0
F42022,20,EAO+feed,1010,116.58147612052107,0
F42022,20,EAO+feed,1011,165.4909854183379,0
F42022,20,EAO+feed,1012,217.11192114336905,0
F42022,20,EAO+feed,1013,184.87481736572272,0
F42022,20,EAO+feed,1014,195.68524722108464,0
F42022,20,EAO+feed,1015,216.37707671409623,0
F42022,20,EAO+feed,1016,202.94782067683593,0
F42022,20,EAO+feed,1017,191.69189538879937,0
F42022,20,EAO+feed,1018,185.26578918186294,0
F42022,20,EAO+feed,1019,271.60934706349076,0
F42022,20,EAO+feed,1020,209.88032159504633,0
F42022,20,EAO+feed,1021,178.81354785025746,0
F42022,20,EAO+feed,1022,219.6197560822302,0
F42022,20,EAO+feed,1023,158.37650347660838,0
F42022,20,EAO+feed,1024,169.0742873672906,0
F42022,20,EAO+feed,1025,225.01192758523507,0
F42022,20,EAO+feed,1026,157.58863443307155,0
F42022,20,EAO+feed,1027,229.95008143980704,0
F42022,20,EAO+feed,1028,187.45511760303384,0
F42022,20,EAO+feed,1029,206.04585888695192,0
F42022,20,RS-EAO,1000,115.43412335003313,0
F42022,20,RS-EAO,1001,209.12351934326375,0
F42022,20,RS-EAO,1002,176.3147688995914,0
F42022,20,RS-EAO,1003,217.4001648425857,0
F42022,20,RS-EAO,1004,204.53454356096995,0
F42022,20,RS-EAO,1005,195.94437786697063,0
F42022,20,RS-EAO,1006,256.9764713868435,0
F42022,20,RS-EAO,1007,210.15758048558587,0
F42022,20,RS-EAO,1008,261.88775034265404,0
F42022,20,RS-EAO,1009,192.30059584572302,0
F42022,20,RS-EAO,1010,235.276089687492,0
F42022,20,RS-EAO,1011,226.47512674223253,0
F42022,20,RS-EAO,1012,188.8854526317657,0
F42022,20,RS-EAO,1013,182.88006217542284,0
F42022,20,RS-EAO,1014,224.5652762572961,0
F42022,20,RS-EAO,1015,173.47331746531233,0
F42022,20,RS-EAO,1016,241.52502754919828,0
F42022,20,RS-EAO,1017,214.5925523886342,0
F42022,20,RS-EAO,1018,201.72970986131304,0
F42022,20,RS-EAO,1019,149.6162442581741,0
F42022,20,RS-EAO,1020,105.548316868352,0
F42022,20,RS-EAO,1021,224.53544297933422,0
F42022,20,RS-EAO,1022,258.677729074112,0
F42022,20,RS-EAO,1023,96.90727286118852,0
F42022,20,RS-EAO,1024,226.83699128908484,0
F42022,20,RS-EAO,1025,167.74297612799955,0
F42022,20,RS-EAO,1026,251.7100444110638,0
F42022,20,RS-EAO,1027,209.63934267436002,0
F42022,20,RS-EAO,1028,244.60704951532034,0
F42022,20,RS-EAO,1029,195.26365851117555,0
F52022,20,EAO,1000,0.7235016412973891,0
F52022,20,EAO,1001,1.269836592872366,0
F52022,20,EAO,1002,1.0933867822196817,0
F52022,20,EAO,1003,0.724420012242831,0
F52022,20,EAO,1004,1.2053317752204293,0
F52022,20,EAO,1005,1.2725862227609923,0
F52022,20,EAO,1006,2.0066175453346204,0
F52022,20,EAO,1007,3.443902883857618,0
F52022,20,EAO,1008,1.6486748763866217,0
F52022,20,EAO,1009,1.23507000605116,0
F52022,20,EAO,1010,3.3079938562077587,0
F52022,20,EAO,1011,1.183910595997986,0
F52022,20,EAO,1012,0.29606417105230776,0
F52022,20,EAO,1013,1.457369798700256,0
F52022,20,EAO,1014,1.178949891145976,0
F52022,20,EAO,1015,0.8136922351757221,0
F52022,20,EAO,1016,0.1853949643972328,0
F52022,20,EAO,1017,0.7347326261001399,0
F52022,20,EAO,1018,0.091796896595838,0
F52022,20,EAO,1019,0.48686758460689816,0
F52022,20,EAO,1020,0.2714665719123559,0
F52022,20,EAO,1021,0.8507206560308305,0
F52022,20,EAO,1022,0.6352309405839378,0
F52022,20,EAO,1023,0.9120521492997113,0
F52022,20,EAO,1024,1.0904366517041808,0
F52022,20,EAO,1025,0.4608539330241683,0
F52022,20,EAO,1026,0.6372106657325958,0
F52022,20,EAO,1027,1.2788202869818406,0
F52022,20,EAO,1028,0.001986516110264347,0
F52022,20,EAO,1029,1.0879492577353176,0
F52022,20,EAO+M2,1000,0.08952825324911373,0
F52022,20,EAO+M2,1001,1.4525074551041826,0
F52022,20,EAO+M2,1002,2.5491941611887796,0
F52022,20,EAO+M2,1003,0.8124370244822785,0
F52022,20,EAO+M2,1004,0.1790565024159605,0
F52022,20,EAO+M2,1005,0.9981762885129228,0
F52022,20,EAO+M2,1006,1.7220080299711071,0
F52022,20,EAO+M2,1007,0.9019657021621015,0
F52022,20,EAO+M2,1008,1.8179841911983203,0
F52022,20,EAO+M2,1009,1.177244257936195,0
F52022,20,EAO+M2,1010,0.6333805216197561,0
F52022,20,EAO+M2,1011,1.187640918942634e-08,0
F52022,20,EAO+M2,1012,0.9511266543347574,0
F52022,20,EAO+M2,1013,0.5438522748690957,0
F52022,20,EAO+M2,1014,0.7229091446467919,0
F52022,20,EAO+M2,1015,0.45445461279075516,0
F52022,20,EAO+M2,1016,0.08952825060941905,0
F52022,20,EAO+M2,1017,1.5432981817700693,0
F52022,20,EAO+M2,1018,0.6333805335311808,0
F52022,20,EAO+M2,1019,0.5438522698104862,0
F52022,20,EAO+M2,1020,2.0858892704072787,0
F52022,20,EAO+M2,1021,0.3581143274866463,0
F52022,20,EAO+M2,1022,0.543852279984776,0
F52022,20,EAO+M2,1023,0.7229088956131591,0
F52022,20,EAO+M2,1024,0.6333845198305426,0
F52022,20,EAO+M2,1025,0.5438526261194738,0
F52022,20,EAO+M2,1026,1.1772579457610846,0
F52022,20,EAO+M2,1027,1.1772359811548085,0
F52022,20,EAO+M2,1028,0.6333805202109488,0
F52022,20,EAO+M2,1029,0.9981771245611526,0
F52022,20,EAO+feed,1000,0.7235016412973891,0
F52022,20,EAO+feed,1001,1.269836592872366,0
F52022,20,EAO+feed,1002,1.0933867822196817,0
F52022,20,EAO+feed,1003,0.724420012242831,0
F52022,20,EAO+feed,1004,1.2053317752204293,0
F52022,20,EAO+feed,1005,1.2725862227609923,0
F52022,20,EAO+feed,1006,2.0066175453346204,0
F52022,20,EAO+feed,1007,3.443902883857618,0
F52022,20,EAO+feed,1008,1.6486748763866217,0
F52022,20,EAO+feed,1009,1.23507000605116,0
F52022,20,EAO+feed,1010,3.3079938562077587,0
F52022,20,EAO+feed,1011,1.183910595997986,0
F52022,20,EAO+feed,1012,0.29606417105230776,0
F52022,20,EAO+feed,1013,1.457369798700256,0
F52022,20,EAO+feed,1014,1.178949891145976,0
F52022,20,EAO+feed,1015,0.8136922351757221,0
F52022,20,EAO+feed,1016,0.1853949643972328,0
F52022,20,EAO+feed,1017,0.7347326261001399,0
F52022,20,EAO+feed,1018,0.091796896595838,0
F52022,20,EAO+feed,1019,0.48686758460689816,0
F52022,20,EAO+feed,1020,0.2714665719123559,0
F52022,20,EAO+feed,1021,0.8507206560308305,0
F52022,20,EAO+feed,1022,0.6352309405839378,0
F52022,20,EAO+feed,1023,0.9120521492997113,0
F52022,20,EAO+feed,1024,1.0904366517041808,0
F52022,20,EAO+feed,1025,0.4608539330241683,0
F52022,20,EAO+feed,1026,0.6372106657325958,0
F52022,20,EAO+feed,1027,1.2788202869818406,0
F52022,20,EAO+feed,1028,0.001986516110264347,0
F52022,20,EAO+feed,1029,1.0879492577353176,0
F52022,20,RS-EAO,1000,0.08952825324911373,0
F52022,20,RS-EAO,1001,1.4525074551041826,0
F52022,20,RS-EAO,1002,2.5491941611887796,0
F52022,20,RS-EAO,1003,0.8124370244822785,0
F52022,20,RS-EAO,1004,0.1790565024159605,0
F52022,20,RS-EAO,1005,0.9981762885129228,0
F52022,20,RS-EAO,1006,1.7220080299711071,0
F52022,20,RS-EAO,1007,0.9019657021621015,0
F52022,20,RS-EAO,1008,1.8179841911983203,0
F52022,20,RS-EAO,1009,1.177244257936195,0
F52022,20,RS-EAO,1010,0.6333805216197561,0
F52022,20,RS-EAO,1011,1.187640918942634e-08,0
F52022,20,RS-EAO,1012,0.9511266543347574,0
F52022,20,RS-EAO,1013,0.5438522748690957,0
F52022,20,RS-EAO,1014,0.7229091446467919,0
F52022,20,RS-EAO,1015,0.45445461279075516,0
F52022,20,RS-EAO,1016,0.08952825060941905,0
F52022,20,RS-EAO,1017,1.5432981817700693,0
F52022,20,RS-EAO,1018,0.6333805335311808,0
F52022,20,RS-EAO,1019,0.5438522698104862,0
F52022,20,RS-EAO,1020,2.0858892704072787,0
F52022,20,RS-EAO,1021,0.3581143274866463,0
F52022,20,RS-EAO,1022,0.543852279984776,0
F52022,20,RS-EAO,1023,0.7229088956131591,0
F52022,20,RS-EAO,1024,0.6333845198305426,0
F52022,20,RS-EAO,1025,0.5438526261194738,0
F52022,20,RS-EAO,1026,1.1772579457610846,0
F52022,20,RS-EAO,1027,1.1772359811548085,0
F52022,20,RS-EAO,1028,0.6333805202109488,0
F52022,20,RS-EAO,1029,0.9981771245611526,0
F62022,20,EAO,1000,39383.15664790022,0
F62022,20,EAO,1001,52323.78598495326,0
F62022,20,EAO,1002,83917.28357255952,0
F62022,20,EAO,1003,41602.45717515044,0
F62022,20,EAO,1004,53639.00352910842,0
F62022,20,EAO,1005,77639.38747015099,0
F62022,20,EAO,1006,68558.94309006205,0
F62022,20,EAO,1007,60396.15142666474,0
F62022,20,EAO,1008,25909.25731257565,0
F62022,20,EAO,1009,81061.6693067962,0
F62022,20,EAO,1010,25386.508176434592,0
F62022,20,EAO,1011,47009.76561121732,0
F62022,20,EAO,1012,43470.67868573506,0
F62022,20,EAO,1013,30020.55760834895,0
F62022,20,EAO,1014,39700.258921015346,0
F62022,20,EAO,1015,36753.99889909149,0
F62022,20,EAO,1016,84457.9794922735,0
F62022,20,EAO,1017,47652.20483707541,0
F62022,20,EAO,1018,57169.16947736282,0
F62022,20,EAO,1019,43652.642021467924,0
F62022,20,EAO,1020,61539.35094190546,0
F62022,20,EAO,1021,49064.19908916413,0
F62022,20,EAO,1022,45306.65655678013,0
F62022,20,EAO,1023,56304.16583666412,0
F62022,20,EAO,1024,61870.33338071604,0
F62022,20,EAO,1025,22455.89483484385,0
F62022,20,EAO,1026,45096.14516300347,0
F62022,20,EAO,1027,87244.02867929077,0
F62022,20,EAO,1028,50443.015862848304,0
F62022,20,EAO,1029,66177.6576471696,0
F62022,20,EAO+M2,1000,93595.13313277361,0
F62022,20,EAO+M2,1001,93278.54428944674,0
F62022,20,EAO+M2,1002,85565.50148095006,0
F62022,20,EAO+M2,1003,45993.55513693066,0
F62022,20,EAO+M2,1004,60496.93055622297,0
F62022,20,EAO+M2,1005,66804.45782153218,0
F62022,20,EAO+M2,1006,46509.62715161566,0
F62022,20,EAO+M2,1007,61955.88301260626,0
F62022,20,EAO+M2,1008,8910.92334416123,0
F62022,20,EAO+M2,1009,37200.59183688698,0
F62022,20,EAO+M2,1010,57033.34397424499,0
F62022,20,EAO+M2,1011,117416.78713584867,0
F62022,20,EAO+M2,1012,22336.189915214476,0
F62022,20,EAO+M2,1013,51798.45769463631,0
F62022,20,EAO+M2,1014,53993.93351281845,0
F62022,20,EAO+M2,1015,28371.767940948008,0
F62022,20,EAO+M2,1016,96240.90804302508,0
F62022,20,EAO+M2,1017,63593.16761215115,0
F62022,20,EAO+M2,1018,53094.521490753934,0
F62022,20,EAO+M2,1019,39782.45220273908,0
F62022,20,EAO+M2,1020,72162.18723021893,0
F62022,20,EAO+M2,1021,90120.74192796528,0
F62022,20,EAO+M2,1022,21419.481907347916,0
F62022,20,EAO+M2,1023,31936.4104152996,0
F62022,20,EAO+M2,1024,83996.95620631229,0
F62022,20,EAO+M2,1025,58235.50011716405,0
F62022,20,EAO+M2,1026,68416.73405017455,0
F62022,20,EAO+M2,1027,54396.60140334796,0
F62022,20,EAO+M2,1028,48125.18671158162,0
F62022,20,EAO+M2,1029,78193.37914393056,0
F62022,20,EAO+feed,1000,39383.15664790022,0
F62022,20,EAO+feed,1001,52323.78598495326,0
F62022,20,EAO+feed,1002,83917.28357255952,0
F62022,20,EAO+feed,1003,41602.45717515044,0
F62022,20,EAO+feed,1004,53639.00352910842,0
F62022,20,EAO+feed,1005,77639.38747015099,0
F62022,20,EAO+feed,1006,68558.94309006205,0
F62022,20,EAO+feed,1007,60396.15142666474,0
F62022,20,EAO+feed,1008,25909.25731257565,0
F62022,20,EAO+feed,1009,81061.6693067962,0
F62022,20,EAO+feed,1010,25386.508176434592,0
F62022,20,EAO+feed,1011,47009.76561121732,0
F62022,20,EAO+feed,1012,43470.67868573506,0
F62022,20,EAO+feed,1013,30020.55760834895,0
F62022,20,EAO+feed,1014,39700.258921015346,0
F62022,20,EAO+feed,1015,36753.99889909149,0
F62022,20,EAO+feed,1016,84457.9794922735,0
F62022,20,EAO+feed,1017,47652.20483707541,0
F62022,20,EAO+feed,1018,57169.16947736282,0
F62022,20,EAO+feed,1019,43652.642021467924,0
F62022,20,EAO+feed,1020,61539.35094190546,0
F62022,20,EAO+feed,1021,49064.19908916413,0
F62022,20,EAO+feed,1022,45306.65655678013,0
F62022,20,EAO+feed,1023,56304.16583666412,0
F62022,20,EAO+feed,1024,61870.33338071604,0
F62022,20,EAO+feed,1025,22455.89483484385,0
F62022,20,EAO+feed,1026,45096.14516300347,0
F62022,20,EAO+feed,1027,87244.02867929077,0
F62022,20,EAO+feed,1028,50443.015862848304,0
F62022,20,EAO+feed,1029,66177.6576471696,0
F62022,20,RS-EAO,1000,93595.13313277361,0
F62022,20,RS-EAO,1001,93278.54428944674,0
F62022,20,RS-EAO,1002,85565.50148095006,0
F62022,20,RS-EAO,1003,45993.55513693066,0
F62022,20,RS-EAO,1004,60496.93055622297,0
F62022,20,RS-EAO,1005,66804.45782153218,0
F62022,20,RS-EAO,1006,46509.62715161566,0
F62022,20,RS-EAO,1007,61955.88301260626,0
F62022,20,RS-EAO,1008,8910.92334416123,0
F62022,20,RS-EAO,1009,37200.59183688698,0
F62022,20,RS-EAO,1010,57033.34397424499,0
F62022,20,RS-EAO,1011,117416.78713584867,0
F62022,20,RS-EAO,1012,22336.189915214476,0
F62022,20,RS-EAO,1013,51798.45769463631,0
F62022,20,RS-EAO,1014,53993.93351281845,0
F62022,20,RS-EAO,1015,28371.767940948008,0
F62022,20,RS-EAO,1016,96240.90804302508,0
F62022,20,RS-EAO,1017,63593.16761215115,0
F62022,20,RS-EAO,1018,53094.521490753934,0
F62022,20,RS-EAO,1019,39782.45220273908,0
F62022,20,RS-EAO,1020,72162.18723021893,0
F62022,20,RS-EAO,1021,90120.74192796528,0
F62022,20,RS-EAO,1022,21419.481907347916,0
F62022,20,RS-EAO,1023,31936.4104152996,0
F62022,20,RS-EAO,1024,83996.95620631229,0
F62022,20,RS-EAO,1025,58235.50011716405,0
F62022,20,RS-EAO,1026,68416.73405017455,0
F62022,20,RS-EAO,1027,54396.60140334796,0
F62022,20,RS-EAO,1028,48125.18671158162,0
F62022,20,RS-EAO,1029,78193.37914393056,0
F72022,20,EAO,1000,58.65147249485835,0
F72022,20,EAO,1001,78.22663400492456,0
F72022,20,EAO,1002,62.31941201706286,0
F72022,20,EAO,1003,66.53472061787215,0
F72022,20,EAO,1004,48.09067337491069,0
F72022,20,EAO,1005,74.37745920899624,0
F72022,20,EAO,1006,45.072966169907204,0
F72022,20,EAO,1007,78.38931719068887,0
F72022,20,EAO,1008,45.521012051360685,0
F72022,20,EAO,1009,49.67459409704907,0
F72022,20,EAO,1010,68.81334019988708,0
F72022,20,EAO,1011,44.83116696802995,0
F72022,20,EAO,1012,45.81064301308379,0
F72022,20,EAO,1013,77.73827159956636,0
F72022,20,EAO,1014,165.3295825801888,0
F72022,20,EAO,1015,53.08400401014569,0
F72022,20,EAO,1016,36.219427158452845,0
F72022,20,EAO,1017,55.074581643558304,0
F72022,20,EAO,1018,42.73895610457339,0
F72022,20,EAO,1019,36.06134877641716,0
F72022,20,EAO,1020,43.784282575054476,0
F72022,20,EAO,1021,51.21920141201417,0
F72022,20,EAO,1022,113.83838569961972,0
F72022,20,EAO,1023,60.86618345076931,0
F72022,20,EAO,1024,48.69420544546165,0
F72022,20,EAO,1025,42.85946702503702,0
F72022,20,EAO,1026,69.69077729575065,0
F72022,20,EAO,1027,55.18146841900898,0
F72022,20,EAO,1028,35.56211765127159,0
F72022,20,EAO,1029,75.95436495298145,0
F72022,20,EAO+M2,1000,51.51304295532918,0
F72022,20,EAO+M2,1001,106.65734795683329,0
F72022,20,EAO+M2,1002,39.743293828980086,0
F72022,20,EAO+M2,1003,86.56229540374716,0
F72022,20,EAO+M2,1004,55.53216183680888,0
F72022,20,EAO+M2,1005,160.54547175319476,0
F72022,20,EAO+M2,1006,45.98000161228288,0
F72022,20,EAO+M2,1007,45.51100375134956,0
F72022,20,EAO+M2,1008,77.75017758970671,0
F72022,20,EAO+M2,1009,68.49288311791497,0
F72022,20,EAO+M2,1010,111.68775185191043,0
F72022,20,EAO+M2,1011,80.82668823307131,0
F72022,20,EAO+M2,1012,55.765503165026985,0
F72022,20,EAO+M2,1013,53.4299108993182,0
F72022,20,EAO+M2,1014,46.97169894291346,0
F72022,20,EAO+M2,1015,46.87119212431935,0
F72022,20,EAO+M2,1016,40.083989060960675,0
F72022,20,EAO+M2,1017,53.430696077769426,0
F72022,20,EAO+M2,1018,53.5833995166895,0
F72022,20,EAO+M2,1019,42.56366469335853,0
F72022,20,EAO+M2,1020,124.1194332129844,0
F72022,20,EAO+M2,1021,47.83262681643214,0
F72022,20,EAO+M2,1022,65.58111512873029,0
F72022,20,EAO+M2,1023,560.0553314256945,0
F72022,20,EAO+M2,1024,69.92325614816355,0
F72022,20,EAO+M2,1025,56.54608846645897,0
F72022,20,EAO+M2,1026,57.31605538051417,0
F72022,20,EAO+M2,1027,36.59636477779213,0
F72022,20,EAO+M2,1028,70.92828560092676,0
F72022,20,EAO+M2,1029,129.20614060780372,0
F72022,20,EAO+feed,1000,58.65147249485835,0
F72022,20,EAO+feed,1001,78.22663400492456,0
F72022,20,EAO+feed,1002,62.31941201706286,0
F72022,20,EAO+feed,1003,66.53472061787215,0
F72022,20,EAO+feed,1004,48.09067337491069,0
F72022,20,EAO+feed,1005,74.37745920899624,0
F72022,20,EAO+feed,1006,45.072966169907204,1
F72022,20,EAO+feed,1007,78.38931719068887,0
F72022,20,EAO+feed,1008,45.521012051360685,0
F72022,20,EAO+feed,1009,49.67459409704907,0
F72022,20,EAO+feed,1010,68.81334019988708,0
F72022,20,EAO+feed,1011,44.83116696802995,0
F72022,20,EAO+feed,1012,45.81064301308379,0
F72022,20,EAO+feed,1013,77.73827159956636,0
F72022,20,EAO+feed,1014,165.3295825801888,0
F72022,20,EAO+feed,1015,53.08400401014569,0
F72022,20,EAO+feed,1016,36.219427158452845,0
F72022,20,EAO+feed,1017,55.074581643558304,0
F72022,20,EAO+feed,1018,42.73895610457339,1
F72022,20,EAO+feed,1019,34.4601107170497,4
F72022,20,EAO+feed,1020,39.82670134995533,4
F72022,20,EAO+feed,1021,51.21920141201417,0
F72022,20,EAO+feed,1022,113.83838569961972,0
F72022,20,EAO+feed,1023,60.86618345076931,0
F72022,20,EAO+feed,1024,48.69420544546165,1
F72022,20,EAO+feed,1025,42.85946702503702,0
F72022,20,EAO+feed,1026,69.69077729575065,0
F72022,20,EAO+feed,1027,55.18146841900898,0
F72022,20,EAO+feed,1028,35.56211765127159,0
F72022,20,EAO+feed,1029,75.95436495298145,0
F72022,20,RS-EAO,1000,51.51304295532918,2
F72022,20,RS-EAO,1001,106.65734795683329,0
F72022,20,RS-EAO,1002,39.743293828980086,0
F72022,20,RS-EAO,1003,86.56229540374716,0
F72022,20,RS-EAO,1004,55.53216183680888,0
F72022,20,RS-EAO,1005,160.54547175319476,0
F72022,20,RS-EAO,1006,45.98000161228288,0
F72022,20,RS-EAO,1007,45.51100375134956,0
F72022,20,RS-EAO,1008,77.75017758970671,0
F72022,20,RS-EAO,1009,68.49288311791497,0
F72022,20,RS-EAO,1010,111.68775185191043,0
F72022,20,RS-EAO,1011,80.82668823307131,0
F72022,20,RS-EAO,1012,55.765503165026985,0
F72022,20,RS-EAO,1013,53.4299108993182,0
F72022,20,RS-EAO,1014,46.97169894291346,0
F72022,20,RS-EAO,1015,46.87119212431935,1
F72022,20,RS-EAO,1016,40.083989060960675,0
F72022,20,RS-EAO,1017,53.430696077769426,0
F72022,20,RS-EAO,1018,53.5833995166895,0
F72022,20,RS-EAO,1019,42.56366469335853,0
F72022,20,RS-EAO,1020,124.1194332129844,0
F72022,20,RS-EAO,1021,47.83262681643214,0
F72022,20,RS-EAO,1022,65.58111512873029,0
F72022,20,RS-EAO,1023,560.0553314256945,0
F72022,20,RS-EAO,1024,69.92325614816355,0
F72022,20,RS-EAO,1025,56.54608846645897,0
F72022,20,RS-EAO,1026,57.31605538051417,0
F72022,20,RS-EAO,1027,36.59636477779213,0
F72022,20,RS-EAO,1028,70.92828560092676,0
F72022,20,RS-EAO,1029,129.20614060780372,0
F82022,20,EAO,1000,34.25393191438434,0
F82022,20,EAO,1001,37.40642715086369,0
F82022,20,EAO,1002,51.53545166297317,0
F82022,20,EAO,1003,256.5047022747676,0
F82022,20,EAO,1004,32.15497894537339,0
F82022,20,EAO,1005,43.171743577349844,0
F82022,20,EAO,1006,68.2208261963774,0
F82022,20,EAO,1007,161.25542283657205,0
F82022,20,EAO,1008,34.80621156348752,0
F82022,20,EAO,1009,42.53759835322535,0
F82022,20,EAO,1010,43.98407736040281,0
F82022,20,EAO,1011,57.55243390998157,0
F82022,20,EAO,1012,116.94168579941515,0
F82022,20,EAO,1013,70.23500685336967,0
F82022,20,EAO,1014,42.95714637505671,0
F82022,20,EAO,1015,115.20365159633093,0
F82022,20,EAO,1016,81.10446466110716,0
F82022,20,EAO,1017,45.42777828609178,0
F82022,20,EAO,1018,58.586243692015614,0
F82022,20,EAO,1019,40.19344000352021,0
F82022,20,EAO,1020,38.49304517612609,0
F82022,20,EAO,1021,280.5242898149877,0
F82022,20,EAO,1022,28.319795166559288,0
F82022,20,EAO,1023,37.972838092447546,0
F82022,20,EAO,1024,33.09834922695427,0
F82022,20,EAO,1025,28.724801345708784,0
F82022,20,EAO,1026,104.3309871626443,0
F82022,20,EAO,1027,41.277324853601385,0
F82022,20,EAO,1028,191.8876329037039,0
F82022,20,EAO,1029,45.33465178772576,0
F82022,20,EAO+M2,1000,35.37973821412925,0
F82022,20,EAO+M2,1001,48.83721652645045,0
F82022,20,EAO+M2,1002,44.02197665634458,0
F82022,20,EAO+M2,1003,32.65033432472546,0
F82022,20,EAO+M2,1004,61.90944533346692,0
F82022,20,EAO+M2,1005,39.70996485895512,0
F82022,20,EAO+M2,1006,366.65796281854637,0
F82022,20,EAO+M2,1007,27.91432969160087,0
F82022,20,EAO+M2,1008,721.1545632789612,0
F82022,20,EAO+M2,1009,333.6701674501951,0
F82022,20,EAO+M2,1010,28.811931448006362,0
F82022,20,EAO+M2,1011,883.5929471616137,0
F82022,20,EAO+M2,1012,215.54677384019988,0
F82022,20,EAO+M2,1013,28.485823521539714,0
F82022,20,EAO+M2,1014,52.65530322174436,0
F82022,20,EAO+M2,1015,42.3941789932619,0
F82022,20,EAO+M2,1016,28.465051655552543,0
F82022,20,EAO+M2,1017,31.52268262843927,0
F82022,20,EAO+M2,1018,77.21135094011697,0
F82022,20,EAO+M2,1019,59.09360428227592,0
F82022,20,EAO+M2,1020,800.9468377849735,0
F82022,20,EAO+M2,1021,31.984225269316994,0
F82022,20,EAO+M2,1022,806.8020460732887,0
F82022,20,EAO+M2,1023,39.11702687899424,0
F82022,20,EAO+M2,1024,48.28375949468864,0
F82022,20,EAO+M2,1025,39.87160195421802,0
F82022,20,EAO+M2,1026,66.74427558190837,0
F82022,20,EAO+M2,1027,32.0345320960123,0
F82022,20,EAO+M2,1028,125.19114431532444,0
F82022,20,EAO+M2,1029,47.5703096526704,0
F82022,20,EAO+feed,1000,38.49039272458458,4
F82022,20,EAO+feed,1001,36.97344745814189,5
F82022,20,EAO+feed,1002,51.53545166297317,0
F82022,20,EAO+feed,1003,256.5047022747676,0
F82022,20,EAO+feed,1004,30.796995185687592,9
F82022,20,EAO+feed,1005,39.4876530384895,8
F82022,20,EAO+feed,1006,64.6154304860961,1
F82022,20,EAO+feed,1007,161.25542283657205,0
F82022,20,EAO+feed,1008,34.80621156348752,1
F82022,20,EAO+feed,1009,42.51603196100041,6
F82022,20,EAO+feed,1010,33.67831624746077,4
F82022,20,EAO+feed,1011,57.55243390998157,2
F82022,20,EAO+feed,1012,116.94168579941515,0
F82022,20,EAO+feed,1013,70.23500685336967,0
F82022,20,EAO+feed,1014,44.80048026481745,3
F82022,20,EAO+feed,1015,115.20365159633093,0
F82022,20,EAO+feed,1016,37.73587918267049,2
F82022,20,EAO+feed,1017,58.44974592159224,2
F82022,20,EAO+feed,1018,53.25643288504989,1
F82022,20,EAO+feed,1019,42.73067091863504,6
F82022,20,EAO+feed,1020,36.196924307459085,4
F82022,20,EAO+feed,1021,131.85865337559972,1
F82022,20,EAO+feed,1022,28.92713076240034,5
F82022,20,EAO+feed,1023,40.47791570957543,6
F82022,20,EAO+feed,1024,33.8877532811689,7
F82022,20,EAO+feed,1025,37.195461291822994,4
F82022,20,EAO+feed,1026,104.88472250749146,1
F82022,20,EAO+feed,1027,31.73886360657434,1
F82022,20,EAO+feed,1028,191.8876329037039,0
F82022,20,EAO+feed,1029,42.212350470144884,4
F82022,20,RS-EAO,1000,31.498982522218284,7
F82022,20,RS-EAO,1001,40.04072593816272,3
F82022,20,RS-EAO,1002,40.87136380048014,1
F82022,20,RS-EAO,1003,36.69484381465827,6
F82022,20,RS-EAO,1004,61.93787421035813,2
F82022,20,RS-EAO,1005,39.70996485895512,7
F82022,20,RS-EAO,1006,366.65796281854637,0
F82022,20,RS-EAO,1007,28.896415940733732,10
F82022,20,RS-EAO,1008,721.1545632789612,0
F82022,20,RS-EAO,1009,333.6701674501951,0
F82022,20,RS-EAO,1010,30.274620519749533,7
F82022,20,RS-EAO,1011,883.5929471616137,0
F82022,20,RS-EAO,1012,150.36704303120814,1
F82022,20,RS-EAO,1013,27.57971868900404,8
F82022,20,RS-EAO,1014,53.24724813413286,3
F82022,20,RS-EAO,1015,45.688161648631194,7
F82022,20,RS-EAO,1016,28.465051655552543,2
F82022,20,RS-EAO,1017,31.61056271079542,7
F82022,20,RS-EAO,1018,57.284753133597405,1
F82022,20,RS-EAO,1019,37.2319598285394,4
F82022,20,RS-EAO,1020,79.49960833509112,2
F82022,20,RS-EAO,1021,30.946503897575894,6
F82022,20,RS-EAO,1022,67.12232215435506,2
F82022,20,RS-EAO,1023,37.446391859360574,8
F82022,20,RS-EAO,1024,46.23644738806115,2
F82022,20,RS-EAO,1025,38.53421529043453,7
F82022,20,RS-EAO,1026,54.10742890461415,6
F82022,20,RS-EAO,1027,28.469622626390446,8
F82022,20,RS-EAO,1028,60.90938142107825,4
F82022,20,RS-EAO,1029,45.450281826573246,4
F92022,20,EAO,1000,342.68041924492354,0
F92022,20,EAO,1001,338.8026186113557,0
F92022,20,EAO,1002,349.1319227107233,0
F92022,20,EAO,1003,341.7381797948228,0
F92022,20,EAO,1004,349.2064663111978,0
F92022,20,EAO,1005,337.70510333738184,0
F92022,20,EAO,1006,347.67910430068014,0
F92022,20,EAO,1007,337.35322275638646,0
F92022,20,EAO,1008,352.58803412849284,0
F92022,20,EAO,1009,342.04329239228264,0
F92022,20,EAO,1010,372.4085104565738,0
F92022,20,EAO,1011,345.85684500636216,0
F92022,20,EAO,1012,340.430493669106,0
F92022,20,EAO,1013,354.4457754859718,0
F92022,20,EAO,1014,337.35260262789734,0
F92022,20,EAO,1015,348.41336127299064,0
F92022,20,EAO,1016,341.45200830019076,0
F92022,20,EAO,1017,345.3759050085846,0
F92022,20,EAO,1018,336.93695075754977,0
F92022,20,EAO,1019,342.1221950217159,0
F92022,20,EAO,1020,345.9047179164736,0
F92022,20,EAO,1021,340.0818469421283,0
F92022,20,EAO,1022,343.3306001712217,0
F92022,20,EAO,1023,337.44523564215524,0
F92022,20,EAO,1024,375.03593594186805,0
F92022,20,EAO,1025,336.0641676187106,0
F92022,20,EAO,1026,339.74713597619575,0
F92022,20,EAO,1027,339.4822373690022,0
F92022,20,EAO,1028,346.8782590006331,0
F92022,20,EAO,1029,342.2572592393317,0
F92022,20,EAO+M2,1000,335.6397403906417,0
F92022,20,EAO+M2,1001,335.686495761086,0
F92022,20,EAO+M2,1002,335.63904172061075,0
F92022,20,EAO+M2,1003,335.74559868226606,0
F92022,20,EAO+M2,1004,335.6404378302177,0
F92022,20,EAO+M2,1005,335.63928163718265,0
F92022,20,EAO+M2,1006,335.6388903825591,0
F92022,20,EAO+M2,1007,343.3565550579319,0
F92022,20,EAO+M2,1008,335.64246760263086,0
F92022,20,EAO+M2,1009,335.65772435099416,0
F92022,20,EAO+M2,1010,335.63880016662597,0
F92022,20,EAO+M2,1011,335.63903010134254,0
F92022,20,EAO+M2,1012,335.638797236963,0
F92022,20,EAO+M2,1013,335.6387704331951,0
F92022,20,EAO+M2,1014,335.6388653355584,0
F92022,20,EAO+M2,1015,335.67772405785763,0
F92022,20,EAO+M2,1016,335.6388817108291,0
F92022,20,EAO+M2,1017,338.3438499539143,0
F92022,20,EAO+M2,1018,335.73537100592966,0
F92022,20,EAO+M2,1019,335.6566599786379,0
F92022,20,EAO+M2,1020,335.6392677526378,0
F92022,20,EAO+M2,1021,335.63981806346055,0
F92022,20,EAO+M2,1022,335.81497836964763,0
F92022,20,EAO+M2,1023,335.79172630065204,0
F92022,20,EAO+M2,1024,335.6675904673575,0
F92022,20,EAO+M2,1025,335.66860296737195,0
F92022,20,EAO+M2,1026,335.7910090158516,0
F92022,20,EAO+M2,1027,335.6397181102975,0
F92022,20,EAO+M2,1028,335.63884950384727,0
F92022,20,EAO+M2,1029,335.63939568943715,0
F92022,20,EAO+feed,1000,342.68041924492354,0
F92022,20,EAO+feed,1001,338.8026186113557,0
F92022,20,EAO+feed,1002,349.1319227107233,0
F92022,20,EAO+feed,1003,341.7381797948228,0
F92022,20,EAO+feed,1004,349.2064663111978,0
F92022,20,EAO+feed,1005,337.70510333738184,0
F92022,20,EAO+feed,1006,347.67910430068014,0
F92022,20,EAO+feed,1007,337.35322275638646,0
F92022,20,EAO+feed,1008,352.58803412849284,0
F92022,20,EAO+feed,1009,342.04329239228264,0
F92022,20,EAO+feed,1010,372.4085104565738,0
F92022,20,EAO+feed,1011,345.85684500636216,0
F92022,20,EAO+feed,1012,340.430493669106,0
F92022,20,EAO+feed,1013,354.4457754859718,0
F92022,20,EAO+feed,1014,337.35260262789734,0
F92022,20,EAO+feed,1015,348.41336127299064,0
F92022,20,EAO+feed,1016,341.45200830019076,0
F92022,20,EAO+feed,1017,345.3759050085846,0
F92022,20,EAO+feed,1018,336.93695075754977,0
F92022,20,EAO+feed,1019,342.1221950217159,0
F92022,20,EAO+feed,1020,345.9047179164736,0
F92022,20,EAO+feed,1021,340.0818469421283,0
F92022,20,EAO+feed,1022,343.3306001712217,0
F92022,20,EAO+feed,1023,337.44523564215524,0
F92022,20,EAO+feed,1024,375.03593594186805,0
F92022,20,EAO+feed,1025,336.0641676187106,0
F92022,20,EAO+feed,1026,339.74713597619575,0
F92022,20,EAO+feed,1027,339.4822373690022,0
F92022,20,EAO+feed,1028,346.8782590006331,0
F92022,20,EAO+feed,1029,342.2572592393317,0
F92022,20,RS-EAO,1000,335.6397403906417,0
F92022,20,RS-EAO,1001,335.686495761086,0
F92022,20,RS-EAO,1002,335.63904172061075,0
F92022,20,RS-EAO,1003,335.74559868226606,0
F92022,20,RS-EAO,1004,335.6404378302177,0
F92022,20,RS-EAO,1005,335.63928163718265,0
F92022,20,RS-EAO,1006,335.6388903825591,0
F92022,20,RS-EAO,1007,343.3565550579319,0
F92022,20,RS-EAO,1008,335.64246760263086,0
F92022,20,RS-EAO,1009,335.65772435099416,0
F92022,20,RS-EAO,1010,335.63880016662597,0
F92022,20,RS-EAO,1011,335.63903010134254,0
F92022,20,RS-EAO,1012,335.638797236963,0
F92022,20,RS-EAO,1013,335.6387704331951,0
F92022,20,RS-EAO,1014,335.6388653355584,0
F92022,20,RS-EAO,1015,335.67772405785763,0
F92022,20,RS-EAO,1016,335.6388817108291,0
F92022,20,RS-EAO,1017,338.3438499539143,0
F92022,20,RS-EAO,1018,335.73537100592966,0
F92022,20,RS-EAO,1019,335.6566599786379,0
F92022,20,RS-EAO,1020,335.6392677526378,0
F92022,20,RS-EAO,1021,335.63981806346055,0
F92022,20,RS-EAO,1022,335.81497836964763,0
F92022,20,RS-EAO,1023,335.79172630065204,0
F92022,20,RS-EAO,1024,335.6675904673575,0
F92022,20,RS-EAO,1025,335.66860296737195,0
F92022,20,RS-EAO,1026,335.7910090158516,0
F92022,20,RS-EAO,1027,335.6397181102975,0
F92022,20,RS-EAO,1028,335.63884950384727,0
F92022,20,RS-EAO,1029,335.63939568943715,0
F102022,20,EAO,1000,421.11130765076496,0
F102022,20,EAO,1001,408.955756643978,0
F102022,20,EAO,1002,430.1165888164014,0
F102022,20,EAO,1003,405.4195279425171,0
F102022,20,EAO,1004,553.8768959401523,0
F102022,20,EAO,1005,409.463447209007,0
F102022,20,EAO,1006,4307.737543564797,0
F102022,20,EAO,1007,410.47886622867554,0
F102022,20,EAO,1008,542.5970642406155,0
F102022,20,EAO,1009,406.2465110719727,0
F102022,20,EAO,1010,416.4979446658185,0
F102022,20,EAO,1011,4376.8081183922295,0
F102022,20,EAO,1012,4938.350084117142,0
F102022,20,EAO,1013,417.66760361003026,0
F102022,20,EAO,1014,4648.199040139307,0
F102022,20,EAO,1015,4172.591442465517,0
F102022,20,EAO,1016,494.7609675626727,0
F102022,20,EAO,1017,410.3661605938596,0
F102022,20,EAO,1018,408.39485096861426,0
F102022,20,EAO,1019,4817.1373418603525,0
F102022,20,EAO,1020,412.4489386399023,0
F102022,20,EAO,1021,411.0736070787948,0
F102022,20,EAO,1022,409.72655552692277,0
F102022,20,EAO,1023,4553.674504940347,0
F102022,20,EAO,1024,4748.091228343567,0
F102022,20,EAO,1025,3987.1992030809433,0
F102022,20,EAO,1026,417.6043137782631,0
F102022,20,EAO,1027,4353.198768107172,0
F102022,20,EAO,1028,409.2202708266582,0
F102022,20,EAO,1029,572.591596899354,0
F102022,20,EAO+M2,1000,397.71869195164163,0
F102022,20,EAO+M2,1001,404.9356363427951,0
F102022,20,EAO+M2,1002,4339.85681149294,0
F102022,20,EAO+M2,1003,406.43537802593664,0
F102022,20,EAO+M2,1004,413.7058436253019,0
F102022,20,EAO+M2,1005,402.8286605520043,0
F102022,20,EAO+M2,1006,4514.829892869248,0
F102022,20,EAO+M2,1007,600.0080688283788,0
F102022,20,EAO+M2,1008,411.50525427103594,0
F102022,20,EAO+M2,1009,404.1777893039184,0
F102022,20,EAO+M2,1010,4006.0929307084025,0
F102022,20,EAO+M2,1011,4981.882790187969,0
F102022,20,EAO+M2,1012,540.1281333116176,0
F102022,20,EAO+M2,1013,4336.538511383328,0
F102022,20,EAO+M2,1014,4435.456708734545,0
F102022,20,EAO+M2,1015,403.94866395957115,0
F102022,20,EAO+M2,1016,572.5910975698671,0
F102022,20,EAO+M2,1017,408.6006079459157,0
F102022,20,EAO+M2,1018,4278.673162113444,0
F102022,20,EAO+M2,1019,602.5495123920482,0
F102022,20,EAO+M2,1020,417.61167132304627,0
F102022,20,EAO+M2,1021,562.8803804279692,0
F102022,20,EAO+M2,1022,402.11571758366244,0
F102022,20,EAO+M2,1023,577.2373456847472,0
F102022,20,EAO+M2,1024,4947.504088991311,0
F102022,20,EAO+M2,1025,4401.752213679896,0
F102022,20,EAO+M2,1026,414.43886897300763,0
F102022,20,EAO+M2,1027,548.3761957424731,0
F102022,20,EAO+M2,1028,411.0812413692647,0
F102022,20,EAO+M2,1029,415.4266150473136,0
F102022,20,EAO+feed,1000,421.11130765076496,0
F102022,20,EAO+feed,1001,408.955756643978,0
F102022,20,EAO+feed,1002,430.1165888164014,0
F102022,20,EAO+feed,1003,405.4195279425171,0
F102022,20,EAO+feed,1004,553.8768959401523,0
F102022,20,EAO+feed,1005,409.463447209007,0
F102022,20,EAO+feed,1006,4307.737543564797,0
F102022,20,EAO+feed,1007,410.47886622867554,0
F102022,20,EAO+feed,1008,542.5970642406155,0
F102022,20,EAO+feed,1009,406.2465110719727,0
F102022,20,EAO+feed,1010,416.4979446658185,0
F102022,20,EAO+feed,1011,4376.8081183922295,0
F102022,20,EAO+feed,1012,4938.350084117142,0
F102022,20,EAO+feed,1013,417.66760361003026,0
F102022,20,EAO+feed,1014,4648.199040139307,0
F102022,20,EAO+feed,1015,4172.591442465517,0
F102022,20,EAO+feed,1016,494.7609675626727,0
F102022,20,EAO+feed,1017,410.3661605938596,0
F102022,20,EAO+feed,1018,408.39485096861426,0
F102022,20,EAO+feed,1019,4817.1373418603525,0
F102022,20,EAO+feed,1020,412.4489386399023,0
F102022,20,EAO+feed,1021,411.0736070787948,0
F102022,20,EAO+feed,1022,409.72655552692277,0
F102022,20,EAO+feed,1023,4553.674504940347,0
F102022,20,EAO+feed,1024,4748.091228343567,0
F102022,20,EAO+feed,1025,3987.1992030809433,0
F102022,20,EAO+feed,1026,417.6043137782631,0
F102022,20,EAO+feed,1027,4353.198768107172,0
F102022,20,EAO+feed,1028,409.2202708266582,0
F102022,20,EAO+feed,1029,572.591596899354,0
F102022,20,RS-EAO,1000,397.71869195164163,0
F102022,20,RS-EAO,1001,404.9356363427951,0
F102022,20,RS-EAO,1002,4339.85681149294,0
F102022,20,RS-EAO,1003,406.43537802593664,0
F102022,20,RS-EAO,1004,413.7058436253019,0
F102022,20,RS-EAO,1005,402.8286605520043,0
F102022,20,RS-EAO,1006,4514.829892869248,0
F102022,20,RS-EAO,1007,600.0080688283788,0
F102022,20,RS-EAO,1008,411.50525427103594,0
F102022,20,RS-EAO,1009,404.1777893039184,0
F102022,20,RS-EAO,1010,4006.0929307084025,0
F102022,20,RS-EAO,1011,4981.882790187969,0
F102022,20,RS-EAO,1012,540.1281333116176,0
F102022,20,RS-EAO,1013,4336.538511383328,0
F102022,20,RS-EAO,1014,4435.456708734545,0
F102022,20,RS-EAO,1015,403.94866395957115,0
F102022,20,RS-EAO,1016,572.5910975698671,0
F102022,20,RS-EAO,1017,408.6006079459157,0
F102022,20,RS-EAO,1018,4278.673162113444,0
F102022,20,RS-EAO,1019,602.5495123920482,0
F102022,20,RS-EAO,1020,417.61167132304627,0
F102022,20,RS-EAO,1021,562.8803804279692,0
F102022,20,RS-EAO,1022,402.11571758366244,0
F102022,20,RS-EAO,1023,577.2373456847472,0
F102022,20,RS-EAO,1024,4947.504088991311,0
F102022,20,RS-EAO,1025,4401.752213679896,0
F102022,20,RS-EAO,1026,414.43886897300763,0
F102022,20,RS-EAO,1027,548.3761957424731,0
F102022,20,RS-EAO,1028,411.0812413692647,0
F102022,20,RS-EAO,1029,415.4266150473136,0
F112022,20,EAO,1000,19.842365986003642,0
F112022,20,EAO,1001,16.465014187840552,0
F112022,20,EAO,1002,6.645102757792301,0
F112022,20,EAO,1003,15.673277032239184,0
F112022,20,EAO,1004,11.806212330513517,0
F112022,20,EAO,1005,10.987253578418859,0
F112022,20,EAO,1006,10.294976726118875,0
F112022,20,EAO,1007,0.32652509655099493,0
F112022,20,EAO,1008,10.050619122350327,0
F112022,20,EAO,1009,8.593432272521568,0
F112022,20,EAO,1010,0.2560191129005034,0
F112022,20,EAO,1011,0.17684731487634053,0
F112022,20,EAO,1012,2.3982276240549254,0
F112022,20,EAO,1013,0.469386725606455,0
F112022,20,EAO,1014,1.9369645572278387,0
F112022,20,EAO,1015,0.9318323377392517,0
F112022,20,EAO,1016,0.09371107863171346,0
F112022,20,EAO,1017,9.714579130763468,0
F112022,20,EAO,1018,18.966425375450854,0
F112022,20,EAO,1019,0.5637381747251311,0
F112022,20,EAO,1020,0.4622731601762098,0
F112022,20,EAO,1021,31.410896914769182,0
F112022,20,EAO,1022,0.5585268136219383,0
F112022,20,EAO,1023,27.361116531382777,0
F112022,20,EAO,1024,1550.5518934681959,0
F112022,20,EAO,1025,0.2999656501924619,0
F112022,20,EAO,1026,16.53419381408503,0
F112022,20,EAO,1027,5.732673312309089,0
F112022,20,EAO,1028,14.757633837331014,0
F112022,20,EAO,1029,4.242319160957322,0
F112022,20,EAO+M2,1000,0.004484272347781371,0
F112022,20,EAO+M2,1001,181.1255468959871,0
F112022,20,EAO+M2,1002,5.975371095701121e-07,0
F112022,20,EAO+M2,1003,2.4710540949354254,0
F112022,20,EAO+M2,1004,3.869751708407421e-06,0
F112022,20,EAO+M2,1005,318.17013666518005,0
F112022,20,EAO+M2,1006,3.213391006695929,0
F112022,20,EAO+M2,1007,7.321173598029418e-06,0
F112022,20,EAO+M2,1008,6.910709089424927e-06,0
F112022,20,EAO+M2,1009,1494.8623428249548,0
F112022,20,EAO+M2,1010,3.343223761476111e-05,0
F112022,20,EAO+M2,1011,6.49332150715054e-06,0
F112022,20,EAO+M2,1012,5.930758093568784,0
F112022,20,EAO+M2,1013,47.75675397032501,0
F112022,20,EAO+M2,1014,22.184549951101417,0
F112022,20,EAO+M2,1015,331.7098445643678,0
F112022,20,EAO+M2,1016,1256.6561863096076,0
F112022,20,EAO+M2,1017,749.8827609441269,0
F112022,20,EAO+M2,1018,1.2983383385289926e-05,0
F112022,20,EAO+M2,1019,225.32973536838563,0
F112022,20,EAO+M2,1020,2.623191903694533e-07,0
F112022,20,EAO+M2,1021,46.89712789253372,0
F112022,20,EAO+M2,1022,1491.784907911764,0
F112022,20,EAO+M2,1023,1302.5590487282602,0
F112022,20,EAO+M2,1024,12.357248521116162,0
F112022,20,EAO+M2,1025,1.8622263269207906e-06,0
F112022,20,EAO+M2,1026,1093.5174632052203,0
F112022,20,EAO+M2,1027,1345.4425895388376,0
F112022,20,EAO+M2,1028,1341.106363140164,0
F112022,20,EAO+M2,1029,0.0014191498867148766,0
F112022,20,EAO+feed,1000,19.842365986003642,0
F112022,20,EAO+feed,1001,16.465014187840552,0
F112022,20,EAO+feed,1002,6.645102757792301,0
F112022,20,EAO+feed,1003,15.673277032239184,0
F112022,20,EAO+feed,1004,11.806212330513517,0
F112022,20,EAO+feed,1005,10.987253578418859,0
F112022,20,EAO+feed,1006,10.294976726118875,0
F112022,20,EAO+feed,1007,0.32652509655099493,0
F112022,20,EAO+feed,1008,10.050619122350327,0
F112022,20,EAO+feed,1009,8.593432272521568,0
F112022,20,EAO+feed,1010,0.2560191129005034,0
F112022,20,EAO+feed,1011,0.17684731487634053,0
F112022,20,EAO+feed,1012,2.3982276240549254,0
F112022,20,EAO+feed,1013,0.469386725606455,0
F112022,20,EAO+feed,1014,1.9369645572278387,0
F112022,20,EAO+feed,1015,0.9318323377392517,0
F112022,20,EAO+feed,1016,0.09371107863171346,0
F112022,20,EAO+feed,1017,9.714579130763468,0
F112022,20,EAO+feed,1018,18.966425375450854,0
F112022,20,EAO+feed,1019,0.5637381747251311,0
F112022,20,EAO+feed,1020,0.4622731601762098,0
F112022,20,EAO+feed,1021,31.410896914769182,0
F112022,20,EAO+feed,1022,0.5585268136219383,0
F112022,20,EAO+feed,1023,27.361116531382777,0
F112022,20,EAO+feed,1024,1550.5518934681959,0
F112022,20,EAO+feed,1025,0.2999656501924619,0
F112022,20,EAO+feed,1026,16.53419381408503,0
F112022,20,EAO+feed,1027,5.732673312309089,0
F112022,20,EAO+feed,1028,14.757633837331014,0
F112022,20,EAO+feed,1029,4.242319160957322,0
F112022,20,RS-EAO,1000,0.004484272347781371,0
F112022,20,RS-EAO,1001,181.1255468959871,0
F112022,20,RS-EAO,1002,5.975371095701121e-07,0
F112022,20,RS-EAO,1003,2.4710540949354254,0
F112022,20,RS-EAO,1004,3.869751708407421e-06,0
F112022,20,RS-EAO,1005,318.17013666518005,0
F112022,20,RS-EAO,1006,3.213391006695929,0
F112022,20,RS-EAO,1007,7.321173598029418e-06,0
F112022,20,RS-EAO,1008,6.910709089424927e-06,0
F112022,20,RS-EAO,1009,1494.8623428249548,0
F112022,20,RS-EAO,1010,3.343223761476111e-05,0
F112022,20,RS-EAO,1011,6.49332150715054e-06,0
F112022,20,RS-EAO,1012,5.930758093568784,0
F112022,20,RS-EAO,1013,47.75675397032501,0
F112022,20,RS-EAO,1014,22.184549951101417,0
F112022,20,RS-EAO,1015,331.7098445643678,0
F112022,20,RS-EAO,1016,1256.6561863096076,0
F112022,20,RS-EAO,1017,749.8827609441269,0
F112022,20,RS-EAO,1018,1.2983383385289926e-05,0
F112022,20,RS-EAO,1019,225.32973536838563,0
F112022,20,RS-EAO,1020,2.623191903694533e-07,0
F112022,20,RS-EAO,1021,46.89712789253372,0
F112022,20,RS-EAO,1022,1491.784907911764,0
F112022,20,RS-EAO,1023,1302.5590487282602,0
F112022,20,RS-EAO,1024,12.357248521116162,0
F112022,20,RS-EAO,1025,1.8622263269207906e-06,0
F112022,20,RS-EAO,1026,1093.5174632052203,0
F112022,20,RS-EAO,1027,1345.4425895388376,0
F112022,20,RS-EAO,1028,1341.106363140164,0
F112022,20,RS-EAO,1029,0.0014191498867148766,0
F122022,20,EAO,1000,319.3646420086093,0
F122022,20,EAO,1001,324.8794674196524,0
F122022,20,EAO,1002,256.46077445491164,0
F122022,20,EAO,1003,359.3732604743227,0
F122022,20,EAO,1004,252.86141035672472,0
F122022,20,EAO,1005,259.30064602556513,0
F122022,20,EAO,1006,260.2785249833023,0
F122022,20,EAO,1007,302.35749246333444,0
F122022,20,EAO,1008,300.125713503759,0
F122022,20,EAO,1009,332.11921749274916,0
F122022,20,EAO,1010,276.8485123733649,0
F122022,20,EAO,1011,311.180627199049,0
F122022,20,EAO,1012,258.1032182694221,0
F122022,20,EAO,1013,371.2286236010191,0
F122022,20,EAO,1014,272.8187514088395,0
F122022,20,EAO,1015,291.3560401047589,0
F122022,20,EAO,1016,296.5085795442146,0
F122022,20,EAO,1017,317.1826012907745,0
F122022,20,EAO,1018,239.37497876640964,0
F122022,20,EAO,1019,263.00984989346216,0
F122022,20,EAO,1020,259.123678704369,0
F122022,20,EAO,1021,246.02947207470652,0
F122022,20,EAO,1022,381.3079663660951,0
F122022,20,EAO,1023,356.45296312309074,0
F122022,20,EAO,1024,247.23013687552566,0
F122022,20,EAO,1025,252.43631814507853,0
F122022,20,EAO,1026,264.0591364036982,0
F122022,20,EAO,1027,265.1356865213511,0
F122022,20,EAO,1028,288.10955597008433,0
F122022,20,EAO,1029,263.17379400518666,0
F122022,20,EAO+M2,1000,386.9187176522446,0
F122022,20,EAO+M2,1001,285.7364232487789,0
F122022,20,EAO+M2,1002,266.67472851306,0
F122022,20,EAO+M2,1003,322.0627054970928,0
F122022,20,EAO+M2,1004,291.06912447483865,0
F122022,20,EAO+M2,1005,244.54110250675012,0
F122022,20,EAO+M2,1006,271.206306546208,0
F122022,20,EAO+M2,1007,442.9231461333193,0
F122022,20,EAO+M2,1008,385.7159488295888,0
F122022,20,EAO+M2,1009,376.8410731113263,0
F122022,20,EAO+M2,1010,389.2580988888076,0
F122022,20,EAO+M2,1011,311.880192141768,0
F122022,20,EAO+M2,1012,393.64098670502244,0
F122022,20,EAO+M2,1013,284.6395048453769,0
F122022,20,EAO+M2,1014,269.1136470569004,0
F122022,20,EAO+M2,1015,288.7429304341581,0
F122022,20,EAO+M2,1016,290.5085150224231,0
F122022,20,EAO+M2,1017,274.36079661043004,0
F122022,20,EAO+M2,1018,255.95358079847028,0
F122022,20,EAO+M2,1019,290.50062914421596,0
F122022,20,EAO+M2,1020,292.09902305012974,0
F122022,20,EAO+M2,1021,348.56574356603596,0
F122022,20,EAO+M2,1022,341.56216611419677,0
F122022,20,EAO+M2,1023,292.5606260299219,0
F122022,20,EAO+M2,1024,281.97540451677696,0
F122022,20,EAO+M2,1025,281.442014060769,0
F122022,20,EAO+M2,1026,289.47385180982064,0
F122022,20,EAO+M2,1027,278.2321088435747,0
F122022,20,EAO+M2,1028,288.1194140239927,0
F122022,20,EAO+M2,1029,285.58458833190934,0
F122022,20,EAO+feed,1000,319.3646420086093,0
F122022,20,EAO+feed,1001,324.8794674196524,0
F122022,20,EAO+feed,1002,256.46077445491164,0
F122022,20,EAO+feed,1003,359.3732604743227,0
F122022,20,EAO+feed,1004,252.86141035672472,0
F122022,20,EAO+feed,1005,259.30064602556513,0
F122022,20,EAO+feed,1006,260.2785249833023,0
F122022,20,EAO+feed,1007,302.35749246333444,0
F122022,20,EAO+feed,1008,300.125713503759,0
F122022,20,EAO+feed,1009,332.11921749274916,0
F122022,20,EAO+feed,1010,276.8485123733649,0
F122022,20,EAO+feed,1011,311.180627199049,0
F122022,20,EAO+feed,1012,258.1032182694221,0
F122022,20,EAO+feed,1013,371.2286236010191,0
F122022,20,EAO+feed,1014,272.8187514088395,0
F122022,20,EAO+feed,1015,291.3560401047589,0
F122022,20,EAO+feed,1016,296.5085795442146,0
F122022,20,EAO+feed,1017,317.1826012907745,0
F122022,20,EAO+feed,1018,239.37497876640964,0
F122022,20,EAO+feed,1019,263.00984989346216,0
F122022,20,EAO+feed,1020,259.123678704369,0
F122022,20,EAO+feed,1021,246.02947207470652,0
F122022,20,EAO+feed,1022,381.3079663660951,0
F122022,20,EAO+feed,1023,356.45296312309074,0
F122022,20,EAO+feed,1024,247.23013687552566,0
F122022,20,EAO+feed,1025,252.43631814507853,0
F122022,20,EAO+feed,1026,264.0591364036982,0
F122022,20,EAO+feed,1027,265.1356865213511,0
F122022,20,EAO+feed,1028,288.10955597008433,0
F122022,20,EAO+feed,1029,263.17379400518666,0
F122022,20,RS-EAO,1000,386.9187176522446,0
F122022,20,RS-EAO,1001,285.7364232487789,0
F122022,20,RS-EAO,1002,266.67472851306,0
F122022,20,RS-EAO,1003,322.0627054970928,0
F122022,20,RS-EAO,1004,291.06912447483865,1
F122022,20,RS-EAO,1005,244.54110250675012,0
F122022,20,RS-EAO,1006,271.206306546208,0
F122022,20,RS-EAO,1007,442.9231461333193,0
F122022,20,RS-EAO,1008,385.7159488295888,0
F122022,20,RS-EAO,1009,376.8410731113263,0
F122022,20,RS-EAO,1010,389.2580988888076,0
F122022,20,RS-EAO,1011,311.880192141768,0
F122022,20,RS-EAO,1012,393.64098670502244,0
F122022,20,RS-EAO,1013,284.6395048453769,0
F122022,20,RS-EAO,1014,269.1136470569004,0
F122022,20,RS-EAO,1015,288.7429304341581,0
F122022,20,RS-EAO,1016,290.5085150224231,0
F122022,20,RS-EAO,1017,274.36079661043004,0
F122022,20,RS-EAO,1018,255.95358079847028,0
F122022,20,RS-EAO,1019,290.50062914421596,0
F122022,20,RS-EAO,1020,292.09902305012974,0
F122022,20,RS-EAO,1021,348.56574356603596,0
F122022,20,RS-EAO,1022,341.56216611419677,0
F122022,20,RS-EAO,1023,292.5606260299219,0
F122022,20,RS-EAO,1024,281.97540451677696,0
F122022,20,RS-EAO,1025,281.442014060769,0
F122022,20,RS-EAO,1026,289.47385180982064,0
F122022,20,RS-EAO,1027,278.2321088435747,0
F122022,20,RS-EAO,1028,288.1194140239927,0
F122022,20,RS-EAO,1029,285.58458833190934,0
