function,dim,variant,seed,err,nfe,feeds,c1_acc,c2_acc
F12022,10,EAO,1000,1.8974333215737715e-10,14970,0,33,3779
F12022,10,EAO,1001,7.409539648506325e-09,14970,0,44,3740
F12022,10,EAO,1002,5.240963218966499e-11,14970,0,39,3766
F12022,10,EAO,1003,2.8598321932804538e-08,14970,0,40,3694
F12022,10,EAO,1004,1.0965095498249866e-10,14970,0,30,3760
F12022,10,EAO,1005,2.4363089323742315e-10,14970,0,38,3730
F12022,10,EAO,1006,3.070683192163415e-07,14970,0,36,3794
F12022,10,EAO,1007,7.048583938740194e-12,14970,0,41,3696
F12022,10,EAO,1008,3.9857176432178676e-05,14970,0,37,3831
F12022,10,EAO,1009,1.0154718665944529e-06,14970,0,38,3861
F12022,10,EAO,1010,3.660716174636036e-11,14970,0,36,3705
F12022,10,EAO,1011,3.75485456061142e-08,14970,0,38,3859
F12022,10,EAO,1012,8.139977580867708e-11,14970,0,30,3815
F12022,10,EAO,1013,1.3828201872456702e-07,14970,0,46,3711
F12022,10,EAO,1014,6.44962483420386e-09,14970,0,38,3822
F12022,10,EAO,1015,1.7547563402331434e-10,14970,0,43,3818
F12022,10,EAO,1016,1.4267698134062812e-11,14970,0,31,3269
F12022,10,EAO,1017,6.432401278289035e-10,14970,0,42,3752
F12022,10,EAO,1018,6.976279109949246e-09,14970,0,40,3761
F12022,10,EAO,1019,1.1368683772161603e-13,14970,0,38,3687
F12022,10,EAO,1020,1.801936377887614e-11,14970,0,31,3773
F12022,10,EAO,1021,2.0272238998586545e-08,14970,0,37,3772
F12022,10,EAO,1022,2.2130166144052055e-08,14970,0,36,3826
F12022,10,EAO,1023,3.979039320256561e-13,14970,0,27,3682
F12022,10,EAO,1024,5.589527063420974e-09,14970,0,34,3779
F12022,10,EAO,1025,2.977458279929124e-10,14970,0,32,3694
F12022,10,EAO,1026,1.8428636394673958e-10,14970,0,40,3755
F12022,10,EAO,1027,9.130758371611591e-10,14970,0,43,3808
F12022,10,EAO,1028,1.4684360394312534e-09,14970,0,40,3761
F12022,10,EAO,1029,1.6501303434779402e-08,14970,0,38,3782
F12022,10,EAO+M2,1000,0.0,14970,0,1287,1028
F12022,10,EAO+M2,1001,0.0,14970,0,1263,1008
F12022,10,EAO+M2,1002,5.684341886080802e-14,14970,0,1354,1063
F12022,10,EAO+M2,1003,5.684341886080802e-14,14970,0,1249,1010
F12022,10,EAO+M2,1004,5.684341886080802e-14,14970,0,1269,984
F12022,10,EAO+M2,1005,5.684341886080802e-14,14970,0,1362,1053
F12022,10,EAO+M2,1006,5.684341886080802e-14,14970,0,1251,1019
F12022,10,EAO+M2,1007,0.0,14970,0,1357,1017
F12022,10,EAO+M2,1008,1.1368683772161603e-13,14970,0,1313,993
F12022,10,EAO+M2,1009,5.684341886080802e-14,14970,0,1291,945
F12022,10,EAO+M2,1010,5.684341886080802e-14,14970,0,1210,967
F12022,10,EAO+M2,1011,5.684341886080802e-14,14970,0,1355,1056
F12022,10,EAO+M2,1012,1.1368683772161603e-13,14970,0,1243,986
F12022,10,EAO+M2,1013,0.0,14970,0,1329,1049
F12022,10,EAO+M2,1014,5.684341886080802e-14,14970,0,1311,967
F12022,10,EAO+M2,1015,0.0,14970,0,1253,1033
F12022,10,EAO+M2,1016,0.0,14970,0,1389,1035
F12022,10,EAO+M2,1017,1.1368683772161603e-13,14970,0,1265,1002
F12022,10,EAO+M2,1018,5.684341886080802e-14,14970,0,1263,976
F12022,10,EAO+M2,1019,1.1368683772161603e-13,14970,0,1438,1059
F12022,10,EAO+M2,1020,0.0,14970,0,1287,996
F12022,10,EAO+M2,1021,5.684341886080802e-14,14970,0,1182,1004
F12022,10,EAO+M2,1022,1.1368683772161603e-13,14970,0,1256,1038
F12022,10,EAO+M2,1023,5.684341886080802e-14,14970,0,1207,977
F12022,10,EAO+M2,1024,1.1368683772161603e-13,14970,0,1268,941
F12022,10,EAO+M2,1025,0.0,14970,0,1368,971
F12022,10,EAO+M2,1026,0.0,14970,0,1342,1060
F12022,10,EAO+M2,1027,0.0,14970,0,1220,1035
F12022,10,EAO+M2,1028,5.684341886080802e-14,14970,0,1278,912
F12022,10,EAO+M2,1029,5.684341886080802e-14,14970,0,1240,935
F12022,10,EAO+M1a,1000,4.263256414560601e-12,14970,0,36,3658
F12022,10,EAO+M1a,1001,1.7053025658242404e-13,14970,0,56,3309
F12022,10,EAO+M1a,1002,8.197389433917124e-10,14970,0,34,3606
F12022,10,EAO+M1a,1003,2.2230165086511988e-07,14970,0,36,3722
F12022,10,EAO+M1a,1004,3.979039320256561e-13,14970,0,40,3580
F12022,10,EAO+M1a,1005,2.8421709430404007e-13,14970,0,49,2808
F12022,10,EAO+M1a,1006,5.684341886080802e-14,14970,0,39,2559
F12022,10,EAO+M1a,1007,1.1368683772161603e-13,14970,0,32,3533
F12022,10,EAO+M1a,1008,8.981260180007666e-12,14970,0,49,3716
F12022,10,EAO+M1a,1009,1.460875864722766e-11,14970,0,44,3576
F12022,10,EAO+M1a,1010,1.921307557495311e-11,14970,0,32,3712
F12022,10,EAO+M1a,1011,1.7053025658242404e-13,14970,0,31,3319
F12022,10,EAO+M1a,1012,6.857590051367879e-10,14970,0,31,3824
F12022,10,EAO+M1a,1013,1.8678747437661514e-10,14970,0,41,3651
F12022,10,EAO+M1a,1014,1.7053025658242404e-13,14970,0,41,3272
F12022,10,EAO+M1a,1015,1.7053025658242404e-13,14970,0,34,3175
F12022,10,EAO+M1a,1016,1.1368683772161603e-12,14970,0,40,3557
F12022,10,EAO+M1a,1017,2.4442670110147446e-11,14970,0,40,3628
F12022,10,EAO+M1a,1018,4.638422979041934e-11,14970,0,37,3707
F12022,10,EAO+M1a,1019,5.684341886080802e-14,14970,0,46,3373
F12022,10,EAO+M1a,1020,3.751665644813329e-12,14970,0,25,3714
F12022,10,EAO+M1a,1021,2.8421709430404007e-13,14970,0,41,3644
F12022,10,EAO+M1a,1022,1.0231815394945443e-12,14970,0,31,3361
F12022,10,EAO+M1a,1023,2.6409452402731404e-10,14970,0,27,3788
F12022,10,EAO+M1a,1024,1.0402345651527867e-11,14970,0,31,3709
F12022,10,EAO+M1a,1025,1.1368683772161603e-13,14970,0,41,2919
F12022,10,EAO+M1a,1026,4.6128434405545704e-10,14970,0,41,3662
F12022,10,EAO+M1a,1027,4.519051799434237e-11,14970,0,37,3778
F12022,10,EAO+M1a,1028,1.1368683772161603e-13,14970,0,46,3115
F12022,10,EAO+M1a,1029,3.410605131648481e-13,14970,0,43,3432
F12022,10,EAO+M1,1000,4.263256414560601e-12,14970,0,36,3658
F12022,10,EAO+M1,1001,2.2737367544323206e-13,14976,1,56,3327
F12022,10,EAO+M1,1002,8.197389433917124e-10,14970,0,34,3606
F12022,10,EAO+M1,1003,2.2230165086511988e-07,14970,0,36,3722
F12022,10,EAO+M1,1004,3.979039320256561e-13,14970,0,40,3580
F12022,10,EAO+M1,1005,2.2737367544323206e-13,14982,2,50,2900
F12022,10,EAO+M1,1006,5.684341886080802e-14,14988,3,40,2714
F12022,10,EAO+M1,1007,1.1368683772161603e-13,14970,0,32,3533
F12022,10,EAO+M1,1008,8.981260180007666e-12,14970,0,49,3716
F12022,10,EAO+M1,1009,1.460875864722766e-11,14970,0,44,3576
F12022,10,EAO+M1,1010,1.921307557495311e-11,14970,0,32,3712
F12022,10,EAO+M1,1011,1.7053025658242404e-13,14970,0,31,3319
F12022,10,EAO+M1,1012,6.857590051367879e-10,14970,0,31,3824
F12022,10,EAO+M1,1013,1.8678747437661514e-10,14970,0,41,3651
F12022,10,EAO+M1,1014,1.7053025658242404e-13,14970,0,41,3272
F12022,10,EAO+M1,1015,1.7053025658242404e-13,14976,1,34,3225
F12022,10,EAO+M1,1016,1.1368683772161603e-12,14970,0,40,3557
F12022,10,EAO+M1,1017,2.4442670110147446e-11,14970,0,40,3628
F12022,10,EAO+M1,1018,4.638422979041934e-11,14970,0,37,3707
F12022,10,EAO+M1,1019,5.684341886080802e-14,14970,0,46,3373
F12022,10,EAO+M1,1020,3.751665644813329e-12,14970,0,25,3714
F12022,10,EAO+M1,1021,2.8421709430404007e-13,14970,0,41,3644
F12022,10,EAO+M1,1022,1.0231815394945443e-12,14976,1,31,3377
F12022,10,EAO+M1,1023,2.6409452402731404e-10,14970,0,27,3788
F12022,10,EAO+M1,1024,1.0402345651527867e-11,14970,0,31,3709
F12022,10,EAO+M1,1025,1.1368683772161603e-13,14982,2,41,3006
F12022,10,EAO+M1,1026,4.6128434405545704e-10,14970,0,41,3662
F12022,10,EAO+M1,1027,4.519051799434237e-11,14970,0,37,3778
F12022,10,EAO+M1,1028,1.1368683772161603e-13,14982,2,47,3177
F12022,10,EAO+M1,1029,3.410605131648481e-13,14970,0,43,3432
F12022,10,KE-EAO,1000,1.1368683772161603e-13,15012,7,1127,1362
F12022,10,KE-EAO,1001,1.1368683772161603e-13,15018,8,1098,1303
F12022,10,KE-EAO,1002,5.684341886080802e-14,15018,8,1114,1251
F12022,10,KE-EAO,1003,1.7053025658242404e-13,15018,8,1135,1272
F12022,10,KE-EAO,1004,5.684341886080802e-14,15018,8,1101,1275
F12022,10,KE-EAO,1005,1.1368683772161603e-13,15024,9,1058,1243
F12022,10,KE-EAO,1006,5.684341886080802e-14,15024,9,1082,1295
F12022,10,KE-EAO,1007,5.684341886080802e-14,15024,9,1120,1267
F12022,10,KE-EAO,1008,5.684341886080802e-14,15024,9,1075,1257
F12022,10,KE-EAO,1009,5.684341886080802e-14,15018,8,1151,1301
F12022,10,KE-EAO,1010,2.8421709430404007e-13,15018,8,1038,1331
F12022,10,KE-EAO,1011,0.0,15018,8,1042,1284
F12022,10,KE-EAO,1012,1.7053025658242404e-13,15024,9,1061,1288
F12022,10,KE-EAO,1013,5.684341886080802e-14,15024,9,1118,1231
F12022,10,KE-EAO,1014,5.684341886080802e-14,15018,8,1109,1252
F12022,10,KE-EAO,1015,5.684341886080802e-14,15024,9,1030,1253
F12022,10,KE-EAO,1016,5.684341886080802e-14,15024,9,1022,1251
F12022,10,KE-EAO,1017,5.684341886080802e-14,15024,9,1014,1261
F12022,10,KE-EAO,1018,1.1368683772161603e-13,15024,9,1021,1323
F12022,10,KE-EAO,1019,5.684341886080802e-14,15024,9,1089,1299
F12022,10,KE-EAO,1020,5.684341886080802e-14,15024,9,1076,1285
F12022,10,KE-EAO,1021,5.684341886080802e-14,15024,9,1123,1290
F12022,10,KE-EAO,1022,1.1368683772161603e-13,15024,9,1026,1252
F12022,10,KE-EAO,1023,5.684341886080802e-14,15018,8,1100,1307
F12022,10,KE-EAO,1024,2.8421709430404007e-13,15024,9,1060,1317
F12022,10,KE-EAO,1025,1.7053025658242404e-13,15018,8,1121,1292
F12022,10,KE-EAO,1026,1.1368683772161603e-13,15024,9,1022,1296
F12022,10,KE-EAO,1027,1.1368683772161603e-13,15024,9,996,1296
F12022,10,KE-EAO,1028,1.1368683772161603e-13,15024,9,1024,1297
F12022,10,KE-EAO,1029,5.684341886080802e-14,15018,8,1114,1313
F22022,10,EAO,1000,8.916102028550597,14970,0,32,3779
F22022,10,EAO,1001,6.028928928073299,14970,0,37,3179
F22022,10,EAO,1002,8.916101928768569,14970,0,37,3776
F22022,10,EAO,1003,6.899807865824641,14970,0,34,3726
F22022,10,EAO,1004,8.916101927801378,14970,0,29,3663
F22022,10,EAO,1005,8.916101927782279,14970,0,32,3676
F22022,10,EAO,1006,4.576264576873655,14970,0,24,2862
F22022,10,EAO,1007,0.004909385179189485,14970,0,23,3093
F22022,10,EAO,1008,0.006850131543330917,14970,0,29,3386
F22022,10,EAO,1009,8.91610192785862,14970,0,42,3258
F22022,10,EAO,1010,0.011816550606624787,14970,0,32,3594
F22022,10,EAO,1011,6.460471930703989,14970,0,30,3089
F22022,10,EAO,1012,5.866252444878285,14970,0,32,3916
F22022,10,EAO,1013,8.91610205447273,14970,0,27,3760
F22022,10,EAO,1014,8.916102001351874,14970,0,24,3710
F22022,10,EAO,1015,8.916102040943997,14970,0,41,3641
F22022,10,EAO,1016,5.253566213959573,14970,0,33,3575
F22022,10,EAO,1017,0.0004545890373037764,14970,0,31,3343
F22022,10,EAO,1018,0.2950476905313053,14970,0,37,3335
F22022,10,EAO,1019,0.018916114249975635,14970,0,30,3644
F22022,10,EAO,1020,4.383254463193737,14970,0,30,3334
F22022,10,EAO,1021,4.039863575492575,14970,0,33,2713
F22022,10,EAO,1022,8.916101927781767,14970,0,25,3727
F22022,10,EAO,1023,8.916101927782847,14970,0,29,3712
F22022,10,EAO,1024,6.67734534761513,14970,0,29,3785
F22022,10,EAO,1025,8.916101929321428,14970,0,31,3709
F22022,10,EAO,1026,6.029900178753678,14970,0,28,3698
F22022,10,EAO,1027,5.482807573611524,14970,0,23,3731
F22022,10,EAO,1028,8.916101928306603,14970,0,42,3645
F22022,10,EAO,1029,8.916101930580567,14970,0,35,3747
F22022,10,EAO+M2,1000,8.916101927781312,14970,0,1351,1015
F22022,10,EAO+M2,1001,3.9865796353799965,14970,0,2237,2127
F22022,10,EAO+M2,1002,8.91610192778137,14970,0,1334,1107
F22022,10,EAO+M2,1003,8.916101927781483,14970,0,1415,2169
F22022,10,EAO+M2,1004,3.9866271081160107,14970,0,1380,2376
F22022,10,EAO+M2,1005,3.9974344235976673,14970,0,1344,2471
F22022,10,EAO+M2,1006,3.9866166874354576,14970,0,1638,2335
F22022,10,EAO+M2,1007,8.916101927781312,14970,0,1472,921
F22022,10,EAO+M2,1008,8.91610192778137,14970,0,1283,964
F22022,10,EAO+M2,1009,8.91610192778137,14970,0,1245,1193
F22022,10,EAO+M2,1010,8.916101927782279,14970,0,2744,1847
F22022,10,EAO+M2,1011,8.91610192778137,14970,0,331,2646
F22022,10,EAO+M2,1012,3.986580782903218,14970,0,2313,2067
F22022,10,EAO+M2,1013,8.91610192778137,14970,0,974,1732
F22022,10,EAO+M2,1014,8.916101927781426,14970,0,259,2601
F22022,10,EAO+M2,1015,3.9865839041792697,14970,0,1786,2313
F22022,10,EAO+M2,1016,3.4962040956543206e-05,14970,0,2161,2167
F22022,10,EAO+M2,1017,3.9865791332480285,14970,0,1916,2146
F22022,10,EAO+M2,1018,3.9866697444051624,14970,0,2273,2158
F22022,10,EAO+M2,1019,8.91610192778137,14970,0,1017,1665
F22022,10,EAO+M2,1020,4.009475129508587,14970,0,1483,2365
F22022,10,EAO+M2,1021,4.084398464848448,14970,0,822,2777
F22022,10,EAO+M2,1022,6.161140515814623e-05,14970,0,2364,2028
F22022,10,EAO+M2,1023,8.916101927781312,14970,0,1150,1209
F22022,10,EAO+M2,1024,4.107513601996857,14970,0,970,2120
F22022,10,EAO+M2,1025,4.001659921405235,14970,0,940,2460
F22022,10,EAO+M2,1026,3.9865804155804767,14970,0,2175,2117
F22022,10,EAO+M2,1027,3.9865791135620725,14970,0,2181,2138
F22022,10,EAO+M2,1028,3.9866083741136435,14970,0,2348,2020
F22022,10,EAO+M2,1029,8.916101927781426,14970,0,1351,911
F22022,10,EAO+M1a,1000,8.916101928043418,14970,0,30,3736
F22022,10,EAO+M1a,1001,0.24210602070837695,14970,0,35,2786
F22022,10,EAO+M1a,1002,8.916101927903469,14970,0,36,3550
F22022,10,EAO+M1a,1003,4.647367578527735,14970,0,35,915
F22022,10,EAO+M1a,1004,8.916111298413398,14970,0,29,2266
F22022,10,EAO+M1a,1005,5.825368704603136,14970,0,31,785
F22022,10,EAO+M1a,1006,8.916102001942818,14970,0,24,2607
F22022,10,EAO+M1a,1007,5.219822043477393,14970,0,23,1045
F22022,10,EAO+M1a,1008,8.916102695572874,14970,0,30,2819
F22022,10,EAO+M1a,1009,6.209068110184035,14970,0,40,1385
F22022,10,EAO+M1a,1010,8.91610266901938,14970,0,34,2630
F22022,10,EAO+M1a,1011,5.959012580003048,14970,0,33,2785
F22022,10,EAO+M1a,1012,6.157399547654904,14970,0,35,3772
F22022,10,EAO+M1a,1013,8.916101929635545,14970,0,27,3524
F22022,10,EAO+M1a,1014,4.009247966589214,14970,0,22,1338
F22022,10,EAO+M1a,1015,0.13687535728507783,14970,0,40,2690
F22022,10,EAO+M1a,1016,4.020863834573959,14970,0,32,2750
F22022,10,EAO+M1a,1017,4.468942855203522,14970,0,34,1771
F22022,10,EAO+M1a,1018,8.916604413669006,14970,0,37,1427
F22022,10,EAO+M1a,1019,0.06814432564556228,14970,0,29,3393
F22022,10,EAO+M1a,1020,5.1445519946941545,14970,0,28,1199
F22022,10,EAO+M1a,1021,5.075627668879747,14970,0,32,1703
F22022,10,EAO+M1a,1022,0.00013488468590594493,14970,0,21,2198
F22022,10,EAO+M1a,1023,8.916101930423565,14970,0,31,3459
F22022,10,EAO+M1a,1024,8.91610781389494,14970,0,29,2245
F22022,10,EAO+M1a,1025,4.866870742336573,14970,0,32,1889
F22022,10,EAO+M1a,1026,3.9886380239406662,14970,0,28,2900
F22022,10,EAO+M1a,1027,4.698976546997301,14970,0,23,1500
F22022,10,EAO+M1a,1028,0.10763526035248105,14970,0,36,2371
F22022,10,EAO+M1a,1029,8.916101932066397,14970,0,37,2558
F22022,10,EAO+M1,1000,8.916101928043418,14970,0,30,3736
F22022,10,EAO+M1,1001,0.24210602070837695,14970,0,35,2786
F22022,10,EAO+M1,1002,8.916101927903469,14970,0,36,3550
F22022,10,EAO+M1,1003,4.647367578527735,14970,0,35,915
F22022,10,EAO+M1,1004,8.916111298413398,14970,0,29,2266
F22022,10,EAO+M1,1005,5.825368704603136,14970,0,31,785
F22022,10,EAO+M1,1006,8.916102001942818,14970,0,24,2607
F22022,10,EAO+M1,1007,5.219822043477393,14970,0,23,1045
F22022,10,EAO+M1,1008,8.916102695572874,14970,0,30,2819
F22022,10,EAO+M1,1009,6.209068110184035,14970,0,40,1385
F22022,10,EAO+M1,1010,8.91610266901938,14970,0,34,2630
F22022,10,EAO+M1,1011,5.959012580003048,14970,0,33,2785
F22022,10,EAO+M1,1012,6.157399547654904,14970,0,35,3772
F22022,10,EAO+M1,1013,8.916101929635545,14970,0,27,3524
F22022,10,EAO+M1,1014,4.009247966589214,14970,0,22,1338
F22022,10,EAO+M1,1015,0.13687535728507783,14970,0,40,2690
F22022,10,EAO+M1,1016,4.020863834573959,14970,0,32,2750
F22022,10,EAO+M1,1017,4.468942855203522,14970,0,34,1771
F22022,10,EAO+M1,1018,8.916604413669006,14970,0,37,1427
F22022,10,EAO+M1,1019,0.06814432564556228,14970,0,29,3393
F22022,10,EAO+M1,1020,5.1445519946941545,14970,0,28,1199
F22022,10,EAO+M1,1021,5.075627668879747,14970,0,32,1703
F22022,10,EAO+M1,1022,0.00013488468590594493,14970,0,21,2198
F22022,10,EAO+M1,1023,8.916101930423565,14970,0,31,3459
F22022,10,EAO+M1,1024,8.91610781389494,14970,0,29,2245
F22022,10,EAO+M1,1025,4.866870742336573,14970,0,32,1889
F22022,10,EAO+M1,1026,3.9886380239406662,14970,0,28,2900
F22022,10,EAO+M1,1027,4.698976546997301,14970,0,23,1500
F22022,10,EAO+M1,1028,0.10763526035248105,14970,0,36,2371
F22022,10,EAO+M1,1029,8.916101932066397,14970,0,37,2558
F22022,10,KE-EAO,1000,4.367069784731029,14970,0,154,2668
F22022,10,KE-EAO,1001,3.988328660252421,14970,0,2257,2173
F22022,10,KE-EAO,1002,8.916101927781426,14982,2,670,2223
F22022,10,KE-EAO,1003,8.9161024437268,14970,0,161,2111
F22022,10,KE-EAO,1004,3.986796864595817,14970,0,1923,2231
F22022,10,KE-EAO,1005,3.987791662161669,14970,0,2451,2069
F22022,10,KE-EAO,1006,3.986712264261371,14970,0,2167,2327
F22022,10,KE-EAO,1007,4.006541110806779,14970,0,2110,1871
F22022,10,KE-EAO,1008,8.916101927781483,15024,9,1249,1260
F22022,10,KE-EAO,1009,6.641491245462078,14970,0,167,2993
F22022,10,KE-EAO,1010,8.916101927781426,14982,2,1976,1766
F22022,10,KE-EAO,1011,4.007874155181355,14970,0,2217,2144
F22022,10,KE-EAO,1012,3.9892729341558493,14970,0,2444,2230
F22022,10,KE-EAO,1013,8.916101927781312,15000,5,724,1896
F22022,10,KE-EAO,1014,4.41416986512661,14970,0,129,1783
F22022,10,KE-EAO,1015,3.9873381875630685,14970,0,2189,2083
F22022,10,KE-EAO,1016,8.916101927781426,14982,2,2190,1730
F22022,10,KE-EAO,1017,3.9878388325377045,14970,0,931,2037
F22022,10,KE-EAO,1018,5.257366811538418,14970,0,108,2214
F22022,10,KE-EAO,1019,4.035024335315995,14970,0,153,2665
F22022,10,KE-EAO,1020,3.993322319682818,14970,0,1803,2258
F22022,10,KE-EAO,1021,8.91610192778137,15018,8,1023,1223
F22022,10,KE-EAO,1022,0.00025490751716006343,14970,0,2182,2157
F22022,10,KE-EAO,1023,3.994218195181759,14970,0,2353,2041
F22022,10,KE-EAO,1024,3.9866376150607152,14970,0,2115,2235
F22022,10,KE-EAO,1025,3.988203119839511,14970,0,2303,2028
F22022,10,KE-EAO,1026,8.916102624943505,14970,0,125,2036
F22022,10,KE-EAO,1027,3.986833951246922,14970,0,2067,2380
F22022,10,KE-EAO,1028,6.546767637339315,14970,0,175,3225
F22022,10,KE-EAO,1029,8.916101927781426,15024,9,1210,1220
F32022,10,EAO,1000,1.1368683772161603e-13,14970,0,33,2743
F32022,10,EAO,1001,0.0,14970,0,33,2351
F32022,10,EAO,1002,2.2737367544323206e-13,14970,0,27,2599
F32022,10,EAO,1003,1.1368683772161603e-13,14970,0,29,3431
F32022,10,EAO,1004,4.547473508864641e-13,14970,0,29,2802
F32022,10,EAO,1005,2.2737367544323206e-13,14970,0,26,3154
F32022,10,EAO,1006,1.0231815394945443e-12,14970,0,28,3043
F32022,10,EAO,1007,5.684341886080801e-13,14970,0,31,3089
F32022,10,EAO,1008,6.821210263296962e-13,14970,0,45,3650
F32022,10,EAO,1009,1.1368683772161603e-13,14970,0,41,2823
F32022,10,EAO,1010,1.2846612662542611e-11,14970,0,30,3514
F32022,10,EAO,1011,6.821210263296962e-13,14970,0,34,2581
F32022,10,EAO,1012,2.2737367544323206e-13,14970,0,24,2510
F32022,10,EAO,1013,9.094947017729282e-13,14970,0,35,2773
F32022,10,EAO,1014,4.547473508864641e-13,14970,0,39,2624
F32022,10,EAO,1015,1.1368683772161603e-13,14970,0,40,2813
F32022,10,EAO,1016,5.684341886080801e-13,14970,0,24,3120
F32022,10,EAO,1017,3.410605131648481e-13,14970,0,50,3237
F32022,10,EAO,1018,9.094947017729282e-13,14970,0,28,3679
F32022,10,EAO,1019,1.1368683772161603e-13,14970,0,29,3102
F32022,10,EAO,1020,4.547473508864641e-13,14970,0,38,3744
F32022,10,EAO,1021,5.684341886080801e-13,14970,0,32,3206
F32022,10,EAO,1022,3.410605131648481e-12,14970,0,30,3813
F32022,10,EAO,1023,3.410605131648481e-13,14970,0,29,2815
F32022,10,EAO,1024,2.2737367544323206e-13,14970,0,36,2950
F32022,10,EAO,1025,1.1368683772161603e-13,14970,0,44,2843
F32022,10,EAO,1026,4.547473508864641e-13,14970,0,36,2667
F32022,10,EAO,1027,3.410605131648481e-13,14970,0,39,2651
F32022,10,EAO,1028,5.684341886080801e-13,14970,0,28,3535
F32022,10,EAO,1029,4.547473508864641e-13,14970,0,32,3180
F32022,10,EAO+M2,1000,1.1368683772161603e-13,14970,0,1033,695
F32022,10,EAO+M2,1001,0.0,14970,0,1082,702
F32022,10,EAO+M2,1002,0.0,14970,0,1094,677
F32022,10,EAO+M2,1003,0.0,14970,0,1143,752
F32022,10,EAO+M2,1004,0.0,14970,0,1039,817
F32022,10,EAO+M2,1005,1.1368683772161603e-13,14970,0,1049,696
F32022,10,EAO+M2,1006,1.1368683772161603e-13,14970,0,1073,747
F32022,10,EAO+M2,1007,1.1368683772161603e-13,14970,0,1087,734
F32022,10,EAO+M2,1008,1.1368683772161603e-13,14970,0,1087,808
F32022,10,EAO+M2,1009,0.0,14970,0,1049,725
F32022,10,EAO+M2,1010,1.1368683772161603e-13,14970,0,1030,721
F32022,10,EAO+M2,1011,0.0,14970,0,1105,780
F32022,10,EAO+M2,1012,0.0,14970,0,1059,743
F32022,10,EAO+M2,1013,1.1368683772161603e-13,14970,0,1079,751
F32022,10,EAO+M2,1014,0.0,14970,0,1086,757
F32022,10,EAO+M2,1015,0.0,14970,0,1024,791
F32022,10,EAO+M2,1016,0.0,14970,0,1096,758
F32022,10,EAO+M2,1017,1.1368683772161603e-13,14970,0,1127,721
F32022,10,EAO+M2,1018,1.1368683772161603e-13,14970,0,1106,726
F32022,10,EAO+M2,1019,0.0,14970,0,1090,749
F32022,10,EAO+M2,1020,0.0,14970,0,1043,725
F32022,10,EAO+M2,1021,1.1368683772161603e-13,14970,0,993,701
F32022,10,EAO+M2,1022,0.0,14970,0,1024,773
F32022,10,EAO+M2,1023,0.0,14970,0,1090,747
F32022,10,EAO+M2,1024,0.0,14970,0,1047,748
F32022,10,EAO+M2,1025,0.0,14970,0,1134,758
F32022,10,EAO+M2,1026,0.0,14970,0,1110,691
F32022,10,EAO+M2,1027,1.1368683772161603e-13,14970,0,1072,759
F32022,10,EAO+M2,1028,1.1368683772161603e-13,14970,0,1041,682
F32022,10,EAO+M2,1029,0.0,14970,0,1067,682
F32022,10,EAO+M1a,1000,2.2737367544323206e-13,14970,0,41,2550
F32022,10,EAO+M1a,1001,3.410605131648481e-13,14970,0,36,3264
F32022,10,EAO+M1a,1002,2.2737367544323206e-13,14970,0,26,2390
F32022,10,EAO+M1a,1003,5.684341886080801e-13,14970,0,34,2636
F32022,10,EAO+M1a,1004,1.1368683772161603e-13,14970,0,45,2451
F32022,10,EAO+M1a,1005,1.1368683772161603e-13,14970,0,27,2730
F32022,10,EAO+M1a,1006,3.069544618483633e-12,14970,0,34,2184
F32022,10,EAO+M1a,1007,2.2737367544323206e-13,14970,0,32,2116
F32022,10,EAO+M1a,1008,2.8421709430404007e-12,14970,0,50,2645
F32022,10,EAO+M1a,1009,6.821210263296962e-13,14970,0,41,2511
F32022,10,EAO+M1a,1010,1.1368683772161603e-13,14970,0,33,3082
F32022,10,EAO+M1a,1011,7.958078640513122e-13,14970,0,34,2250
F32022,10,EAO+M1a,1012,2.2737367544323206e-13,14970,0,27,2390
F32022,10,EAO+M1a,1013,3.410605131648481e-13,14970,0,38,2042
F32022,10,EAO+M1a,1014,2.2737367544323206e-13,14970,0,36,2571
F32022,10,EAO+M1a,1015,3.410605131648481e-13,14970,0,39,1918
F32022,10,EAO+M1a,1016,4.547473508864641e-13,14970,0,29,2638
F32022,10,EAO+M1a,1017,2.2737367544323206e-13,14970,0,50,2672
F32022,10,EAO+M1a,1018,1.1368683772161603e-13,14970,0,30,2328
F32022,10,EAO+M1a,1019,2.2737367544323206e-13,14970,0,32,2725
F32022,10,EAO+M1a,1020,4.547473508864641e-13,14970,0,38,3128
F32022,10,EAO+M1a,1021,2.2737367544323206e-13,14970,0,32,2831
F32022,10,EAO+M1a,1022,7.958078640513122e-13,14970,0,31,3189
F32022,10,EAO+M1a,1023,1.1368683772161603e-12,14970,0,34,2336
F32022,10,EAO+M1a,1024,2.2737367544323206e-13,14970,0,39,2163
F32022,10,EAO+M1a,1025,3.410605131648481e-13,14970,0,52,2290
F32022,10,EAO+M1a,1026,1.1368683772161603e-13,14970,0,36,1802
F32022,10,EAO+M1a,1027,2.2737367544323206e-13,14970,0,31,3453
F32022,10,EAO+M1a,1028,1.1368683772161603e-13,14970,0,29,2679
F32022,10,EAO+M1a,1029,2.2737367544323206e-13,14970,0,30,2713
F32022,10,EAO+M1,1000,2.2737367544323206e-13,15000,5,41,2794
F32022,10,EAO+M1,1001,4.547473508864641e-13,14982,2,36,3342
F32022,10,EAO+M1,1002,2.2737367544323206e-13,15000,5,26,2657
F32022,10,EAO+M1,1003,1.1368683772161603e-13,14988,3,34,2901
F32022,10,EAO+M1,1004,1.1368683772161603e-13,15000,5,45,2680
F32022,10,EAO+M1,1005,1.1368683772161603e-13,14994,4,27,2907
F32022,10,EAO+M1,1006,1.1368683772161603e-13,14994,4,34,2562
F32022,10,EAO+M1,1007,2.2737367544323206e-13,15006,6,32,2415
F32022,10,EAO+M1,1008,0.0,14976,1,50,2891
F32022,10,EAO+M1,1009,6.821210263296962e-13,15000,5,41,2758
F32022,10,EAO+M1,1010,1.1368683772161603e-13,14988,3,33,3213
F32022,10,EAO+M1,1011,7.958078640513122e-13,15006,6,34,2561
F32022,10,EAO+M1,1012,1.1368683772161603e-13,14994,4,27,2643
F32022,10,EAO+M1,1013,3.410605131648481e-13,15006,6,38,2366
F32022,10,EAO+M1,1014,2.2737367544323206e-13,14994,4,36,2767
F32022,10,EAO+M1,1015,3.410605131648481e-13,15006,6,39,2251
F32022,10,EAO+M1,1016,1.1368683772161603e-13,14982,2,29,2845
F32022,10,EAO+M1,1017,2.2737367544323206e-13,14988,3,50,2821
F32022,10,EAO+M1,1018,1.1368683772161603e-13,15000,5,30,2595
F32022,10,EAO+M1,1019,2.2737367544323206e-13,14994,4,32,2928
F32022,10,EAO+M1,1020,4.547473508864641e-13,14988,3,38,3257
F32022,10,EAO+M1,1021,2.2737367544323206e-13,14994,4,32,3017
F32022,10,EAO+M1,1022,7.958078640513122e-13,14988,3,31,3308
F32022,10,EAO+M1,1023,1.1368683772161603e-12,15000,5,34,2580
F32022,10,EAO+M1,1024,2.2737367544323206e-13,15006,6,39,2487
F32022,10,EAO+M1,1025,3.410605131648481e-13,15000,5,52,2523
F32022,10,EAO+M1,1026,1.1368683772161603e-13,15012,7,36,2177
F32022,10,EAO+M1,1027,2.2737367544323206e-13,14976,1,31,3476
F32022,10,EAO+M1,1028,1.1368683772161603e-13,14994,4,29,2860
F32022,10,EAO+M1,1029,2.2737367544323206e-13,14994,4,30,2912
F32022,10,KE-EAO,1000,2.2737367544323206e-13,15030,11,843,1141
F32022,10,KE-EAO,1001,1.1368683772161603e-13,15030,11,803,1139
F32022,10,KE-EAO,1002,2.2737367544323206e-13,15030,11,876,1130
F32022,10,KE-EAO,1003,0.0,15030,11,798,1131
F32022,10,KE-EAO,1004,2.2737367544323206e-13,15030,10,849,1171
F32022,10,KE-EAO,1005,1.1368683772161603e-13,15030,11,828,1154
F32022,10,KE-EAO,1006,1.1368683772161603e-13,15024,9,910,1165
F32022,10,KE-EAO,1007,1.1368683772161603e-13,15030,10,837,1141
F32022,10,KE-EAO,1008,1.1368683772161603e-13,15030,10,848,1204
F32022,10,KE-EAO,1009,1.1368683772161603e-13,15030,11,819,1149
F32022,10,KE-EAO,1010,1.1368683772161603e-13,15030,11,816,1098
F32022,10,KE-EAO,1011,1.1368683772161603e-13,15030,11,813,1142
F32022,10,KE-EAO,1012,2.2737367544323206e-13,15030,11,801,1164
F32022,10,KE-EAO,1013,0.0,15030,11,831,1134
F32022,10,KE-EAO,1014,1.1368683772161603e-13,15030,11,817,1164
F32022,10,KE-EAO,1015,1.1368683772161603e-13,15030,10,838,1145
F32022,10,KE-EAO,1016,1.1368683772161603e-13,15030,10,889,1172
F32022,10,KE-EAO,1017,1.1368683772161603e-13,15030,11,847,1154
F32022,10,KE-EAO,1018,3.410605131648481e-13,15030,10,822,1104
F32022,10,KE-EAO,1019,1.1368683772161603e-13,15030,11,855,1155
F32022,10,KE-EAO,1020,0.0,15030,11,869,1121
F32022,10,KE-EAO,1021,0.0,15030,11,836,1147
F32022,10,KE-EAO,1022,1.1368683772161603e-13,15030,11,802,1192
F32022,10,KE-EAO,1023,1.1368683772161603e-13,15030,11,778,1151
F32022,10,KE-EAO,1024,2.2737367544323206e-13,15030,11,773,1179
F32022,10,KE-EAO,1025,1.1368683772161603e-13,15030,11,810,1174
F32022,10,KE-EAO,1026,1.1368683772161603e-13,15030,10,1001,1160
F32022,10,KE-EAO,1027,0.0,15030,11,832,1168
F32022,10,KE-EAO,1028,0.0,15030,10,796,1132
F32022,10,KE-EAO,1029,0.0,15030,11,779,1135
F42022,10,EAO,1000,18.541310227691042,14970,0,30,252
F42022,10,EAO,1001,54.0,14970,0,30,237
F42022,10,EAO,1002,35.072852378252264,14970,0,21,213
F42022,10,EAO,1003,48.99964507450625,14970,0,20,234
F42022,10,EAO,1004,75.58946333603672,14970,0,28,180
F42022,10,EAO,1005,37.79342529905239,14970,0,30,230
F42022,10,EAO,1006,23.330082729909236,14970,0,39,230
F42022,10,EAO,1007,39.69569901905561,14970,0,33,212
F42022,10,EAO,1008,49.442639786713926,14970,0,30,233
F42022,10,EAO,1009,24.949246855032357,14970,0,18,228
F42022,10,EAO,1010,52.024533662033264,14970,0,30,231
F42022,10,EAO,1011,33.46252655750334,14970,0,30,235
F42022,10,EAO,1012,80.93348345912216,14970,0,25,183
F42022,10,EAO,1013,70.17246268566532,14970,0,31,204
F42022,10,EAO,1014,55.95025865041066,14970,0,28,225
F42022,10,EAO,1015,27.873353281835193,14970,0,27,225
F42022,10,EAO,1016,26.915782846112506,14970,0,19,235
F42022,10,EAO,1017,32.95374900349066,14970,0,32,221
F42022,10,EAO,1018,31.721427954772707,14970,0,29,226
F42022,10,EAO,1019,27.895989073843907,14970,0,39,241
F42022,10,EAO,1020,55.228786242253136,14970,0,27,229
F42022,10,EAO,1021,44.0,14970,0,15,245
F42022,10,EAO,1022,40.06691210059728,14970,0,28,204
F42022,10,EAO,1023,44.136202755671775,14970,0,25,233
F42022,10,EAO,1024,41.26233945947013,14970,0,24,236
F42022,10,EAO,1025,58.90816451365322,14970,0,30,232
F42022,10,EAO,1026,58.299591856351185,14970,0,19,220
F42022,10,EAO,1027,51.072202346203426,14970,0,20,205
F42022,10,EAO,1028,44.0,14970,0,37,251
F42022,10,EAO,1029,42.376511254409365,14970,0,27,222
F42022,10,EAO+M2,1000,20.472309858470226,14970,0,60,169
F42022,10,EAO+M2,1001,56.89741046544714,14970,0,63,177
F42022,10,EAO+M2,1002,53.25446619306422,14970,0,64,158
F42022,10,EAO+M2,1003,33.34669342264283,14970,0,51,191
F42022,10,EAO+M2,1004,35.530540595100206,14970,0,54,196
F42022,10,EAO+M2,1005,22.082902737431823,14970,0,50,191
F42022,10,EAO+M2,1006,30.060558146576568,14970,0,57,193
F42022,10,EAO+M2,1007,46.57662102008658,14970,0,55,208
F42022,10,EAO+M2,1008,48.71328870631942,14970,0,51,198
F42022,10,EAO+M2,1009,48.0,14970,0,51,173
F42022,10,EAO+M2,1010,66.0,14970,0,51,172
F42022,10,EAO+M2,1011,56.403009698317646,14970,0,69,196
F42022,10,EAO+M2,1012,54.0,14970,0,61,150
F42022,10,EAO+M2,1013,58.4199014906045,14970,0,62,195
F42022,10,EAO+M2,1014,32.9477659894236,14970,0,57,204
F42022,10,EAO+M2,1015,49.26312422019021,14970,0,60,198
F42022,10,EAO+M2,1016,41.47527025395732,14970,0,48,187
F42022,10,EAO+M2,1017,44.39791328642684,14970,0,59,155
F42022,10,EAO+M2,1018,25.657652687227937,14970,0,59,216
F42022,10,EAO+M2,1019,59.0425178867672,14970,0,48,182
F42022,10,EAO+M2,1020,33.676051370569326,14970,0,54,205
F42022,10,EAO+M2,1021,47.109407209366054,14970,0,45,198
F42022,10,EAO+M2,1022,39.35042887633779,14970,0,52,200
F42022,10,EAO+M2,1023,38.185447582516645,14970,0,54,177
F42022,10,EAO+M2,1024,40.16565526810257,14970,0,71,194
F42022,10,EAO+M2,1025,57.35724362891756,14970,0,51,190
F42022,10,EAO+M2,1026,44.447892895017844,14970,0,48,182
F42022,10,EAO+M2,1027,40.5086761922455,14970,0,54,188
F42022,10,EAO+M2,1028,41.657329747436165,14970,0,60,198
F42022,10,EAO+M2,1029,23.725407585822836,14970,0,46,209
F42022,10,EAO+M1a,1000,86.22773004168971,14970,0,29,225
F42022,10,EAO+M1a,1001,59.056273801969496,14970,0,25,183
F42022,10,EAO+M1a,1002,74.7001340500567,14970,0,28,190
F42022,10,EAO+M1a,1003,60.56178635972151,14970,0,20,200
F42022,10,EAO+M1a,1004,77.15175632865419,14970,0,36,155
F42022,10,EAO+M1a,1005,89.08387690304892,14970,0,25,185
F42022,10,EAO+M1a,1006,63.39734668188373,14970,0,43,176
F42022,10,EAO+M1a,1007,67.40311545634506,14970,0,29,167
F42022,10,EAO+M1a,1008,78.07852240486955,14970,0,26,181
F42022,10,EAO+M1a,1009,53.803420960151584,14970,0,24,174
F42022,10,EAO+M1a,1010,76.19470304318895,14970,0,27,173
F42022,10,EAO+M1a,1011,80.62119801137658,14970,0,24,176
F42022,10,EAO+M1a,1012,63.36905318497145,14970,0,20,199
F42022,10,EAO+M1a,1013,69.24466838987951,14970,0,31,158
F42022,10,EAO+M1a,1014,48.07730914392505,14970,0,39,168
F42022,10,EAO+M1a,1015,32.53450298292864,14970,0,38,211
F42022,10,EAO+M1a,1016,82.05381415623174,14970,0,32,185
F42022,10,EAO+M1a,1017,70.2904323598176,14970,0,31,174
F42022,10,EAO+M1a,1018,66.77717675044073,14970,0,34,193
F42022,10,EAO+M1a,1019,71.58957550931882,14970,0,45,185
F42022,10,EAO+M1a,1020,58.54441493521233,14970,0,28,195
F42022,10,EAO+M1a,1021,64.31848741833892,14970,0,26,190
F42022,10,EAO+M1a,1022,70.0,14970,0,33,175
F42022,10,EAO+M1a,1023,81.63416810831825,14970,0,30,150
F42022,10,EAO+M1a,1024,54.0,14970,0,33,189
F42022,10,EAO+M1a,1025,70.61017896733142,14970,0,22,196
F42022,10,EAO+M1a,1026,84.0,14970,0,27,190
F42022,10,EAO+M1a,1027,42.0,14970,0,25,181
F42022,10,EAO+M1a,1028,54.099789124279596,14970,0,29,192
F42022,10,EAO+M1a,1029,54.44761650124212,14970,0,26,172
F42022,10,EAO+M1,1000,86.22773004168971,14970,0,29,225
F42022,10,EAO+M1,1001,59.056273801969496,14970,0,25,183
F42022,10,EAO+M1,1002,74.7001340500567,14970,0,28,190
F42022,10,EAO+M1,1003,60.56178635972151,14970,0,20,200
F42022,10,EAO+M1,1004,77.15175632865419,14970,0,36,155
F42022,10,EAO+M1,1005,89.08387690304892,14970,0,25,185
F42022,10,EAO+M1,1006,63.39734668188373,14970,0,43,176
F42022,10,EAO+M1,1007,67.40311545634506,14970,0,29,167
F42022,10,EAO+M1,1008,78.07852240486955,14970,0,26,181
F42022,10,EAO+M1,1009,53.803420960151584,14970,0,24,174
F42022,10,EAO+M1,1010,76.19470304318895,14970,0,27,173
F42022,10,EAO+M1,1011,80.62119801137658,14970,0,24,176
F42022,10,EAO+M1,1012,63.36905318497145,14970,0,20,199
F42022,10,EAO+M1,1013,69.24466838987951,14970,0,31,158
F42022,10,EAO+M1,1014,48.07730914392505,14970,0,39,168
F42022,10,EAO+M1,1015,32.53450298292864,14970,0,38,211
F42022,10,EAO+M1,1016,82.05381415623174,14970,0,32,185
F42022,10,EAO+M1,1017,70.2904323598176,14970,0,31,174
F42022,10,EAO+M1,1018,66.77717675044073,14970,0,34,193
F42022,10,EAO+M1,1019,71.58957550931882,14970,0,45,185
F42022,10,EAO+M1,1020,58.54441493521233,14970,0,28,195
F42022,10,EAO+M1,1021,64.31848741833892,14970,0,26,190
F42022,10,EAO+M1,1022,70.0,14970,0,33,175
F42022,10,EAO+M1,1023,81.63416810831825,14970,0,30,150
F42022,10,EAO+M1,1024,54.0,14970,0,33,189
F42022,10,EAO+M1,1025,70.61017896733142,14970,0,22,196
F42022,10,EAO+M1,1026,84.0,14970,0,27,190
F42022,10,EAO+M1,1027,42.0,14970,0,25,181
F42022,10,EAO+M1,1028,54.099789124279596,14970,0,29,192
F42022,10,EAO+M1,1029,54.44761650124212,14970,0,26,172
F42022,10,KE-EAO,1000,84.02687044877939,14970,0,47,157
F42022,10,KE-EAO,1001,84.06578107052121,14970,0,53,187
F42022,10,KE-EAO,1002,49.58197736254863,14970,0,54,154
F42022,10,KE-EAO,1003,73.30506015963056,14970,0,63,165
F42022,10,KE-EAO,1004,29.48330623280458,14970,0,45,131
F42022,10,KE-EAO,1005,69.14793689226042,14970,0,70,162
F42022,10,KE-EAO,1006,77.16441955439154,14970,0,52,177
F42022,10,KE-EAO,1007,65.02554591978674,14970,0,43,162
F42022,10,KE-EAO,1008,49.07415581090265,14970,0,81,165
F42022,10,KE-EAO,1009,61.715209929187154,14970,0,40,158
F42022,10,KE-EAO,1010,72.84217856525697,14970,0,50,162
F42022,10,KE-EAO,1011,70.7192723579401,14970,0,58,152
F42022,10,KE-EAO,1012,71.53787127792918,14970,0,48,149
F42022,10,KE-EAO,1013,61.32921339426764,14970,0,68,150
F42022,10,KE-EAO,1014,63.73882977568485,14970,0,44,165
F42022,10,KE-EAO,1015,84.54387021129764,14970,0,43,163
F42022,10,KE-EAO,1016,61.604810137461186,14970,0,54,150
F42022,10,KE-EAO,1017,61.77508081567157,14970,0,67,152
F42022,10,KE-EAO,1018,82.59371347702222,14970,0,52,179
F42022,10,KE-EAO,1019,75.29724295135009,14970,0,64,161
F42022,10,KE-EAO,1020,66.98004188330572,14970,0,51,166
F42022,10,KE-EAO,1021,33.697396269001615,14970,0,66,143
F42022,10,KE-EAO,1022,61.69434328403986,14970,0,51,167
F42022,10,KE-EAO,1023,76.13977686038947,14970,0,56,153
F42022,10,KE-EAO,1024,58.608600663769494,14970,0,74,166
F42022,10,KE-EAO,1025,67.04699163158318,14970,0,67,139
F42022,10,KE-EAO,1026,43.5455866855317,14970,0,55,164
F42022,10,KE-EAO,1027,52.0625986808426,14970,0,56,131
F42022,10,KE-EAO,1028,78.4012068578819,14970,0,67,154
F42022,10,KE-EAO,1029,38.82637415259683,14970,0,55,159
F52022,10,EAO,1000,1.5854471939746873e-05,14970,0,31,3339
F52022,10,EAO,1001,2.018715508711466e-05,14970,0,28,3379
F52022,10,EAO,1002,1.4610452581109712e-07,14970,0,34,3311
F52022,10,EAO,1003,9.30729561332555e-06,14970,0,37,3254
F52022,10,EAO,1004,3.9543385810247855e-06,14970,0,23,2976
F52022,10,EAO,1005,7.4643265861595864e-06,14970,0,34,3322
F52022,10,EAO,1006,1.159004898454441e-05,14970,0,28,3290
F52022,10,EAO,1007,0.0895282505450723,14970,0,26,3233
F52022,10,EAO,1008,1.5776777217979543e-08,14970,0,32,3284
F52022,10,EAO,1009,2.0865195438091177e-07,14970,0,38,3223
F52022,10,EAO,1010,1.5766975252518023e-05,14970,0,36,3341
F52022,10,EAO,1011,1.822216484015371e-05,14970,0,32,3333
F52022,10,EAO,1012,0.08952825076471527,14970,0,36,2974
F52022,10,EAO,1013,4.467729013413191e-07,14970,0,38,3140
F52022,10,EAO,1014,6.561805321325664e-06,14970,0,29,3383
F52022,10,EAO,1015,0.08952834999547576,14970,0,34,3150
F52022,10,EAO,1016,0.08958648844691197,14970,0,31,3137
F52022,10,EAO,1017,0.08954738197201095,14970,0,40,3306
F52022,10,EAO,1018,5.540146867133444e-05,14970,0,33,3318
F52022,10,EAO,1019,1.519970282970462e-08,14970,0,42,3114
F52022,10,EAO,1020,3.940044734918047e-09,14970,0,37,3096
F52022,10,EAO,1021,4.006742290130205e-05,14970,0,42,3120
F52022,10,EAO,1022,1.968101059901528e-08,14970,0,34,3235
F52022,10,EAO,1023,2.5290602252425742e-06,14970,0,30,3367
F52022,10,EAO,1024,8.473806474285084e-07,14970,0,20,3238
F52022,10,EAO,1025,3.955228487484419e-05,14970,0,39,3306
F52022,10,EAO,1026,4.445314516487997e-07,14970,0,25,3313
F52022,10,EAO,1027,0.00010616124757234502,14970,0,39,3298
F52022,10,EAO,1028,2.8810288767999737e-06,14970,0,41,3393
F52022,10,EAO,1029,8.511237410857575e-06,14970,0,22,3311
F52022,10,EAO+M2,1000,1.1368683772161603e-13,14970,0,765,1097
F52022,10,EAO+M2,1001,1.1368683772161603e-13,14970,0,737,1196
F52022,10,EAO+M2,1002,3.410605131648481e-13,14970,0,747,1100
F52022,10,EAO+M2,1003,2.2737367544323206e-13,14970,0,957,993
F52022,10,EAO+M2,1004,0.0,14970,0,908,1040
F52022,10,EAO+M2,1005,1.1368683772161603e-13,14970,0,854,1036
F52022,10,EAO+M2,1006,1.1368683772161603e-13,14970,0,700,1309
F52022,10,EAO+M2,1007,0.08952825041649248,14970,0,822,1322
F52022,10,EAO+M2,1008,0.0,14970,0,872,920
F52022,10,EAO+M2,1009,3.410605131648481e-13,14970,0,760,1151
F52022,10,EAO+M2,1010,2.2737367544323206e-13,14970,0,992,1185
F52022,10,EAO+M2,1011,0.0,14970,0,828,1051
F52022,10,EAO+M2,1012,1.1368683772161603e-13,14970,0,813,1037
F52022,10,EAO+M2,1013,2.2737367544323206e-13,14970,0,900,1274
F52022,10,EAO+M2,1014,2.2737367544323206e-13,14970,0,738,1137
F52022,10,EAO+M2,1015,1.1368683772161603e-13,14970,0,882,1032
F52022,10,EAO+M2,1016,1.1368683772161603e-13,14970,0,841,1652
F52022,10,EAO+M2,1017,1.1368683772161603e-13,14970,0,684,1224
F52022,10,EAO+M2,1018,0.0,14970,0,779,1021
F52022,10,EAO+M2,1019,1.1368683772161603e-13,14970,0,834,1242
F52022,10,EAO+M2,1020,0.0,14970,0,850,1181
F52022,10,EAO+M2,1021,1.1368683772161603e-13,14970,0,830,983
F52022,10,EAO+M2,1022,2.2737367544323206e-13,14970,0,929,996
F52022,10,EAO+M2,1023,2.2737367544323206e-13,14970,0,659,1148
F52022,10,EAO+M2,1024,1.1368683772161603e-13,14970,0,787,1016
F52022,10,EAO+M2,1025,0.0,14970,0,937,1099
F52022,10,EAO+M2,1026,1.1368683772161603e-13,14970,0,794,1130
F52022,10,EAO+M2,1027,1.1368683772161603e-13,14970,0,811,958
F52022,10,EAO+M2,1028,2.2737367544323206e-13,14970,0,861,1092
F52022,10,EAO+M2,1029,1.1368683772161603e-13,14970,0,795,1312
F52022,10,EAO+M1a,1000,0.22064293887683561,14970,0,38,364
F52022,10,EAO+M1a,1001,0.20115708591504244,14970,0,32,358
F52022,10,EAO+M1a,1002,0.27081703947840197,14970,0,32,367
F52022,10,EAO+M1a,1003,0.3686100167864197,14970,0,30,312
F52022,10,EAO+M1a,1004,0.06837285324536424,14970,0,32,513
F52022,10,EAO+M1a,1005,0.11941773070168438,14970,0,30,462
F52022,10,EAO+M1a,1006,0.195132701566763,14970,0,32,412
F52022,10,EAO+M1a,1007,0.1252287592965331,14970,0,23,438
F52022,10,EAO+M1a,1008,0.15772405619361507,14970,0,22,445
F52022,10,EAO+M1a,1009,0.08124587369275105,14970,0,34,535
F52022,10,EAO+M1a,1010,0.23047734651402152,14970,0,33,349
F52022,10,EAO+M1a,1011,0.10453204384157289,14970,0,30,515
F52022,10,EAO+M1a,1012,0.01656834965865528,14970,0,30,621
F52022,10,EAO+M1a,1013,0.1903244745428765,14970,0,27,468
F52022,10,EAO+M1a,1014,0.20959275920233722,14970,0,26,429
F52022,10,EAO+M1a,1015,0.1633342924600356,14970,0,39,443
F52022,10,EAO+M1a,1016,0.2463419337959749,14970,0,35,430
F52022,10,EAO+M1a,1017,0.1498290157228439,14970,0,38,351
F52022,10,EAO+M1a,1018,0.29271292179350894,14970,0,35,351
F52022,10,EAO+M1a,1019,0.271207558062315,14970,0,37,367
F52022,10,EAO+M1a,1020,0.3298414754996202,14970,0,38,367
F52022,10,EAO+M1a,1021,0.1533687165979245,14970,0,36,506
F52022,10,EAO+M1a,1022,0.2893158016769348,14970,0,27,437
F52022,10,EAO+M1a,1023,0.07424137434418299,14970,0,50,514
F52022,10,EAO+M1a,1024,0.15748905154225668,14970,0,27,438
F52022,10,EAO+M1a,1025,0.20856187132483228,14970,0,28,481
F52022,10,EAO+M1a,1026,0.1879512935108778,14970,0,33,417
F52022,10,EAO+M1a,1027,0.3740320874819645,14970,0,41,383
F52022,10,EAO+M1a,1028,0.22451390627190904,14970,0,28,456
F52022,10,EAO+M1a,1029,0.2596184823648855,14970,0,22,419
F52022,10,EAO+M1,1000,0.22064293887683561,14970,0,38,364
F52022,10,EAO+M1,1001,0.20115708591504244,14970,0,32,358
F52022,10,EAO+M1,1002,0.27081703947840197,14970,0,32,367
F52022,10,EAO+M1,1003,0.3686100167864197,14970,0,30,312
F52022,10,EAO+M1,1004,0.06837285324536424,14970,0,32,513
F52022,10,EAO+M1,1005,0.11941773070168438,14970,0,30,462
F52022,10,EAO+M1,1006,0.195132701566763,14970,0,32,412
F52022,10,EAO+M1,1007,0.1252287592965331,14970,0,23,438
F52022,10,EAO+M1,1008,0.15772405619361507,14970,0,22,445
F52022,10,EAO+M1,1009,0.08124587369275105,14970,0,34,535
F52022,10,EAO+M1,1010,0.23047734651402152,14970,0,33,349
F52022,10,EAO+M1,1011,0.10453204384157289,14970,0,30,515
F52022,10,EAO+M1,1012,0.01656834965865528,14970,0,30,621
F52022,10,EAO+M1,1013,0.1903244745428765,14970,0,27,468
F52022,10,EAO+M1,1014,0.20959275920233722,14970,0,26,429
F52022,10,EAO+M1,1015,0.1633342924600356,14970,0,39,443
F52022,10,EAO+M1,1016,0.2463419337959749,14970,0,35,430
F52022,10,EAO+M1,1017,0.1498290157228439,14970,0,38,351
F52022,10,EAO+M1,1018,0.29271292179350894,14970,0,35,351
F52022,10,EAO+M1,1019,0.271207558062315,14970,0,37,367
F52022,10,EAO+M1,1020,0.3298414754996202,14970,0,38,367
F52022,10,EAO+M1,1021,0.1533687165979245,14970,0,36,506
F52022,10,EAO+M1,1022,0.2893158016769348,14970,0,27,437
F52022,10,EAO+M1,1023,0.07424137434418299,14970,0,50,514
F52022,10,EAO+M1,1024,0.15748905154225668,14970,0,27,438
F52022,10,EAO+M1,1025,0.20856187132483228,14970,0,28,481
F52022,10,EAO+M1,1026,0.1879512935108778,14970,0,33,417
F52022,10,EAO+M1,1027,0.3740320874819645,14970,0,41,383
F52022,10,EAO+M1,1028,0.22451390627190904,14970,0,28,456
F52022,10,EAO+M1,1029,0.2596184823648855,14970,0,22,419
F52022,10,KE-EAO,1000,0.01534147284564824,14970,0,129,487
F52022,10,KE-EAO,1001,0.050805913853992024,14970,0,118,503
F52022,10,KE-EAO,1002,0.031392796535897105,14970,0,135,525
F52022,10,KE-EAO,1003,0.09915924953929789,14970,0,89,427
F52022,10,KE-EAO,1004,0.046705287344138924,14970,0,140,520
F52022,10,KE-EAO,1005,0.12840486472157409,14970,0,117,370
F52022,10,KE-EAO,1006,0.006213489379661041,14970,0,154,585
F52022,10,KE-EAO,1007,0.008219184198537732,14970,0,115,588
F52022,10,KE-EAO,1008,0.018685148056761136,14970,0,125,553
F52022,10,KE-EAO,1009,0.01601839267163996,14970,0,104,563
F52022,10,KE-EAO,1010,0.0017849580990514369,14970,0,157,669
F52022,10,KE-EAO,1011,0.007701706545617526,14970,0,139,517
F52022,10,KE-EAO,1012,0.11529474364419912,14970,0,97,444
F52022,10,KE-EAO,1013,0.01691216102017279,14970,0,151,598
F52022,10,KE-EAO,1014,0.07237017288400693,14970,0,116,359
F52022,10,KE-EAO,1015,0.0026846010387089336,14970,0,174,536
F52022,10,KE-EAO,1016,0.3252216770307541,14970,0,74,309
F52022,10,KE-EAO,1017,0.02901004679131347,14970,0,151,466
F52022,10,KE-EAO,1018,0.0647537349390177,14970,0,69,467
F52022,10,KE-EAO,1019,0.0351450757063958,14970,0,117,464
F52022,10,KE-EAO,1020,0.10108909591463089,14970,0,102,439
F52022,10,KE-EAO,1021,0.003123387650816767,14970,0,101,696
F52022,10,KE-EAO,1022,0.007868653036553042,14970,0,184,521
F52022,10,KE-EAO,1023,0.0010533183242387167,14970,0,128,745
F52022,10,KE-EAO,1024,0.12561259135816272,14970,0,113,418
F52022,10,KE-EAO,1025,0.16707947026350212,14970,0,110,388
F52022,10,KE-EAO,1026,0.033888853864255,14970,0,137,542
F52022,10,KE-EAO,1027,0.024378645439242064,14970,0,106,585
F52022,10,KE-EAO,1028,0.0025689464357583347,14970,0,119,688
F52022,10,KE-EAO,1029,0.10382159042637795,14970,0,88,403
F62022,10,EAO,1000,895.3058995089077,14970,0,21,3313
F62022,10,EAO,1001,799.4055125635182,14970,0,34,3122
F62022,10,EAO,1002,204.94561436666572,14970,0,25,2359
F62022,10,EAO,1003,15500.30816424343,14970,0,27,3520
F62022,10,EAO,1004,6194.52452653958,14970,0,23,3177
F62022,10,EAO,1005,447.80623176072186,14970,0,25,1947
F62022,10,EAO,1006,6369.695554239395,14970,0,18,3273
F62022,10,EAO,1007,5950.6886145686885,14970,0,35,3249
F62022,10,EAO,1008,2616.570793314342,14970,0,20,3277
F62022,10,EAO,1009,800.0325440265842,14970,0,29,3253
F62022,10,EAO,1010,3421.141413551828,14970,0,22,2938
F62022,10,EAO,1011,7599.016777780935,14970,0,23,3364
F62022,10,EAO,1012,7542.466790112434,14970,0,23,3492
F62022,10,EAO,1013,119.54548241412863,14970,0,26,2087
F62022,10,EAO,1014,1030.8059551587776,14970,0,22,3236
F62022,10,EAO,1015,6996.1113080211835,14970,0,26,3525
F62022,10,EAO,1016,3444.9880973417103,14970,0,23,3355
F62022,10,EAO,1017,1246.8304678713398,14970,0,20,3115
F62022,10,EAO,1018,2078.134723600544,14970,0,24,2536
F62022,10,EAO,1019,698.6645016067991,14970,0,24,3199
F62022,10,EAO,1020,1071.5918133551213,14970,0,25,3276
F62022,10,EAO,1021,1354.3304303808113,14970,0,25,2911
F62022,10,EAO,1022,1046.6548331422446,14970,0,22,2951
F62022,10,EAO,1023,1176.9432537101252,14970,0,25,3381
F62022,10,EAO,1024,10408.778570317201,14970,0,23,3360
F62022,10,EAO,1025,1371.698034588123,14970,0,25,3208
F62022,10,EAO,1026,514.0447394150688,14970,0,21,3370
F62022,10,EAO,1027,2202.445953109067,14970,0,27,3342
F62022,10,EAO,1028,3946.223032180049,14970,0,24,2879
F62022,10,EAO,1029,3179.2944574430676,14970,0,21,3348
F62022,10,EAO+M2,1000,573.824501228477,14970,0,798,2945
F62022,10,EAO+M2,1001,610.3953574284533,14970,0,1317,2558
F62022,10,EAO+M2,1002,560.7061979373166,14970,0,735,2485
F62022,10,EAO+M2,1003,14505.937124886997,14970,0,939,2877
F62022,10,EAO+M2,1004,1684.2487227341862,14970,0,803,2876
F62022,10,EAO+M2,1005,43.3780781826149,14970,0,538,2669
F62022,10,EAO+M2,1006,520.2563119331126,14970,0,792,2773
F62022,10,EAO+M2,1007,415.3269104098881,14970,0,722,2966
F62022,10,EAO+M2,1008,75.69164294416737,14970,0,1008,2712
F62022,10,EAO+M2,1009,62.862272927909316,14970,0,1095,2472
F62022,10,EAO+M2,1010,10906.368677674936,14970,0,599,2652
F62022,10,EAO+M2,1011,752.640234533927,14970,0,930,2769
F62022,10,EAO+M2,1012,472.12690273874796,14970,0,989,2589
F62022,10,EAO+M2,1013,648.6075624075211,14970,0,713,2800
F62022,10,EAO+M2,1014,205.78747532289344,14970,0,1027,2559
F62022,10,EAO+M2,1015,2148.964474542149,14970,0,959,2680
F62022,10,EAO+M2,1016,11759.053546822139,14970,0,1008,2685
F62022,10,EAO+M2,1017,1056.7539549956082,14970,0,623,2986
F62022,10,EAO+M2,1018,186.55585207886725,14970,0,848,2662
F62022,10,EAO+M2,1019,1091.0938246663477,14970,0,1027,2741
F62022,10,EAO+M2,1020,5.123851147191544,14970,0,1102,2577
F62022,10,EAO+M2,1021,460.172556734949,14970,0,385,1921
F62022,10,EAO+M2,1022,80.41706611389691,14970,0,846,2815
F62022,10,EAO+M2,1023,641.888824354437,14970,0,551,2957
F62022,10,EAO+M2,1024,1570.2101904109109,14970,0,642,2956
F62022,10,EAO+M2,1025,96.19932277734779,14970,0,716,2450
F62022,10,EAO+M2,1026,286.10855789341304,14970,0,684,2551
F62022,10,EAO+M2,1027,1969.2050649080566,14970,0,949,2755
F62022,10,EAO+M2,1028,356.20656686864913,14970,0,784,2751
F62022,10,EAO+M2,1029,549.1769395618585,14970,0,1183,2693
F62022,10,EAO+M1a,1000,35.3881810906164,14970,0,20,1865
F62022,10,EAO+M1a,1001,72.91234968490267,14970,0,34,1933
F62022,10,EAO+M1a,1002,22.226692517886477,14970,0,25,1661
F62022,10,EAO+M1a,1003,7.109531984502837,14970,0,27,1937
F62022,10,EAO+M1a,1004,12.365712472809946,14970,0,24,1631
F62022,10,EAO+M1a,1005,6.955426277125753,14970,0,24,1586
F62022,10,EAO+M1a,1006,34.58955473622245,14970,0,18,1690
F62022,10,EAO+M1a,1007,21.829664874122273,14970,0,30,1689
F62022,10,EAO+M1a,1008,10.527624722207975,14970,0,18,1658
F62022,10,EAO+M1a,1009,36.08753999081296,14970,0,29,1836
F62022,10,EAO+M1a,1010,54.77040196969028,14970,0,26,1606
F62022,10,EAO+M1a,1011,21.268087876556137,14970,0,24,1849
F62022,10,EAO+M1a,1012,14.97996870641714,14970,0,24,1981
F62022,10,EAO+M1a,1013,107.98900499026195,14970,0,28,1839
F62022,10,EAO+M1a,1014,10.701079929197022,14970,0,22,1570
F62022,10,EAO+M1a,1015,19.484093185307756,14970,0,28,2146
F62022,10,EAO+M1a,1016,52.866278763444825,14970,0,23,1951
F62022,10,EAO+M1a,1017,53.74574099626648,14970,0,20,1683
F62022,10,EAO+M1a,1018,22.079833487745418,14970,0,21,1802
F62022,10,EAO+M1a,1019,27.68258001147842,14970,0,24,1833
F62022,10,EAO+M1a,1020,127.86186012989378,14970,0,25,2218
F62022,10,EAO+M1a,1021,4.0489444072179595,14970,0,25,1981
F62022,10,EAO+M1a,1022,36.00395751882775,14970,0,22,1991
F62022,10,EAO+M1a,1023,2.832452064221343,14970,0,25,1746
F62022,10,EAO+M1a,1024,54.606146596711824,14970,0,19,1959
F62022,10,EAO+M1a,1025,28.616137274977746,14970,0,25,1931
F62022,10,EAO+M1a,1026,1693.1376417405086,14970,0,21,1971
F62022,10,EAO+M1a,1027,1.6637739217378567,14970,0,28,1843
F62022,10,EAO+M1a,1028,16.542963877980583,14970,0,26,1481
F62022,10,EAO+M1a,1029,243.30770760247879,14970,0,21,1721
F62022,10,EAO+M1,1000,35.3881810906164,14970,0,20,1865
F62022,10,EAO+M1,1001,72.91234968490267,14970,0,34,1933
F62022,10,EAO+M1,1002,22.226692517886477,14970,0,25,1661
F62022,10,EAO+M1,1003,7.109531984502837,14970,0,27,1937
F62022,10,EAO+M1,1004,13.63820124682411,14976,1,24,1640
F62022,10,EAO+M1,1005,6.955426277125753,14970,0,24,1586
F62022,10,EAO+M1,1006,34.58955473622245,14970,0,18,1690
F62022,10,EAO+M1,1007,21.829664874122273,14970,0,30,1689
F62022,10,EAO+M1,1008,10.527624722207975,14970,0,18,1658
F62022,10,EAO+M1,1009,36.08753999081296,14970,0,29,1836
F62022,10,EAO+M1,1010,54.77040196969028,14970,0,26,1606
F62022,10,EAO+M1,1011,21.268087876556137,14970,0,24,1849
F62022,10,EAO+M1,1012,14.97996870641714,14970,0,24,1981
F62022,10,EAO+M1,1013,107.98900499026195,14970,0,28,1839
F62022,10,EAO+M1,1014,10.701079929197022,14970,0,22,1570
F62022,10,EAO+M1,1015,19.484093185307756,14970,0,28,2146
F62022,10,EAO+M1,1016,52.866278763444825,14970,0,23,1951
F62022,10,EAO+M1,1017,53.74574099626648,14970,0,20,1683
F62022,10,EAO+M1,1018,22.079833487745418,14970,0,21,1802
F62022,10,EAO+M1,1019,27.68258001147842,14970,0,24,1833
F62022,10,EAO+M1,1020,127.86186012989378,14970,0,25,2218
F62022,10,EAO+M1,1021,4.0489444072179595,14970,0,25,1981
F62022,10,EAO+M1,1022,36.00395751882775,14970,0,22,1991
F62022,10,EAO+M1,1023,2.832452064221343,14970,0,25,1746
F62022,10,EAO+M1,1024,54.606146596711824,14970,0,19,1959
F62022,10,EAO+M1,1025,28.616137274977746,14970,0,25,1931
F62022,10,EAO+M1,1026,1693.1376417405086,14970,0,21,1971
F62022,10,EAO+M1,1027,1.6637739217378567,14970,0,28,1843
F62022,10,EAO+M1,1028,16.542963877980583,14970,0,26,1481
F62022,10,EAO+M1,1029,243.30770760247879,14970,0,21,1721
F62022,10,KE-EAO,1000,293.8074665501308,14970,0,777,2559
F62022,10,KE-EAO,1001,14.272823718560176,14970,0,1030,2534
F62022,10,KE-EAO,1002,0.5541958882774907,14970,0,444,2193
F62022,10,KE-EAO,1003,9932.189799081065,14970,0,956,2753
F62022,10,KE-EAO,1004,38.86637974809014,14970,0,578,2165
F62022,10,KE-EAO,1005,5.020450087688914,14970,0,427,2048
F62022,10,KE-EAO,1006,14.153534936254118,14970,0,576,2394
F62022,10,KE-EAO,1007,1242.7951899524905,14970,0,663,2522
F62022,10,KE-EAO,1008,30.031271279405473,14970,0,680,2189
F62022,10,KE-EAO,1009,17.874315309484928,14970,0,766,2156
F62022,10,KE-EAO,1010,11.063357189482986,14970,0,450,2036
F62022,10,KE-EAO,1011,12.55428424949514,14970,0,896,2433
F62022,10,KE-EAO,1012,8.674964910770086,14970,0,559,2186
F62022,10,KE-EAO,1013,120.11430561482507,14970,0,690,2525
F62022,10,KE-EAO,1014,208.21576411150818,14970,0,906,2397
F62022,10,KE-EAO,1015,6920.2464232858165,14970,0,578,2899
F62022,10,KE-EAO,1016,38.93002772546083,14970,0,848,1997
F62022,10,KE-EAO,1017,44.47637394141111,14970,0,796,2007
F62022,10,KE-EAO,1018,10.93414075236683,14970,0,681,2314
F62022,10,KE-EAO,1019,225.47714067650986,14970,0,920,2546
F62022,10,KE-EAO,1020,436.7281401719456,14970,0,741,2266
F62022,10,KE-EAO,1021,30.078740960042524,14970,0,824,2250
F62022,10,KE-EAO,1022,12.512139176094024,14970,0,980,2352
F62022,10,KE-EAO,1023,99.76290848642861,14970,0,780,2218
F62022,10,KE-EAO,1024,1086.3914342742792,14970,0,613,2622
F62022,10,KE-EAO,1025,53.81024374801905,14970,0,581,2138
F62022,10,KE-EAO,1026,21.51451496194295,14970,0,560,2312
F62022,10,KE-EAO,1027,6004.174826250142,14970,0,566,2771
F62022,10,KE-EAO,1028,894.0310152276998,14970,0,840,2707
F62022,10,KE-EAO,1029,12.353877979755225,14970,0,660,2273
F72022,10,EAO,1000,39.06706416583711,14970,0,18,418
F72022,10,EAO,1001,37.60742222379781,14970,0,28,385
F72022,10,EAO,1002,40.725278488782806,14970,0,19,414
F72022,10,EAO,1003,36.67015982362955,14970,0,21,395
F72022,10,EAO,1004,38.872417964614215,14970,0,29,427
F72022,10,EAO,1005,35.04579457212617,14970,0,23,444
F72022,10,EAO,1006,25.649005553906136,14970,0,25,439
F72022,10,EAO,1007,31.159130348255303,14970,0,25,408
F72022,10,EAO,1008,39.48497520586466,14970,0,33,390
F72022,10,EAO,1009,30.0950219040094,14970,0,22,439
F72022,10,EAO,1010,40.712601089823465,14970,0,32,429
F72022,10,EAO,1011,27.791764485923295,14970,0,23,440
F72022,10,EAO,1012,36.08996308395194,14970,0,24,414
F72022,10,EAO,1013,30.02738589972091,14970,0,28,385
F72022,10,EAO,1014,34.96829206673965,14970,0,24,406
F72022,10,EAO,1015,42.83498296845846,14970,0,28,387
F72022,10,EAO,1016,34.09743261225253,14970,0,30,424
F72022,10,EAO,1017,18.81836584343364,14970,0,37,458
F72022,10,EAO,1018,31.805905159935037,14970,0,27,434
F72022,10,EAO,1019,37.98799692636612,14970,0,32,376
F72022,10,EAO,1020,35.56777253134442,14970,0,23,459
F72022,10,EAO,1021,40.374444159489485,14970,0,25,456
F72022,10,EAO,1022,36.31980854454832,14970,0,29,419
F72022,10,EAO,1023,34.67584641757685,14970,0,25,414
F72022,10,EAO,1024,36.30123341690978,14970,0,20,435
F72022,10,EAO,1025,32.10263063779371,14970,0,29,400
F72022,10,EAO,1026,28.47951163711582,14970,0,25,426
F72022,10,EAO,1027,42.764252285625616,14970,0,25,428
F72022,10,EAO,1028,38.85507540392996,14970,0,31,450
F72022,10,EAO,1029,33.224260567670626,14970,0,28,391
F72022,10,EAO+M2,1000,35.39356610759023,14970,0,147,336
F72022,10,EAO+M2,1001,25.27078945970993,14970,0,121,341
F72022,10,EAO+M2,1002,34.43416994939207,14970,0,166,311
F72022,10,EAO+M2,1003,33.10569180484231,14970,0,163,344
F72022,10,EAO+M2,1004,36.231450902045935,14970,0,172,345
F72022,10,EAO+M2,1005,39.53579419180437,14970,0,126,343
F72022,10,EAO+M2,1006,20.510145520460583,14970,0,134,375
F72022,10,EAO+M2,1007,39.46595133507276,14970,0,144,332
F72022,10,EAO+M2,1008,36.31385424209816,14970,0,122,334
F72022,10,EAO+M2,1009,34.92933120277735,14970,0,161,336
F72022,10,EAO+M2,1010,32.875601973781386,14970,0,137,378
F72022,10,EAO+M2,1011,31.811172333999366,14970,0,170,369
F72022,10,EAO+M2,1012,32.183217501534955,14970,0,173,318
F72022,10,EAO+M2,1013,136.14534324837996,14970,0,158,338
F72022,10,EAO+M2,1014,36.44040021360274,14970,0,175,305
F72022,10,EAO+M2,1015,33.162475173574876,14970,0,146,343
F72022,10,EAO+M2,1016,33.27102243269337,14970,0,153,375
F72022,10,EAO+M2,1017,33.294364511888716,14970,0,114,317
F72022,10,EAO+M2,1018,33.52345106871303,14970,0,177,322
F72022,10,EAO+M2,1019,28.022725042198317,14970,0,133,361
F72022,10,EAO+M2,1020,27.20718419302898,14970,0,173,361
F72022,10,EAO+M2,1021,34.71654215696071,14970,0,196,285
F72022,10,EAO+M2,1022,32.482768362626985,14970,0,180,335
F72022,10,EAO+M2,1023,32.84841770692674,14970,0,169,328
F72022,10,EAO+M2,1024,30.415317703033224,14970,0,160,319
F72022,10,EAO+M2,1025,36.60211734514951,14970,0,128,339
F72022,10,EAO+M2,1026,41.52821813378819,14970,0,149,297
F72022,10,EAO+M2,1027,35.46776382450207,14970,0,190,339
F72022,10,EAO+M2,1028,42.742606221929464,14970,0,148,323
F72022,10,EAO+M2,1029,36.47463022158672,14970,0,118,332
F72022,10,EAO+M1a,1000,57.18063474894552,14970,0,29,356
F72022,10,EAO+M1a,1001,39.50356468403038,14970,0,26,374
F72022,10,EAO+M1a,1002,49.16094942347809,14970,0,17,381
F72022,10,EAO+M1a,1003,41.4922745618544,14970,0,25,371
F72022,10,EAO+M1a,1004,40.61310422281531,14970,0,24,366
F72022,10,EAO+M1a,1005,37.27688425289625,14970,0,38,403
F72022,10,EAO+M1a,1006,39.78347858431266,14970,0,27,411
F72022,10,EAO+M1a,1007,43.38138490405595,14970,0,23,388
F72022,10,EAO+M1a,1008,52.00788260200716,14970,0,32,390
F72022,10,EAO+M1a,1009,73.90280846882433,14970,0,38,398
F72022,10,EAO+M1a,1010,54.534459591596715,14970,0,35,386
F72022,10,EAO+M1a,1011,61.35158642559327,14970,0,29,427
F72022,10,EAO+M1a,1012,51.07523719062556,14970,0,31,385
F72022,10,EAO+M1a,1013,50.50372805983534,14970,0,27,388
F72022,10,EAO+M1a,1014,54.301418049322365,14970,0,20,363
F72022,10,EAO+M1a,1015,55.36312104901026,14970,0,31,392
F72022,10,EAO+M1a,1016,55.62514735766945,14970,0,22,391
F72022,10,EAO+M1a,1017,53.72379475099342,14970,0,24,376
F72022,10,EAO+M1a,1018,58.77231542186928,14970,0,36,419
F72022,10,EAO+M1a,1019,53.758858302065164,14970,0,33,389
F72022,10,EAO+M1a,1020,51.96531695332442,14970,0,21,397
F72022,10,EAO+M1a,1021,56.418553048247304,14970,0,30,351
F72022,10,EAO+M1a,1022,57.94010830027264,14970,0,29,420
F72022,10,EAO+M1a,1023,70.45798340286046,14970,0,24,397
F72022,10,EAO+M1a,1024,40.39474887577944,14970,0,22,405
F72022,10,EAO+M1a,1025,50.846850212263234,14970,0,35,379
F72022,10,EAO+M1a,1026,65.20556351499181,14970,0,27,401
F72022,10,EAO+M1a,1027,64.87446002107345,14970,0,25,394
F72022,10,EAO+M1a,1028,66.66058078732385,14970,0,22,378
F72022,10,EAO+M1a,1029,42.96511244152907,14970,0,25,400
F72022,10,EAO+M1,1000,57.18063474894552,14970,0,29,356
F72022,10,EAO+M1,1001,39.50356468403038,14970,0,26,374
F72022,10,EAO+M1,1002,49.16094942347809,14970,0,17,381
F72022,10,EAO+M1,1003,41.4922745618544,14970,0,25,371
F72022,10,EAO+M1,1004,40.61310422281531,14970,0,24,366
F72022,10,EAO+M1,1005,37.27688425289625,14970,0,38,403
F72022,10,EAO+M1,1006,39.78347858431266,14970,0,27,411
F72022,10,EAO+M1,1007,43.38138490405595,14970,0,23,388
F72022,10,EAO+M1,1008,52.00788260200716,14970,0,32,390
F72022,10,EAO+M1,1009,73.90280846882433,14970,0,38,398
F72022,10,EAO+M1,1010,54.534459591596715,14970,0,35,386
F72022,10,EAO+M1,1011,61.35158642559327,14970,0,29,427
F72022,10,EAO+M1,1012,51.07523719062556,14970,0,31,385
F72022,10,EAO+M1,1013,50.50372805983534,14970,0,27,388
F72022,10,EAO+M1,1014,54.301418049322365,14970,0,20,363
F72022,10,EAO+M1,1015,55.36312104901026,14970,0,31,392
F72022,10,EAO+M1,1016,55.62514735766945,14970,0,22,391
F72022,10,EAO+M1,1017,53.72379475099342,14970,0,24,376
F72022,10,EAO+M1,1018,58.77231542186928,14970,0,36,419
F72022,10,EAO+M1,1019,53.758858302065164,14970,0,33,389
F72022,10,EAO+M1,1020,51.96531695332442,14970,0,21,397
F72022,10,EAO+M1,1021,56.418553048247304,14970,0,30,351
F72022,10,EAO+M1,1022,57.94010830027264,14970,0,29,420
F72022,10,EAO+M1,1023,70.45798340286046,14970,0,24,397
F72022,10,EAO+M1,1024,40.39474887577944,14970,0,22,405
F72022,10,EAO+M1,1025,50.846850212263234,14970,0,35,379
F72022,10,EAO+M1,1026,65.20556351499181,14970,0,27,401
F72022,10,EAO+M1,1027,64.87446002107345,14970,0,25,394
F72022,10,EAO+M1,1028,66.66058078732385,14970,0,22,378
F72022,10,EAO+M1,1029,42.96511244152907,14970,0,25,400
F72022,10,KE-EAO,1000,49.898608218791196,14970,0,162,324
F72022,10,KE-EAO,1001,51.42330235878762,14970,0,167,311
F72022,10,KE-EAO,1002,54.97460193300003,14970,0,113,327
F72022,10,KE-EAO,1003,42.22487457733109,14970,0,244,297
F72022,10,KE-EAO,1004,46.92935643071678,14970,0,134,327
F72022,10,KE-EAO,1005,55.045981669463345,14970,0,110,308
F72022,10,KE-EAO,1006,35.66555672813979,14970,0,200,319
F72022,10,KE-EAO,1007,134.92388351505997,14970,0,166,312
F72022,10,KE-EAO,1008,49.30884088277253,14970,0,151,345
F72022,10,KE-EAO,1009,35.64870963637986,14970,0,61,474
F72022,10,KE-EAO,1010,40.89785799879746,14970,0,110,351
F72022,10,KE-EAO,1011,45.125312818877774,14970,0,187,353
F72022,10,KE-EAO,1012,52.290291621200595,14970,0,136,329
F72022,10,KE-EAO,1013,41.48412906896442,14970,0,140,328
F72022,10,KE-EAO,1014,31.39843487398025,14970,0,184,311
F72022,10,KE-EAO,1015,57.69557401362272,14970,0,117,330
F72022,10,KE-EAO,1016,43.24276092862215,14970,0,188,344
F72022,10,KE-EAO,1017,40.0470371769793,14970,0,173,332
F72022,10,KE-EAO,1018,31.340815418581087,14970,0,221,298
F72022,10,KE-EAO,1019,31.81772777598644,14970,0,174,301
F72022,10,KE-EAO,1020,44.72379735314394,14970,0,140,316
F72022,10,KE-EAO,1021,57.86991672796603,14970,0,119,320
F72022,10,KE-EAO,1022,48.44405725170736,14970,0,215,335
F72022,10,KE-EAO,1023,66.50152407181713,14970,0,99,296
F72022,10,KE-EAO,1024,53.77727788945276,14970,0,125,343
F72022,10,KE-EAO,1025,35.086717896005666,14970,0,219,309
F72022,10,KE-EAO,1026,50.17728970474991,14970,0,128,295
F72022,10,KE-EAO,1027,51.926631159939916,14970,0,126,317
F72022,10,KE-EAO,1028,52.1226221190077,14970,0,134,337
F72022,10,KE-EAO,1029,39.83247792580232,14970,0,167,311
F82022,10,EAO,1000,25.238620092682595,14970,0,23,690
F82022,10,EAO,1001,5.9807695050121765,14970,0,23,769
F82022,10,EAO,1002,26.587973716650595,14970,0,26,668
F82022,10,EAO,1003,25.52934042643801,14970,0,23,674
F82022,10,EAO,1004,25.554188315296415,14970,0,20,641
F82022,10,EAO,1005,24.624182790211307,14970,0,26,667
F82022,10,EAO,1006,8.880328361462489,14970,0,24,747
F82022,10,EAO,1007,16.16984855758301,14970,0,23,670
F82022,10,EAO,1008,25.09546554536837,14970,0,25,617
F82022,10,EAO,1009,13.529013055542237,14970,0,22,708
F82022,10,EAO,1010,25.096540695924432,14970,0,23,673
F82022,10,EAO,1011,24.29295586409853,14970,0,21,671
F82022,10,EAO,1012,24.31283229868359,14970,0,21,673
F82022,10,EAO,1013,25.196937037140287,14970,0,22,677
F82022,10,EAO,1014,24.49660641874698,14970,0,21,693
F82022,10,EAO,1015,25.08858369845757,14970,0,20,640
F82022,10,EAO,1016,12.672451328389798,14970,0,21,710
F82022,10,EAO,1017,25.670180837287262,14970,0,20,635
F82022,10,EAO,1018,25.822450752193618,14970,0,21,682
F82022,10,EAO,1019,8.565017134200843,14970,0,19,772
F82022,10,EAO,1020,13.54788472142991,14970,0,22,660
F82022,10,EAO,1021,24.189901378113973,14970,0,23,681
F82022,10,EAO,1022,26.018349441565988,14970,0,17,643
F82022,10,EAO,1023,26.085475149143804,14970,0,24,646
F82022,10,EAO,1024,23.605469007333795,14970,0,22,673
F82022,10,EAO,1025,7.369336317586203,14970,0,19,739
F82022,10,EAO,1026,25.61841875090977,14970,0,25,615
F82022,10,EAO,1027,26.55111714033137,14970,0,17,663
F82022,10,EAO,1028,24.208535833485712,14970,0,23,696
F82022,10,EAO,1029,6.721263687589271,14970,0,24,720
F82022,10,EAO+M2,1000,8.347161295393107,14970,0,339,553
F82022,10,EAO+M2,1001,10.655054897875743,14970,0,288,494
F82022,10,EAO+M2,1002,6.1919526564206535,14970,0,377,500
F82022,10,EAO+M2,1003,24.319166580879937,14970,0,338,450
F82022,10,EAO+M2,1004,12.179362732399568,14970,0,254,546
F82022,10,EAO+M2,1005,15.043604676551695,14970,0,310,506
F82022,10,EAO+M2,1006,5.672418879231827,14970,0,279,515
F82022,10,EAO+M2,1007,23.93891820698127,14970,0,319,440
F82022,10,EAO+M2,1008,25.506945885739697,14970,0,330,455
F82022,10,EAO+M2,1009,25.8345509461451,14970,0,314,442
F82022,10,EAO+M2,1010,25.89741541504054,14970,0,284,461
F82022,10,EAO+M2,1011,12.932438456473392,14970,0,352,514
F82022,10,EAO+M2,1012,11.085377887762206,14970,0,252,502
F82022,10,EAO+M2,1013,24.787914791471394,14970,0,312,506
F82022,10,EAO+M2,1014,25.241211951372406,14970,0,290,457
F82022,10,EAO+M2,1015,26.822991754684608,14970,0,353,443
F82022,10,EAO+M2,1016,25.421905240266824,14970,0,322,449
F82022,10,EAO+M2,1017,22.44597328757027,14970,0,294,466
F82022,10,EAO+M2,1018,6.463652113336593,14970,0,325,504
F82022,10,EAO+M2,1019,16.136602847989252,14970,0,268,454
F82022,10,EAO+M2,1020,7.3168366757518015,14970,0,329,546
F82022,10,EAO+M2,1021,24.154105132134646,14970,0,339,448
F82022,10,EAO+M2,1022,25.35529534010493,14970,0,319,476
F82022,10,EAO+M2,1023,26.07761077628311,14970,0,271,480
F82022,10,EAO+M2,1024,123.82649932165259,14970,0,374,559
F82022,10,EAO+M2,1025,24.4464042774307,14970,0,294,453
F82022,10,EAO+M2,1026,25.11512675101585,14970,0,311,463
F82022,10,EAO+M2,1027,25.824067611543796,14970,0,293,474
F82022,10,EAO+M2,1028,24.891439511317458,14970,0,332,476
F82022,10,EAO+M2,1029,10.00806432780837,14970,0,289,512
F82022,10,EAO+M1a,1000,27.488216982104404,14970,0,22,798
F82022,10,EAO+M1a,1001,27.23186136714139,14970,0,26,742
F82022,10,EAO+M1a,1002,27.955875137473868,14970,0,27,778
F82022,10,EAO+M1a,1003,26.358700573930037,14970,0,23,729
F82022,10,EAO+M1a,1004,28.55897507887903,14970,0,19,739
F82022,10,EAO+M1a,1005,23.908781181894028,14970,0,25,751
F82022,10,EAO+M1a,1006,29.301594631097487,14970,0,24,803
F82022,10,EAO+M1a,1007,26.958437904708262,14970,0,24,742
F82022,10,EAO+M1a,1008,23.02902445212885,14970,0,25,744
F82022,10,EAO+M1a,1009,28.295188176517513,14970,0,24,772
F82022,10,EAO+M1a,1010,19.845394121923164,14970,0,23,759
F82022,10,EAO+M1a,1011,27.61996144967634,14970,0,21,751
F82022,10,EAO+M1a,1012,23.3649170337967,14970,0,20,737
F82022,10,EAO+M1a,1013,28.468525829152895,14970,0,23,773
F82022,10,EAO+M1a,1014,10.94738584996685,14970,0,22,794
F82022,10,EAO+M1a,1015,27.393727850566393,14970,0,22,809
F82022,10,EAO+M1a,1016,20.760918250627128,14970,0,22,785
F82022,10,EAO+M1a,1017,28.09867363993908,14970,0,20,748
F82022,10,EAO+M1a,1018,26.525761438048903,14970,0,21,798
F82022,10,EAO+M1a,1019,19.122383855629323,14970,0,19,763
F82022,10,EAO+M1a,1020,25.395121750639646,14970,0,23,733
F82022,10,EAO+M1a,1021,24.753366132932115,14970,0,24,761
F82022,10,EAO+M1a,1022,20.437294287948134,14970,0,17,775
F82022,10,EAO+M1a,1023,24.875898175729162,14970,0,25,767
F82022,10,EAO+M1a,1024,22.256433268368255,14970,0,22,792
F82022,10,EAO+M1a,1025,24.839231342970834,14970,0,19,761
F82022,10,EAO+M1a,1026,29.079311739024888,14970,0,25,784
F82022,10,EAO+M1a,1027,24.296015625654036,14970,0,16,728
F82022,10,EAO+M1a,1028,26.858250286446037,14970,0,23,787
F82022,10,EAO+M1a,1029,27.720940562631313,14970,0,24,768
F82022,10,EAO+M1,1000,27.488216982104404,14970,0,22,798
F82022,10,EAO+M1,1001,27.23186136714139,14970,0,26,742
F82022,10,EAO+M1,1002,27.955875137473868,14970,0,27,778
F82022,10,EAO+M1,1003,26.358700573930037,14970,0,23,729
F82022,10,EAO+M1,1004,28.55897507887903,14970,0,19,739
F82022,10,EAO+M1,1005,23.908781181894028,14970,0,25,751
F82022,10,EAO+M1,1006,29.301594631097487,14970,0,24,803
F82022,10,EAO+M1,1007,26.958437904708262,14970,0,24,742
F82022,10,EAO+M1,1008,23.02902445212885,14970,0,25,744
F82022,10,EAO+M1,1009,28.295188176517513,14970,0,24,772
F82022,10,EAO+M1,1010,19.845394121923164,14970,0,23,759
F82022,10,EAO+M1,1011,27.61996144967634,14970,0,21,751
F82022,10,EAO+M1,1012,23.3649170337967,14970,0,20,737
F82022,10,EAO+M1,1013,28.468525829152895,14970,0,23,773
F82022,10,EAO+M1,1014,10.94738584996685,14970,0,22,794
F82022,10,EAO+M1,1015,27.393727850566393,14970,0,22,809
F82022,10,EAO+M1,1016,20.760918250627128,14970,0,22,785
F82022,10,EAO+M1,1017,28.09867363993908,14970,0,20,748
F82022,10,EAO+M1,1018,26.525761438048903,14970,0,21,798
F82022,10,EAO+M1,1019,19.122383855629323,14970,0,19,763
F82022,10,EAO+M1,1020,25.395121750639646,14970,0,23,733
F82022,10,EAO+M1,1021,24.753366132932115,14970,0,24,761
F82022,10,EAO+M1,1022,20.437294287948134,14970,0,17,775
F82022,10,EAO+M1,1023,24.875898175729162,14970,0,25,767
F82022,10,EAO+M1,1024,22.256433268368255,14970,0,22,792
F82022,10,EAO+M1,1025,24.839231342970834,14970,0,19,761
F82022,10,EAO+M1,1026,29.079311739024888,14970,0,25,784
F82022,10,EAO+M1,1027,24.296015625654036,14970,0,16,728
F82022,10,EAO+M1,1028,26.858250286446037,14970,0,23,787
F82022,10,EAO+M1,1029,27.720940562631313,14970,0,24,768
F82022,10,KE-EAO,1000,14.209567963485824,14970,0,377,541
F82022,10,KE-EAO,1001,26.77195610659055,14970,0,415,529
F82022,10,KE-EAO,1002,18.44390335202843,14970,0,387,491
F82022,10,KE-EAO,1003,26.72121406202632,14970,0,342,521
F82022,10,KE-EAO,1004,25.134760524476405,14970,0,403,482
F82022,10,KE-EAO,1005,16.39373961973206,14970,0,404,476
F82022,10,KE-EAO,1006,20.25321676476233,14970,0,361,520
F82022,10,KE-EAO,1007,25.44012089133321,14970,0,322,528
F82022,10,KE-EAO,1008,25.476958479033783,14970,0,287,548
F82022,10,KE-EAO,1009,24.407062344451788,14970,0,356,530
F82022,10,KE-EAO,1010,25.14030819805339,14970,0,392,479
F82022,10,KE-EAO,1011,24.508777600498433,14970,0,385,463
F82022,10,KE-EAO,1012,14.678597263408847,14970,0,334,505
F82022,10,KE-EAO,1013,26.997794138616428,14970,0,362,531
F82022,10,KE-EAO,1014,24.140624231406036,14970,0,422,495
F82022,10,KE-EAO,1015,23.522867618416512,14970,0,425,521
F82022,10,KE-EAO,1016,25.859686271464852,14970,0,394,490
F82022,10,KE-EAO,1017,25.464110489004725,14970,0,400,472
F82022,10,KE-EAO,1018,26.277891776131128,14970,0,440,513
F82022,10,KE-EAO,1019,21.541332833471188,14970,0,321,503
F82022,10,KE-EAO,1020,126.33423844124809,14970,0,412,560
F82022,10,KE-EAO,1021,27.101597931688957,14970,0,378,506
F82022,10,KE-EAO,1022,10.63824306909055,14970,0,352,549
F82022,10,KE-EAO,1023,26.254800362714377,14970,0,392,464
F82022,10,KE-EAO,1024,24.06623788856723,14970,0,365,513
F82022,10,KE-EAO,1025,20.411844777319402,14970,0,383,516
F82022,10,KE-EAO,1026,25.123629285506468,14970,0,321,490
F82022,10,KE-EAO,1027,18.96406787057731,14970,0,397,462
F82022,10,KE-EAO,1028,11.252719150195844,14970,0,409,504
F82022,10,KE-EAO,1029,21.8053519652849,14970,0,395,517
F92022,10,EAO,1000,0.00027077197592006996,14970,0,27,3268
F92022,10,EAO,1001,0.0005454200872918591,14970,0,24,3563
F92022,10,EAO,1002,359.09438713180316,14970,0,26,3749
F92022,10,EAO,1003,2.433944746371708e-05,14970,0,23,3410
F92022,10,EAO,1004,0.0001612871506040392,14970,0,33,3344
F92022,10,EAO,1005,2.6504720153752714e-05,14970,0,43,3548
F92022,10,EAO,1006,0.0002788525785035745,14970,0,32,2912
F92022,10,EAO,1007,7.298404761968413e-05,14970,0,27,3480
F92022,10,EAO,1008,6.103193936723983e-05,14970,0,21,3345
F92022,10,EAO,1009,0.00025517641006445047,14970,0,24,3315
F92022,10,EAO,1010,1.9682865058712196e-05,14970,0,23,3351
F92022,10,EAO,1011,4.362596837381716e-05,14970,0,28,3411
F92022,10,EAO,1012,1.2168480679974891e-05,14970,0,33,3421
F92022,10,EAO,1013,2.0592119653883856e-05,14970,0,24,3384
F92022,10,EAO,1014,1.767278672559769e-05,14970,0,25,3443
F92022,10,EAO,1015,4.264405833964702e-05,14970,0,28,3410
F92022,10,EAO,1016,7.304288374143653e-06,14970,0,36,3719
F92022,10,EAO,1017,0.001031893265007966,14970,0,24,3653
F92022,10,EAO,1018,3.06262300000526e-05,14970,0,33,3586
F92022,10,EAO,1019,8.542601335648214e-06,14970,0,24,3623
F92022,10,EAO,1020,366.11569080349045,14970,0,25,3829
F92022,10,EAO,1021,359.09435608450167,14970,0,40,3417
F92022,10,EAO,1022,359.0957561546238,14970,0,27,3823
F92022,10,EAO,1023,4.4200769480085e-06,14970,0,22,3309
F92022,10,EAO,1024,359.0943454716016,14970,0,28,3753
F92022,10,EAO,1025,1.942745984706562e-05,14970,0,27,3431
F92022,10,EAO,1026,1.3031362868787255e-06,14970,0,31,3498
F92022,10,EAO,1027,5.7773228945734445e-05,14970,0,25,3464
F92022,10,EAO,1028,0.0001729909472487634,14970,0,32,3390
F92022,10,EAO,1029,0.001609071178791055,14970,0,26,3352
F92022,10,EAO+M2,1000,359.0943447803602,14970,0,1762,1158
F92022,10,EAO+M2,1001,359.0943447803679,14970,0,2463,1734
F92022,10,EAO+M2,1002,359.0943447803629,14970,0,2448,1806
F92022,10,EAO+M2,1003,359.09434478036064,14970,0,2041,1411
F92022,10,EAO+M2,1004,359.0943447803602,14970,0,1461,1143
F92022,10,EAO+M2,1005,4.547473508864641e-13,14970,0,1442,1698
F92022,10,EAO+M2,1006,359.0943447803602,14970,0,1469,1160
F92022,10,EAO+M2,1007,359.0943447803602,14970,0,1582,1119
F92022,10,EAO+M2,1008,9.094947017729282e-13,14970,0,1690,1267
F92022,10,EAO+M2,1009,359.094344780362,14970,0,1933,1431
F92022,10,EAO+M2,1010,359.09434478035973,14970,0,1802,1331
F92022,10,EAO+M2,1011,359.0943447803643,14970,0,2233,1470
F92022,10,EAO+M2,1012,359.09434478036064,14970,0,1315,1054
F92022,10,EAO+M2,1013,359.0943447803611,14970,0,1632,1237
F92022,10,EAO+M2,1014,359.0943447803602,14970,0,1417,1008
F92022,10,EAO+M2,1015,359.09434478036655,14970,0,1905,1295
F92022,10,EAO+M2,1016,1.3642420526593924e-12,14970,0,1472,1675
F92022,10,EAO+M2,1017,359.09434478057665,14970,0,2653,1899
F92022,10,EAO+M2,1018,359.0943447803593,14970,0,1473,1041
F92022,10,EAO+M2,1019,359.094344780362,14970,0,1479,1098
F92022,10,EAO+M2,1020,359.0943447803611,14970,0,1573,1292
F92022,10,EAO+M2,1021,359.09434478036565,14970,0,2220,1440
F92022,10,EAO+M2,1022,359.094344780362,14970,0,2551,1877
F92022,10,EAO+M2,1023,359.094347953534,14970,0,2643,1893
F92022,10,EAO+M2,1024,359.0943447803602,14970,0,1278,998
F92022,10,EAO+M2,1025,359.094344780362,14970,0,1686,1170
F92022,10,EAO+M2,1026,359.19280567948226,14970,0,2556,2001
F92022,10,EAO+M2,1027,359.09434478036155,14970,0,1641,1171
F92022,10,EAO+M2,1028,359.09434478035973,14970,0,1572,1114
F92022,10,EAO+M2,1029,359.0943447803652,14970,0,1912,1272
F92022,10,EAO+M1a,1000,359.0943482064672,14970,0,29,3277
F92022,10,EAO+M1a,1001,0.009907767491768027,14970,0,31,1657
F92022,10,EAO+M1a,1002,0.0005975260123705084,14970,0,28,2096
F92022,10,EAO+M1a,1003,0.0030969498520789784,14970,0,31,2111
F92022,10,EAO+M1a,1004,0.0026147418534492317,14970,0,35,1836
F92022,10,EAO+M1a,1005,0.032241599312783364,14970,0,48,1965
F92022,10,EAO+M1a,1006,0.019368609551747795,14970,0,36,1594
F92022,10,EAO+M1a,1007,8.39404265207122e-06,14970,0,25,3034
F92022,10,EAO+M1a,1008,0.08730459775188137,14970,0,30,1619
F92022,10,EAO+M1a,1009,0.003861117857923091,14970,0,28,2191
F92022,10,EAO+M1a,1010,0.010942852851258067,14970,0,33,1967
F92022,10,EAO+M1a,1011,1.5152324740843142,14970,0,27,1104
F92022,10,EAO+M1a,1012,0.016776435678821144,14970,0,32,1926
F92022,10,EAO+M1a,1013,0.011343074184878787,14970,0,28,2474
F92022,10,EAO+M1a,1014,0.00031859033515502233,14970,0,25,2436
F92022,10,EAO+M1a,1015,1.2973386674275389e-05,14970,0,29,2798
F92022,10,EAO+M1a,1016,0.06842783934052932,14970,0,43,1697
F92022,10,EAO+M1a,1017,0.0018486946787561465,14970,0,25,2263
F92022,10,EAO+M1a,1018,0.00011503460746098426,14970,0,30,2445
F92022,10,EAO+M1a,1019,0.2338951672463736,14970,0,23,1374
F92022,10,EAO+M1a,1020,4.0751677261141594e-05,14970,0,36,2203
F92022,10,EAO+M1a,1021,0.0038142143707773357,14970,0,44,2256
F92022,10,EAO+M1a,1022,0.00225181562382204,14970,0,25,2135
F92022,10,EAO+M1a,1023,0.024858316667632607,14970,0,31,1531
F92022,10,EAO+M1a,1024,0.000851644138492702,14970,0,30,2716
F92022,10,EAO+M1a,1025,0.1272111101216069,14970,0,27,1964
F92022,10,EAO+M1a,1026,0.01532035142508903,14970,0,39,1921
F92022,10,EAO+M1a,1027,0.15209512874798747,14970,0,26,1387
F92022,10,EAO+M1a,1028,0.21365906045502925,14970,0,32,1355
F92022,10,EAO+M1a,1029,1.5231213637889596e-05,14970,0,27,2282
F92022,10,EAO+M1,1000,359.0943482064672,14970,0,29,3277
F92022,10,EAO+M1,1001,0.009907767491768027,14970,0,31,1657
F92022,10,EAO+M1,1002,0.0005975260123705084,14970,0,28,2096
F92022,10,EAO+M1,1003,0.0030969498520789784,14970,0,31,2111
F92022,10,EAO+M1,1004,0.0026147418534492317,14970,0,35,1836
F92022,10,EAO+M1,1005,0.032241599312783364,14970,0,48,1965
F92022,10,EAO+M1,1006,0.019368609551747795,14970,0,36,1594
F92022,10,EAO+M1,1007,8.39404265207122e-06,14970,0,25,3034
F92022,10,EAO+M1,1008,0.08730459775188137,14970,0,30,1619
F92022,10,EAO+M1,1009,0.003861117857923091,14970,0,28,2191
F92022,10,EAO+M1,1010,0.010942852851258067,14970,0,33,1967
F92022,10,EAO+M1,1011,1.5152324740843142,14970,0,27,1104
F92022,10,EAO+M1,1012,0.016776435678821144,14970,0,32,1926
F92022,10,EAO+M1,1013,0.011343074184878787,14970,0,28,2474
F92022,10,EAO+M1,1014,0.00031859033515502233,14970,0,25,2436
F92022,10,EAO+M1,1015,1.2973386674275389e-05,14970,0,29,2798
F92022,10,EAO+M1,1016,0.06842783934052932,14970,0,43,1697
F92022,10,EAO+M1,1017,0.0018486946787561465,14970,0,25,2263
F92022,10,EAO+M1,1018,0.00011503460746098426,14970,0,30,2445
F92022,10,EAO+M1,1019,0.2338951672463736,14970,0,23,1374
F92022,10,EAO+M1,1020,4.0751677261141594e-05,14970,0,36,2203
F92022,10,EAO+M1,1021,0.0038142143707773357,14970,0,44,2256
F92022,10,EAO+M1,1022,0.00225181562382204,14970,0,25,2135
F92022,10,EAO+M1,1023,0.024858316667632607,14970,0,31,1531
F92022,10,EAO+M1,1024,0.000851644138492702,14970,0,30,2716
F92022,10,EAO+M1,1025,0.1272111101216069,14970,0,27,1964
F92022,10,EAO+M1,1026,0.01532035142508903,14970,0,39,1921
F92022,10,EAO+M1,1027,0.15209512874798747,14970,0,26,1387
F92022,10,EAO+M1,1028,0.21365906045502925,14970,0,32,1355
F92022,10,EAO+M1,1029,1.5231213637889596e-05,14970,0,27,2282
F92022,10,KE-EAO,1000,359.09434478036064,15000,5,1856,1556
F92022,10,KE-EAO,1001,359.0943447803602,14982,2,2198,1818
F92022,10,KE-EAO,1002,359.0943447803638,14976,1,2271,1842
F92022,10,KE-EAO,1003,359.1927894797277,14970,0,2573,2014
F92022,10,KE-EAO,1004,359.0943447803629,15012,7,1318,1364
F92022,10,KE-EAO,1005,2.776951077976264e-07,14970,0,523,1804
F92022,10,KE-EAO,1006,359.0943447803611,15012,7,1181,1389
F92022,10,KE-EAO,1007,359.09434478036565,14988,3,2209,1643
F92022,10,KE-EAO,1008,2.7284841053187847e-12,14970,0,1178,1708
F92022,10,KE-EAO,1009,359.0943989352072,14970,0,2647,1988
F92022,10,KE-EAO,1010,359.0943447803602,14982,2,2225,1815
F92022,10,KE-EAO,1011,359.09434478036655,15012,7,1383,1371
F92022,10,KE-EAO,1012,359.0943447803602,15018,8,1191,1304
F92022,10,KE-EAO,1013,359.09434478563344,14970,0,2656,1993
F92022,10,KE-EAO,1014,359.0943447803611,15000,5,1479,1507
F92022,10,KE-EAO,1015,359.0943447803602,14976,1,2519,1867
F92022,10,KE-EAO,1016,3.637978807091713e-12,14988,3,1416,1615
F92022,10,KE-EAO,1017,359.0943447803602,14994,4,1984,1672
F92022,10,KE-EAO,1018,359.0943447803638,15012,7,1468,1314
F92022,10,KE-EAO,1019,359.09434478037156,14994,4,1929,1644
F92022,10,KE-EAO,1020,359.094344780362,15000,5,1697,1637
F92022,10,KE-EAO,1021,359.0943447803611,14970,0,2698,2023
F92022,10,KE-EAO,1022,359.09434478036565,14976,1,2222,1797
F92022,10,KE-EAO,1023,359.09434478039475,14970,0,2663,1957
F92022,10,KE-EAO,1024,3.637978807091713e-12,14976,1,1283,1792
F92022,10,KE-EAO,1025,359.0943447803602,15012,7,1523,1387
F92022,10,KE-EAO,1026,359.09434478079584,14970,0,2703,2024
F92022,10,KE-EAO,1027,359.09434488621446,14970,0,2639,2062
F92022,10,KE-EAO,1028,359.094346960178,14970,0,2625,1988
F92022,10,KE-EAO,1029,359.0943447803629,14988,3,2084,1667
F102022,10,EAO,1000,222.1744017011806,14970,0,28,3249
F102022,10,EAO,1001,223.34503252549848,14970,0,29,3200
F102022,10,EAO,1002,221.3494277103664,14970,0,27,3029
F102022,10,EAO,1003,222.68073990484982,14970,0,29,2894
F102022,10,EAO,1004,221.12484366671333,14970,0,26,3009
F102022,10,EAO,1005,223.7332364304266,14970,0,25,3336
F102022,10,EAO,1006,226.86083373712836,14970,0,31,2570
F102022,10,EAO,1007,326.33081638091744,14970,0,22,1044
F102022,10,EAO,1008,222.47387669345335,14970,0,28,3042
F102022,10,EAO,1009,223.458375268518,14970,0,25,3526
F102022,10,EAO,1010,222.67177385726472,14970,0,22,2887
F102022,10,EAO,1011,223.00446029555178,14970,0,29,3353
F102022,10,EAO,1012,222.537687513322,14970,0,28,3139
F102022,10,EAO,1013,222.4738766511823,14970,0,30,2639
F102022,10,EAO,1014,328.4050657017201,14970,0,28,2269
F102022,10,EAO,1015,220.8729810772561,14970,0,36,2946
F102022,10,EAO,1016,223.07009206558587,14970,0,37,3456
F102022,10,EAO,1017,220.87265085808758,14970,0,31,3567
F102022,10,EAO,1018,223.23561086313748,14970,0,25,2917
F102022,10,EAO,1019,221.1231963772957,14970,0,24,3724
F102022,10,EAO,1020,229.92094813222502,14970,0,31,3093
F102022,10,EAO,1021,222.53768757555918,14970,0,21,3280
F102022,10,EAO,1022,221.12205755991135,14970,0,28,2972
F102022,10,EAO,1023,221.34959479283862,14970,0,27,3662
F102022,10,EAO,1024,220.87264975686503,14970,0,27,2899
F102022,10,EAO,1025,222.17440078401341,14970,0,34,3148
F102022,10,EAO,1026,223.00271123652146,14970,0,38,2992
F102022,10,EAO,1027,222.53768749293795,14970,0,26,3572
F102022,10,EAO,1028,228.16632138222212,14970,0,28,3177
F102022,10,EAO,1029,222.47387664133657,14970,0,28,3321
F102022,10,EAO+M2,1000,223.22724385304628,14970,0,566,2619
F102022,10,EAO+M2,1001,221.625667771189,14970,0,969,1883
F102022,10,EAO+M2,1002,222.19800379326944,14970,0,319,2762
F102022,10,EAO+M2,1003,220.9610006406415,14970,0,718,1709
F102022,10,EAO+M2,1004,222.44094414026995,14970,0,127,1796
F102022,10,EAO+M2,1005,223.00120911132944,14970,0,791,2783
F102022,10,EAO+M2,1006,317.33271963962625,14970,0,575,1593
F102022,10,EAO+M2,1007,223.00324332380933,14970,0,836,2633
F102022,10,EAO+M2,1008,325.7591046932271,14970,0,644,986
F102022,10,EAO+M2,1009,223.40429704105827,14970,0,606,1924
F102022,10,EAO+M2,1010,318.2250259215716,14970,0,729,1575
F102022,10,EAO+M2,1011,221.1220572825241,14970,0,666,1944
F102022,10,EAO+M2,1012,222.06434591371817,14970,0,358,2753
F102022,10,EAO+M2,1013,222.06295200101385,14970,0,483,2264
F102022,10,EAO+M2,1014,222.06439505267144,14970,0,284,2372
F102022,10,EAO+M2,1015,221.12205728252457,14970,0,541,2081
F102022,10,EAO+M2,1016,222.53768749269966,14970,0,788,1956
F102022,10,EAO+M2,1017,221.3494272349849,14970,0,1031,1402
F102022,10,EAO+M2,1018,222.47387661441644,14970,0,602,1895
F102022,10,EAO+M2,1019,221.3494272349849,14970,0,996,1099
F102022,10,EAO+M2,1020,222.15165065229667,14970,0,888,1532
F102022,10,EAO+M2,1021,220.87264974898017,14970,0,1147,1177
F102022,10,EAO+M2,1022,222.4324714761451,14970,0,553,2610
F102022,10,EAO+M2,1023,223.13743887490773,14970,0,454,2875
F102022,10,EAO+M2,1024,324.1099080704289,14970,0,377,1717
F102022,10,EAO+M2,1025,221.19629065656363,14970,0,669,2665
F102022,10,EAO+M2,1026,322.7382276901567,14970,0,696,1035
F102022,10,EAO+M2,1027,222.4738766144169,14970,0,1011,1126
F102022,10,EAO+M2,1028,221.1220572825241,14970,0,1026,1042
F102022,10,EAO+M2,1029,223.73323643040703,14970,0,664,1576
F102022,10,EAO+M1a,1000,225.17257554350726,14970,0,34,791
F102022,10,EAO+M1a,1001,222.15313118426866,14970,0,29,1361
F102022,10,EAO+M1a,1002,223.4583756480497,14970,0,26,1883
F102022,10,EAO+M1a,1003,223.32337507843567,14970,0,28,876
F102022,10,EAO+M1a,1004,220.8726679854849,14970,0,32,1927
F102022,10,EAO+M1a,1005,222.52447224401476,14970,0,24,772
F102022,10,EAO+M1a,1006,224.0080523585675,14970,0,40,800
F102022,10,EAO+M1a,1007,221.5650077908499,14970,0,32,1006
F102022,10,EAO+M1a,1008,222.39653585319593,14970,0,25,872
F102022,10,EAO+M1a,1009,223.73323646075278,14970,0,28,2958
F102022,10,EAO+M1a,1010,220.93350279230026,14970,0,24,1164
F102022,10,EAO+M1a,1011,220.76428569642076,14970,0,26,904
F102022,10,EAO+M1a,1012,223.56982331732343,14970,0,33,851
F102022,10,EAO+M1a,1013,228.06794776670176,14970,0,28,624
F102022,10,EAO+M1a,1014,352.8076386064986,14970,0,24,408
F102022,10,EAO+M1a,1015,224.37571222479528,14970,0,31,639
F102022,10,EAO+M1a,1016,222.17440575688897,14970,0,29,2451
F102022,10,EAO+M1a,1017,220.87264975461085,14970,0,36,2659
F102022,10,EAO+M1a,1018,222.47387661442008,14970,0,22,3692
F102022,10,EAO+M1a,1019,221.05836152992197,14970,0,26,1129
F102022,10,EAO+M1a,1020,224.82081115061237,14970,0,31,693
F102022,10,EAO+M1a,1021,222.13081417829562,14970,0,27,1265
F102022,10,EAO+M1a,1022,221.27784726298069,14970,0,35,1017
F102022,10,EAO+M1a,1023,220.87269776392668,14970,0,27,1737
F102022,10,EAO+M1a,1024,226.2677748332062,14970,0,35,760
F102022,10,EAO+M1a,1025,223.61222497604922,14970,0,29,809
F102022,10,EAO+M1a,1026,223.11855983622354,14970,0,29,749
F102022,10,EAO+M1a,1027,221.12213509347293,14970,0,27,2639
F102022,10,EAO+M1a,1028,223.00270582810435,14970,0,29,763
F102022,10,EAO+M1a,1029,222.47499817037487,14970,0,37,1027
F102022,10,EAO+M1,1000,225.17257554350726,14970,0,34,791
F102022,10,EAO+M1,1001,222.15313118426866,14970,0,29,1361
F102022,10,EAO+M1,1002,223.4583756480497,14970,0,26,1883
F102022,10,EAO+M1,1003,223.32337507843567,14970,0,28,876
F102022,10,EAO+M1,1004,220.8726679854849,14970,0,32,1927
F102022,10,EAO+M1,1005,222.52447224401476,14970,0,24,772
F102022,10,EAO+M1,1006,224.0080523585675,14970,0,40,800
F102022,10,EAO+M1,1007,221.5650077908499,14970,0,32,1006
F102022,10,EAO+M1,1008,222.39653585319593,14970,0,25,872
F102022,10,EAO+M1,1009,223.73323646075278,14970,0,28,2958
F102022,10,EAO+M1,1010,220.93350279230026,14970,0,24,1164
F102022,10,EAO+M1,1011,220.76428569642076,14970,0,26,904
F102022,10,EAO+M1,1012,223.56982331732343,14970,0,33,851
F102022,10,EAO+M1,1013,228.06794776670176,14970,0,28,624
F102022,10,EAO+M1,1014,352.8076386064986,14970,0,24,408
F102022,10,EAO+M1,1015,224.37571222479528,14970,0,31,639
F102022,10,EAO+M1,1016,222.17440575688897,14970,0,29,2451
F102022,10,EAO+M1,1017,220.87264975461085,14970,0,36,2659
F102022,10,EAO+M1,1018,222.47387661442008,14970,0,22,3692
F102022,10,EAO+M1,1019,221.05836152992197,14970,0,26,1129
F102022,10,EAO+M1,1020,224.82081115061237,14970,0,31,693
F102022,10,EAO+M1,1021,222.13081417829562,14970,0,27,1265
F102022,10,EAO+M1,1022,221.27784726298069,14970,0,35,1017
F102022,10,EAO+M1,1023,220.87269776392668,14970,0,27,1737
F102022,10,EAO+M1,1024,226.2677748332062,14970,0,35,760
F102022,10,EAO+M1,1025,223.61222497604922,14970,0,29,809
F102022,10,EAO+M1,1026,223.11855983622354,14970,0,29,749
F102022,10,EAO+M1,1027,221.12213509347293,14970,0,27,2639
F102022,10,EAO+M1,1028,223.00270582810435,14970,0,29,763
F102022,10,EAO+M1,1029,222.47499817037487,14970,0,37,1027
F102022,10,KE-EAO,1000,224.11044387375523,14970,0,569,3265
F102022,10,KE-EAO,1001,222.17440007749428,15012,7,893,1338
F102022,10,KE-EAO,1002,222.1516506522962,15000,5,1024,1461
F102022,10,KE-EAO,1003,222.17440007749474,15018,8,899,1297
F102022,10,KE-EAO,1004,222.53768749270012,15024,9,807,1292
F102022,10,KE-EAO,1005,222.64892549418846,14970,0,723,3135
F102022,10,KE-EAO,1006,368.28273191618746,14970,0,65,391
F102022,10,KE-EAO,1007,356.40013219629054,14970,0,79,372
F102022,10,KE-EAO,1008,346.95826361859326,14970,0,79,367
F102022,10,KE-EAO,1009,222.47387661441644,15018,8,964,1255
F102022,10,KE-EAO,1010,354.7174755525557,14970,0,56,389
F102022,10,KE-EAO,1011,222.53768749270057,15024,9,896,1294
F102022,10,KE-EAO,1012,222.06290530480373,14970,0,430,2593
F102022,10,KE-EAO,1013,223.59937001256503,14970,0,92,854
F102022,10,KE-EAO,1014,348.839496962009,14970,0,99,404
F102022,10,KE-EAO,1015,222.53768749269966,14982,2,612,1827
F102022,10,KE-EAO,1016,222.1516506522962,15006,6,740,1447
F102022,10,KE-EAO,1017,222.53768749269875,15018,8,863,1403
F102022,10,KE-EAO,1018,220.8726497489797,15018,8,857,1367
F102022,10,KE-EAO,1019,220.87264974898062,15018,8,918,1377
F102022,10,KE-EAO,1020,220.87264974898017,15012,7,918,1277
F102022,10,KE-EAO,1021,222.53768749269875,15018,8,791,1291
F102022,10,KE-EAO,1022,340.22042737993115,14970,0,58,410
F102022,10,KE-EAO,1023,222.4738766144169,15024,9,834,1320
F102022,10,KE-EAO,1024,221.603134780833,14970,0,97,954
F102022,10,KE-EAO,1025,223.7332364304075,15000,5,933,1299
F102022,10,KE-EAO,1026,220.87268866732893,14970,0,95,1819
F102022,10,KE-EAO,1027,221.12205728252457,15018,8,840,1375
F102022,10,KE-EAO,1028,223.33931596721686,14970,0,626,2951
F102022,10,KE-EAO,1029,223.13715018972152,14970,0,774,3104
F112022,10,EAO,1000,9.585192856320646e-06,14970,0,20,3711
F112022,10,EAO,1001,8.898273335944396e-07,14970,0,35,3629
F112022,10,EAO,1002,876.0688983265504,14970,0,31,3479
F112022,10,EAO,1003,2.060895803879248e-05,14970,0,28,3852
F112022,10,EAO,1004,1.317437136094668e-05,14970,0,20,3335
F112022,10,EAO,1005,7.344624464167282e-09,14970,0,29,3301
F112022,10,EAO,1006,2.350693648622837e-07,14970,0,43,3743
F112022,10,EAO,1007,2.3693991352047306e-05,14970,0,23,3666
F112022,10,EAO,1008,0.011945248490974336,14970,0,36,3565
F112022,10,EAO,1009,0.00013447733954308205,14970,0,29,3667
F112022,10,EAO,1010,2.4431431029370287e-05,14970,0,29,3863
F112022,10,EAO,1011,1.2181987585790921e-05,14970,0,30,3435
F112022,10,EAO,1012,4.1178564515576e-05,14970,0,45,3528
F112022,10,EAO,1013,3.0955879992689006e-07,14970,0,28,3668
F112022,10,EAO,1014,1.0808566912601236e-06,14970,0,24,3406
F112022,10,EAO,1015,6.243518737392151e-05,14970,0,45,3508
F112022,10,EAO,1016,1.261732631974155e-05,14970,0,40,3837
F112022,10,EAO,1017,5.181246933716466e-05,14970,0,35,3865
F112022,10,EAO,1018,8.620295375294518e-07,14970,0,36,3444
F112022,10,EAO,1019,4.1515760131005663e-05,14970,0,26,3636
F112022,10,EAO,1020,6.87000510879443e-06,14970,0,37,3495
F112022,10,EAO,1021,7.799867762514623e-05,14970,0,49,3570
F112022,10,EAO,1022,1.3925300663686357e-06,14970,0,28,3548
F112022,10,EAO,1023,6.130751944510848e-05,14970,0,23,3572
F112022,10,EAO,1024,22.425596250340732,14970,0,29,3450
F112022,10,EAO,1025,1.547962119730073e-05,14970,0,31,3322
F112022,10,EAO,1026,1.395240360579919e-06,14970,0,31,3610
F112022,10,EAO,1027,2.961161771963816e-05,14970,0,25,3799
F112022,10,EAO,1028,0.00019469750668577035,14970,0,31,3819
F112022,10,EAO,1029,1.9347534362168517e-05,14970,0,29,3569
F112022,10,EAO+M2,1000,4.547473508864641e-13,14970,0,1746,1392
F112022,10,EAO+M2,1001,9.094947017729282e-13,14970,0,1690,1411
F112022,10,EAO+M2,1002,876.9248252571201,14970,0,994,1362
F112022,10,EAO+M2,1003,5.4569682106375694e-12,14970,0,1741,1415
F112022,10,EAO+M2,1004,876.9933178731749,14970,0,297,2656
F112022,10,EAO+M2,1005,877.2868931808684,14970,0,235,2793
F112022,10,EAO+M2,1006,876.9932880498477,14970,0,823,2854
F112022,10,EAO+M2,1007,9.094947017729282e-13,14970,0,1798,1327
F112022,10,EAO+M2,1008,876.4586483648036,14970,0,642,2332
F112022,10,EAO+M2,1009,9.094947017729282e-13,14970,0,1706,1320
F112022,10,EAO+M2,1010,18.663738916603506,14970,0,1568,1876
F112022,10,EAO+M2,1011,8.640199666842818e-12,14970,0,942,2617
F112022,10,EAO+M2,1012,876.06889832655,14970,0,854,1815
F112022,10,EAO+M2,1013,9.094947017729282e-13,14970,0,1753,1412
F112022,10,EAO+M2,1014,876.8461549324993,14970,0,417,2478
F112022,10,EAO+M2,1015,1.3642420526593924e-12,14970,0,1396,2126
F112022,10,EAO+M2,1016,1.3642420526593924e-12,14970,0,1756,1386
F112022,10,EAO+M2,1017,1.3642420526593924e-12,14970,0,1527,1533
F112022,10,EAO+M2,1018,876.924825257121,14970,0,476,2255
F112022,10,EAO+M2,1019,4.547473508864641e-13,14970,0,1745,1331
F112022,10,EAO+M2,1020,879.1472389878513,14970,0,192,2374
F112022,10,EAO+M2,1021,877.2870530130249,14970,0,221,2765
F112022,10,EAO+M2,1022,9.094947017729282e-13,14970,0,1714,1424
F112022,10,EAO+M2,1023,1.3642420526593924e-12,14970,0,1348,1827
F112022,10,EAO+M2,1024,9.094947017729282e-13,14970,0,1819,1386
F112022,10,EAO+M2,1025,876.0688983265495,14970,0,584,2456
F112022,10,EAO+M2,1026,1.8189894035458565e-12,14970,0,1806,1392
F112022,10,EAO+M2,1027,9.094947017729282e-13,14970,0,1682,1326
F112022,10,EAO+M2,1028,876.9932866620784,14970,0,764,2665
F112022,10,EAO+M2,1029,1.3642420526593924e-12,14970,0,1742,1435
F112022,10,EAO+M1a,1000,0.00022118068727650098,14970,0,21,2421
F112022,10,EAO+M1a,1001,5.507329206011491e-06,14970,0,28,3715
F112022,10,EAO+M1a,1002,0.008161074272720725,14970,0,33,1767
F112022,10,EAO+M1a,1003,0.00010647361159499269,14970,0,29,2260
F112022,10,EAO+M1a,1004,0.00039259055392903974,14970,0,31,2131
F112022,10,EAO+M1a,1005,0.006247944903407188,14970,0,30,2000
F112022,10,EAO+M1a,1006,2.5309418560937047e-08,14970,0,47,4044
F112022,10,EAO+M1a,1007,0.00010414264261271455,14970,0,26,2441
F112022,10,EAO+M1a,1008,0.0021502194263121055,14970,0,36,2444
F112022,10,EAO+M1a,1009,0.0008104482653834566,14970,0,50,2040
F112022,10,EAO+M1a,1010,7.329849722736981e-07,14970,0,28,3894
F112022,10,EAO+M1a,1011,0.008018957779768243,14970,0,28,1810
F112022,10,EAO+M1a,1012,0.00095258294550149,14970,0,39,2260
F112022,10,EAO+M1a,1013,0.0004050951033605088,14970,0,33,2418
F112022,10,EAO+M1a,1014,0.003413706351238943,14970,0,27,2080
F112022,10,EAO+M1a,1015,0.0009744611593305308,14970,0,33,2054
F112022,10,EAO+M1a,1016,2.436458999000024e-07,14970,0,45,3774
F112022,10,EAO+M1a,1017,0.00024721498130020336,14970,0,36,2071
F112022,10,EAO+M1a,1018,0.00047322447471742635,14970,0,41,2641
F112022,10,EAO+M1a,1019,0.00012020855865557678,14970,0,27,2319
F112022,10,EAO+M1a,1020,0.002983247703014058,14970,0,38,2339
F112022,10,EAO+M1a,1021,0.002369792875015264,14970,0,51,2219
F112022,10,EAO+M1a,1022,0.012825150166463573,14970,0,26,2039
F112022,10,EAO+M1a,1023,0.00512765545045113,14970,0,30,1954
F112022,10,EAO+M1a,1024,0.001998339511828817,14970,0,28,2471
F112022,10,EAO+M1a,1025,0.003964715391248319,14970,0,30,2229
F112022,10,EAO+M1a,1026,0.005700662231447495,14970,0,31,1919
F112022,10,EAO+M1a,1027,8.077853908616817e-05,14970,0,25,2393
F112022,10,EAO+M1a,1028,0.0010326721153433027,14970,0,36,2438
F112022,10,EAO+M1a,1029,8.618024821771542e-05,14970,0,35,2364
F112022,10,EAO+M1,1000,0.00022118068727650098,14970,0,21,2421
F112022,10,EAO+M1,1001,5.507329206011491e-06,14970,0,28,3715
F112022,10,EAO+M1,1002,0.008161074272720725,14970,0,33,1767
F112022,10,EAO+M1,1003,0.00010647361159499269,14970,0,29,2260
F112022,10,EAO+M1,1004,0.00039259055392903974,14970,0,31,2131
F112022,10,EAO+M1,1005,0.006247944903407188,14970,0,30,2000
F112022,10,EAO+M1,1006,2.5309418560937047e-08,14970,0,47,4044
F112022,10,EAO+M1,1007,0.00010414264261271455,14970,0,26,2441
F112022,10,EAO+M1,1008,0.0021502194263121055,14970,0,36,2444
F112022,10,EAO+M1,1009,0.0008104482653834566,14970,0,50,2040
F112022,10,EAO+M1,1010,7.329849722736981e-07,14970,0,28,3894
F112022,10,EAO+M1,1011,0.008018957779768243,14970,0,28,1810
F112022,10,EAO+M1,1012,0.00095258294550149,14970,0,39,2260
F112022,10,EAO+M1,1013,0.0004050951033605088,14970,0,33,2418
F112022,10,EAO+M1,1014,0.003413706351238943,14970,0,27,2080
F112022,10,EAO+M1,1015,0.0009744611593305308,14970,0,33,2054
F112022,10,EAO+M1,1016,2.436458999000024e-07,14970,0,45,3774
F112022,10,EAO+M1,1017,0.00024721498130020336,14970,0,36,2071
F112022,10,EAO+M1,1018,0.00047322447471742635,14970,0,41,2641
F112022,10,EAO+M1,1019,0.00012020855865557678,14970,0,27,2319
F112022,10,EAO+M1,1020,0.002983247703014058,14970,0,38,2339
F112022,10,EAO+M1,1021,0.002369792875015264,14970,0,51,2219
F112022,10,EAO+M1,1022,0.012825150166463573,14970,0,26,2039
F112022,10,EAO+M1,1023,0.00512765545045113,14970,0,30,1954
F112022,10,EAO+M1,1024,0.001998339511828817,14970,0,28,2471
F112022,10,EAO+M1,1025,0.003964715391248319,14970,0,30,2229
F112022,10,EAO+M1,1026,0.005700662231447495,14970,0,31,1919
F112022,10,EAO+M1,1027,8.077853908616817e-05,14970,0,25,2393
F112022,10,EAO+M1,1028,0.0010326721153433027,14970,0,36,2438
F112022,10,EAO+M1,1029,8.618024821771542e-05,14970,0,35,2364
F112022,10,KE-EAO,1000,2.7284841053187847e-12,15000,5,1422,1507
F112022,10,KE-EAO,1001,1.4483498489425983e-06,14970,0,159,2512
F112022,10,KE-EAO,1002,876.0688983265491,15030,11,1077,850
F112022,10,KE-EAO,1003,9.094947017729282e-13,15006,6,1306,1467
F112022,10,KE-EAO,1004,876.4586720035923,14970,0,777,3108
F112022,10,KE-EAO,1005,877.2869538258424,14970,0,193,2980
F112022,10,KE-EAO,1006,879.1471594592995,14970,0,516,3148
F112022,10,KE-EAO,1007,1.3642420526593924e-12,15006,6,1343,1368
F112022,10,KE-EAO,1008,876.8461562948823,14970,0,405,2814
F112022,10,KE-EAO,1009,1.3642420526593924e-12,15006,6,1339,1481
F112022,10,KE-EAO,1010,22.77872306504878,15024,9,1108,1320
F112022,10,KE-EAO,1011,0.00022821824632046628,14970,0,100,2351
F112022,10,KE-EAO,1012,876.4586468699063,14970,0,823,3010
F112022,10,KE-EAO,1013,9.094947017729282e-13,15000,5,1415,1525
F112022,10,KE-EAO,1014,876.0688983265504,15030,11,1097,819
F112022,10,KE-EAO,1015,0.00011601254846027587,14970,0,197,2852
F112022,10,KE-EAO,1016,2.2737367544323206e-12,15006,6,1409,1473
F112022,10,KE-EAO,1017,4.547473508864641e-13,15012,7,1352,1484
F112022,10,KE-EAO,1018,876.8461625759892,14976,1,861,2328
F112022,10,KE-EAO,1019,1.3642420526593924e-12,15006,6,1239,1448
F112022,10,KE-EAO,1020,876.9248252571206,15030,12,967,783
F112022,10,KE-EAO,1021,877.2868791597402,14970,0,693,3116
F112022,10,KE-EAO,1022,9.094947017729282e-13,15006,6,1252,1399
F112022,10,KE-EAO,1023,7.808668215147918e-06,14970,0,150,2471
F112022,10,KE-EAO,1024,9.094947017729282e-13,15006,6,1424,1490
F112022,10,KE-EAO,1025,876.0688983265513,15030,11,1107,827
F112022,10,KE-EAO,1026,2.2737367544323206e-12,15006,6,1342,1454
F112022,10,KE-EAO,1027,1.8189894035458565e-12,15006,6,1470,1491
F112022,10,KE-EAO,1028,876.9932929273127,14970,0,692,3159
F112022,10,KE-EAO,1029,2.7284841053187847e-12,14994,4,1457,1524
F122022,10,EAO,1000,165.4703388099797,14970,0,39,2336
F122022,10,EAO,1001,166.98528013053465,14970,0,33,3175
F122022,10,EAO,1002,164.89782891153664,14970,0,40,2444
F122022,10,EAO,1003,166.42823118469505,14970,0,38,2946
F122022,10,EAO,1004,167.4388133446605,14970,0,29,2667
F122022,10,EAO,1005,170.57817442731084,14970,0,43,2421
F122022,10,EAO,1006,164.47552952366186,14970,0,33,2455
F122022,10,EAO,1007,165.91311811670903,14970,0,43,1680
F122022,10,EAO,1008,163.92933476183634,14970,0,29,2228
F122022,10,EAO,1009,164.47929230466434,14970,0,31,2873
F122022,10,EAO,1010,168.55132776647588,14970,0,33,3360
F122022,10,EAO,1011,166.5390926324858,14970,0,33,2433
F122022,10,EAO,1012,164.90215311748034,14970,0,29,2842
F122022,10,EAO,1013,166.7129294702181,14970,0,49,2796
F122022,10,EAO,1014,166.72170506706516,14970,0,31,3170
F122022,10,EAO,1015,166.4474018189162,14970,0,28,3015
F122022,10,EAO,1016,166.44779973587447,14970,0,33,3052
F122022,10,EAO,1017,166.5525940403918,14970,0,37,2639
F122022,10,EAO,1018,168.9492258249902,14970,0,33,2625
F122022,10,EAO,1019,166.46035719090014,14970,0,30,2735
F122022,10,EAO,1020,167.03108439713924,14970,0,29,3206
F122022,10,EAO,1021,166.2182094545724,14970,0,36,2211
F122022,10,EAO,1022,165.84374553646285,14970,0,36,2493
F122022,10,EAO,1023,164.89890926509133,14970,0,39,2827
F122022,10,EAO,1024,166.98017024517867,14970,0,30,2166
F122022,10,EAO,1025,166.57458897043216,14970,0,30,3054
F122022,10,EAO,1026,166.38884963565079,14970,0,30,2001
F122022,10,EAO,1027,166.44713400746923,14970,0,31,2744
F122022,10,EAO,1028,164.54941376419993,14970,0,36,3008
F122022,10,EAO,1029,166.46732813034714,14970,0,35,2257
F122022,10,EAO+M2,1000,178.03192165054043,14970,0,842,2212
F122022,10,EAO+M2,1001,167.43681746769607,14970,0,423,2569
F122022,10,EAO+M2,1002,164.4987453210315,14970,0,462,2501
F122022,10,EAO+M2,1003,171.84145462860397,14970,0,473,3004
F122022,10,EAO+M2,1004,167.85234822532448,14970,0,409,2304
F122022,10,EAO+M2,1005,214.00866653790672,14970,0,894,1812
F122022,10,EAO+M2,1006,171.64241482667558,14970,0,1203,2571
F122022,10,EAO+M2,1007,171.83287354325603,14970,0,1789,2249
F122022,10,EAO+M2,1008,185.47465841645362,14970,0,1159,2572
F122022,10,EAO+M2,1009,167.44684193114563,14970,0,728,1835
F122022,10,EAO+M2,1010,167.44684193114563,14970,0,613,1553
F122022,10,EAO+M2,1011,166.46092686940938,14970,0,1263,2047
F122022,10,EAO+M2,1012,165.5222106672336,14970,0,627,2196
F122022,10,EAO+M2,1013,165.93727191998778,14970,0,508,2297
F122022,10,EAO+M2,1014,164.57105697685165,14970,0,977,2284
F122022,10,EAO+M2,1015,166.41224549283606,14970,0,588,2590
F122022,10,EAO+M2,1016,164.4838890736346,14970,0,918,2355
F122022,10,EAO+M2,1017,168.25630934494893,14970,0,560,2902
F122022,10,EAO+M2,1018,165.42907824786334,14970,0,404,2562
F122022,10,EAO+M2,1019,165.92747664309263,14970,0,322,2118
F122022,10,EAO+M2,1020,165.95270946912387,14970,0,224,2177
F122022,10,EAO+M2,1021,165.9000647348007,14970,0,496,2655
F122022,10,EAO+M2,1022,168.60004071910816,14970,0,1080,2723
F122022,10,EAO+M2,1023,164.50300003358507,14970,0,1161,2566
F122022,10,EAO+M2,1024,171.79504708581044,14970,0,927,2491
F122022,10,EAO+M2,1025,164.9042553187628,14970,0,475,2494
F122022,10,EAO+M2,1026,166.40220919857938,14970,0,825,2382
F122022,10,EAO+M2,1027,170.3003567131891,14970,0,809,1391
F122022,10,EAO+M2,1028,166.46568794973155,14970,0,871,2337
F122022,10,EAO+M2,1029,171.246045178641,14970,0,449,2568
F122022,10,EAO+M1a,1000,166.7646507830168,14970,0,34,1429
F122022,10,EAO+M1a,1001,166.03293048648493,14970,0,33,1022
F122022,10,EAO+M1a,1002,165.04701650452034,14970,0,41,850
F122022,10,EAO+M1a,1003,166.40541413506116,14970,0,45,2140
F122022,10,EAO+M1a,1004,166.02643507057883,14970,0,29,1302
F122022,10,EAO+M1a,1005,165.66392406668,14970,0,43,1070
F122022,10,EAO+M1a,1006,166.44735710494524,14970,0,37,2956
F122022,10,EAO+M1a,1007,165.06647439032395,14970,0,43,714
F122022,10,EAO+M1a,1008,167.13216386545037,14970,0,36,732
F122022,10,EAO+M1a,1009,166.5754328300768,14970,0,31,724
F122022,10,EAO+M1a,1010,164.50495147756465,14970,0,38,1961
F122022,10,EAO+M1a,1011,166.97544216285587,14970,0,33,761
F122022,10,EAO+M1a,1012,165.49589363735868,14970,0,29,1313
F122022,10,EAO+M1a,1013,165.91416866526288,14970,0,51,1311
F122022,10,EAO+M1a,1014,167.2766153809539,14970,0,31,785
F122022,10,EAO+M1a,1015,166.70561575177135,14970,0,27,659
F122022,10,EAO+M1a,1016,166.71403049866421,14970,0,33,1442
F122022,10,EAO+M1a,1017,166.77006549374573,14970,0,39,994
F122022,10,EAO+M1a,1018,166.37974197453195,14970,0,32,2342
F122022,10,EAO+M1a,1019,164.49523087543093,14970,0,32,2120
F122022,10,EAO+M1a,1020,165.43863901526993,14970,0,29,1243
F122022,10,EAO+M1a,1021,167.93725300130836,14970,0,37,748
F122022,10,EAO+M1a,1022,171.9090735475911,14970,0,39,2119
F122022,10,EAO+M1a,1023,164.91927682905953,14970,0,41,1334
F122022,10,EAO+M1a,1024,165.0506491161109,14970,0,31,1006
F122022,10,EAO+M1a,1025,166.46926665641968,14970,0,30,1854
F122022,10,EAO+M1a,1026,165.85969878793094,14970,0,29,671
F122022,10,EAO+M1a,1027,165.91306038921175,14970,0,31,2360
F122022,10,EAO+M1a,1028,164.90807074360328,14970,0,36,2130
F122022,10,EAO+M1a,1029,165.9223358262043,14970,0,35,1264
F122022,10,EAO+M1,1000,166.7646507830168,14970,0,34,1429
F122022,10,EAO+M1,1001,166.03293048648493,14970,0,33,1022
F122022,10,EAO+M1,1002,165.04701650452034,14970,0,41,850
F122022,10,EAO+M1,1003,166.40541413506116,14970,0,45,2140
F122022,10,EAO+M1,1004,166.02643507057883,14970,0,29,1302
F122022,10,EAO+M1,1005,165.66392406668,14970,0,43,1070
F122022,10,EAO+M1,1006,166.44735710494524,14970,0,37,2956
F122022,10,EAO+M1,1007,165.06647439032395,14970,0,43,714
F122022,10,EAO+M1,1008,167.13216386545037,14970,0,36,732
F122022,10,EAO+M1,1009,166.5754328300768,14970,0,31,724
F122022,10,EAO+M1,1010,164.50495147756465,14970,0,38,1961
F122022,10,EAO+M1,1011,166.97544216285587,14970,0,33,761
F122022,10,EAO+M1,1012,165.49589363735868,14970,0,29,1313
F122022,10,EAO+M1,1013,165.91416866526288,14970,0,51,1311
F122022,10,EAO+M1,1014,167.2766153809539,14970,0,31,785
F122022,10,EAO+M1,1015,166.70561575177135,14970,0,27,659
F122022,10,EAO+M1,1016,166.71403049866421,14970,0,33,1442
F122022,10,EAO+M1,1017,166.77006549374573,14970,0,39,994
F122022,10,EAO+M1,1018,166.37974197453195,14970,0,32,2342
F122022,10,EAO+M1,1019,164.49523087543093,14970,0,32,2120
F122022,10,EAO+M1,1020,165.43863901526993,14970,0,29,1243
F122022,10,EAO+M1,1021,167.93725300130836,14970,0,37,748
F122022,10,EAO+M1,1022,171.9090735475911,14970,0,39,2119
F122022,10,EAO+M1,1023,164.91927682905953,14970,0,41,1334
F122022,10,EAO+M1,1024,165.0506491161109,14970,0,31,1006
F122022,10,EAO+M1,1025,166.46926665641968,14970,0,30,1854
F122022,10,EAO+M1,1026,165.85969878793094,14970,0,29,671
F122022,10,EAO+M1,1027,165.91306038921175,14970,0,31,2360
F122022,10,EAO+M1,1028,164.90807074360328,14970,0,36,2130
F122022,10,EAO+M1,1029,165.9223358262043,14970,0,35,1264
F122022,10,KE-EAO,1000,171.64218966499357,14970,0,1053,2876
F122022,10,KE-EAO,1001,166.44721073667324,14970,0,923,3044
F122022,10,KE-EAO,1002,166.40332842870703,14970,0,598,2760
F122022,10,KE-EAO,1003,173.07499221298713,14970,0,1423,2678
F122022,10,KE-EAO,1004,167.44684193114563,15000,5,1035,1290
F122022,10,KE-EAO,1005,173.10951085661827,14970,0,1310,2897
F122022,10,KE-EAO,1006,171.6423424448858,14970,0,767,3046
F122022,10,KE-EAO,1007,165.94663268900422,14970,0,722,3231
F122022,10,KE-EAO,1008,177.1372986871038,14970,0,840,3350
F122022,10,KE-EAO,1009,173.10983138935217,14970,0,1268,2852
F122022,10,KE-EAO,1010,167.44684193114563,15006,6,1057,1325
F122022,10,KE-EAO,1011,166.4622681460237,14970,0,1094,2434
F122022,10,KE-EAO,1012,166.50053679667917,14970,0,576,2463
F122022,10,KE-EAO,1013,164.90326461865652,14970,0,202,1966
F122022,10,KE-EAO,1014,173.06275571450306,14970,0,1050,2825
F122022,10,KE-EAO,1015,166.22635541496538,14970,0,348,1770
F122022,10,KE-EAO,1016,164.47669234847172,14970,0,682,3341
F122022,10,KE-EAO,1017,166.76324136288622,14970,0,558,3412
F122022,10,KE-EAO,1018,164.01429171486507,14970,0,714,2820
F122022,10,KE-EAO,1019,164.53493151994735,14970,0,127,1269
F122022,10,KE-EAO,1020,166.4687535250464,14970,0,655,2722
F122022,10,KE-EAO,1021,163.95511313542738,14970,0,172,710
F122022,10,KE-EAO,1022,165.925971297464,14970,0,427,2023
F122022,10,KE-EAO,1023,170.53374252323556,14970,0,900,2912
F122022,10,KE-EAO,1024,173.05608568526713,14970,0,1162,2815
F122022,10,KE-EAO,1025,168.98587777472176,14970,0,871,3171
F122022,10,KE-EAO,1026,166.45148623636032,14970,0,902,2639
F122022,10,KE-EAO,1027,165.99356739887344,14970,0,336,2741
F122022,10,KE-EAO,1028,173.04128961311653,14970,0,888,2872
F122022,10,KE-EAO,1029,166.3892476009296,14970,0,821,2970
