function,dim,variant,seed,err,iters,c1_acc,c2_acc
F12022,10,code3|orig,1000,1.8974333215737715e-10,166,33,3779
F12022,10,code3|orig,1001,7.409539648506325e-09,166,44,3740
F12022,10,code3|orig,1002,5.240963218966499e-11,166,39,3766
F12022,10,code3|orig,1003,2.8598321932804538e-08,166,40,3694
F12022,10,code3|orig,1004,1.0965095498249866e-10,166,30,3760
F12022,10,code3|orig,1005,2.4363089323742315e-10,166,38,3730
F12022,10,code3|orig,1006,3.070683192163415e-07,166,36,3794
F12022,10,code3|orig,1007,7.048583938740194e-12,166,41,3696
F12022,10,code3|orig,1008,3.9857176432178676e-05,166,37,3831
F12022,10,code3|orig,1009,1.0154718665944529e-06,166,38,3861
F12022,10,code3|orig,1010,3.660716174636036e-11,166,36,3705
F12022,10,code3|orig,1011,3.75485456061142e-08,166,38,3859
F12022,10,code3|orig,1012,8.139977580867708e-11,166,30,3815
F12022,10,code3|orig,1013,1.3828201872456702e-07,166,46,3711
F12022,10,code3|orig,1014,6.44962483420386e-09,166,38,3822
F12022,10,code3|orig,1015,1.7547563402331434e-10,166,43,3818
F12022,10,code3|orig,1016,1.4267698134062812e-11,166,31,3291
F12022,10,code3|orig,1017,6.432401278289035e-10,166,42,3752
F12022,10,code3|orig,1018,6.976279109949246e-09,166,40,3761
F12022,10,code3|orig,1019,1.1368683772161603e-13,166,38,3687
F12022,10,code3|orig,1020,1.801936377887614e-11,166,31,3773
F12022,10,code3|orig,1021,2.0272238998586545e-08,166,37,3772
F12022,10,code3|orig,1022,2.2130166144052055e-08,166,36,3826
F12022,10,code3|orig,1023,3.979039320256561e-13,166,27,3682
F12022,10,code3|orig,1024,5.589527063420974e-09,166,34,3779
F12022,10,code3|orig,1025,2.977458279929124e-10,166,32,3694
F12022,10,code3|orig,1026,1.8428636394673958e-10,166,40,3755
F12022,10,code3|orig,1027,9.130758371611591e-10,166,43,3808
F12022,10,code3|orig,1028,1.4684360394312534e-09,166,40,3761
F12022,10,code3|orig,1029,1.6501303434779402e-08,166,38,3782
F12022,10,code3|centroid,1000,0.0,166,1378,1335
F12022,10,code3|centroid,1001,0.0,166,1342,1322
F12022,10,code3|centroid,1002,5.684341886080802e-14,166,1434,1340
F12022,10,code3|centroid,1003,5.684341886080802e-14,166,1329,1351
F12022,10,code3|centroid,1004,5.684341886080802e-14,166,1353,1298
F12022,10,code3|centroid,1005,5.684341886080802e-14,166,1430,1366
F12022,10,code3|centroid,1006,5.684341886080802e-14,166,1332,1360
F12022,10,code3|centroid,1007,0.0,166,1455,1324
F12022,10,code3|centroid,1008,1.1368683772161603e-13,166,1394,1306
F12022,10,code3|centroid,1009,5.684341886080802e-14,166,1379,1262
F12022,10,code3|centroid,1010,5.684341886080802e-14,166,1294,1299
F12022,10,code3|centroid,1011,5.684341886080802e-14,166,1428,1376
F12022,10,code3|centroid,1012,1.1368683772161603e-13,166,1322,1297
F12022,10,code3|centroid,1013,0.0,166,1386,1401
F12022,10,code3|centroid,1014,1.1368683772161603e-13,166,1382,1272
F12022,10,code3|centroid,1015,0.0,166,1340,1362
F12022,10,code3|centroid,1016,0.0,166,1477,1339
F12022,10,code3|centroid,1017,1.1368683772161603e-13,166,1342,1347
F12022,10,code3|centroid,1018,5.684341886080802e-14,166,1341,1317
F12022,10,code3|centroid,1019,1.1368683772161603e-13,166,1505,1333
F12022,10,code3|centroid,1020,0.0,166,1361,1302
F12022,10,code3|centroid,1021,5.684341886080802e-14,166,1253,1360
F12022,10,code3|centroid,1022,1.1368683772161603e-13,166,1329,1361
F12022,10,code3|centroid,1023,5.684341886080802e-14,166,1290,1319
F12022,10,code3|centroid,1024,1.1368683772161603e-13,166,1347,1276
F12022,10,code3|centroid,1025,0.0,166,1443,1294
F12022,10,code3|centroid,1026,0.0,166,1420,1377
F12022,10,code3|centroid,1027,0.0,166,1308,1344
F12022,10,code3|centroid,1028,5.684341886080802e-14,166,1364,1259
F12022,10,code3|centroid,1029,5.684341886080802e-14,166,1319,1295
F12022,10,paper2|orig,1000,0.0,250,56,2795
F12022,10,paper2|orig,1001,0.0,250,49,2766
F12022,10,paper2|orig,1002,0.0,250,47,2916
F12022,10,paper2|orig,1003,5.684341886080802e-14,249,53,2793
F12022,10,paper2|orig,1004,5.684341886080802e-14,250,59,2832
F12022,10,paper2|orig,1005,5.684341886080802e-14,249,49,2758
F12022,10,paper2|orig,1006,1.1368683772161603e-13,250,44,2866
F12022,10,paper2|orig,1007,5.684341886080802e-14,250,65,2908
F12022,10,paper2|orig,1008,5.684341886080802e-14,250,36,2890
F12022,10,paper2|orig,1009,5.684341886080802e-14,249,45,2973
F12022,10,paper2|orig,1010,5.684341886080802e-14,250,51,3062
F12022,10,paper2|orig,1011,0.0,250,45,2937
F12022,10,paper2|orig,1012,5.684341886080802e-14,249,54,2983
F12022,10,paper2|orig,1013,0.0,250,61,2904
F12022,10,paper2|orig,1014,5.684341886080802e-14,250,44,2904
F12022,10,paper2|orig,1015,0.0,250,51,2898
F12022,10,paper2|orig,1016,0.0,250,38,3027
F12022,10,paper2|orig,1017,0.0,250,62,2836
F12022,10,paper2|orig,1018,5.684341886080802e-14,250,55,3015
F12022,10,paper2|orig,1019,0.0,250,65,2912
F12022,10,paper2|orig,1020,5.684341886080802e-14,249,45,2766
F12022,10,paper2|orig,1021,0.0,250,47,2780
F12022,10,paper2|orig,1022,5.684341886080802e-14,249,53,2966
F12022,10,paper2|orig,1023,5.684341886080802e-14,250,36,2807
F12022,10,paper2|orig,1024,5.684341886080802e-14,249,31,2881
F12022,10,paper2|orig,1025,5.684341886080802e-14,250,48,2932
F12022,10,paper2|orig,1026,5.684341886080802e-14,249,51,2857
F12022,10,paper2|orig,1027,5.684341886080802e-14,250,50,3098
F12022,10,paper2|orig,1028,0.0,250,60,2804
F12022,10,paper2|orig,1029,0.0,250,65,2843
F12022,10,paper2|centroid,1000,0.0,248,2099,1270
F12022,10,paper2|centroid,1001,0.0,248,2158,1249
F12022,10,paper2|centroid,1002,0.0,248,2061,1303
F12022,10,paper2|centroid,1003,0.0,248,2129,1308
F12022,10,paper2|centroid,1004,1.7053025658242404e-13,248,2164,1225
F12022,10,paper2|centroid,1005,5.684341886080802e-14,248,2269,1268
F12022,10,paper2|centroid,1006,0.0,248,2070,1249
F12022,10,paper2|centroid,1007,5.684341886080802e-14,248,2172,1281
F12022,10,paper2|centroid,1008,5.684341886080802e-14,248,2192,1258
F12022,10,paper2|centroid,1009,0.0,248,2182,1288
F12022,10,paper2|centroid,1010,5.684341886080802e-14,248,2082,1232
F12022,10,paper2|centroid,1011,5.684341886080802e-14,248,2126,1333
F12022,10,paper2|centroid,1012,5.684341886080802e-14,248,2131,1216
F12022,10,paper2|centroid,1013,0.0,248,2226,1282
F12022,10,paper2|centroid,1014,1.1368683772161603e-13,248,2129,1261
F12022,10,paper2|centroid,1015,5.684341886080802e-14,248,2116,1253
F12022,10,paper2|centroid,1016,5.684341886080802e-14,248,2221,1242
F12022,10,paper2|centroid,1017,5.684341886080802e-14,248,2201,1243
F12022,10,paper2|centroid,1018,0.0,248,2251,1259
F12022,10,paper2|centroid,1019,5.684341886080802e-14,248,2170,1280
F12022,10,paper2|centroid,1020,0.0,248,2116,1289
F12022,10,paper2|centroid,1021,5.684341886080802e-14,248,2124,1254
F12022,10,paper2|centroid,1022,0.0,248,2116,1249
F12022,10,paper2|centroid,1023,5.684341886080802e-14,248,2221,1276
F12022,10,paper2|centroid,1024,5.684341886080802e-14,248,2159,1257
F12022,10,paper2|centroid,1025,5.684341886080802e-14,248,2138,1241
F12022,10,paper2|centroid,1026,5.684341886080802e-14,248,2117,1239
F12022,10,paper2|centroid,1027,0.0,248,2190,1210
F12022,10,paper2|centroid,1028,0.0,248,2137,1268
F12022,10,paper2|centroid,1029,0.0,248,2130,1280
F12022,10,c2only|orig,1000,2.09570316656027e-09,250,0,5844
F12022,10,c2only|orig,1001,1.1368683772161603e-13,249,0,3965
F12022,10,c2only|orig,1002,5.684341886080802e-14,249,0,4748
F12022,10,c2only|orig,1003,5.684341886080802e-14,250,0,5602
F12022,10,c2only|orig,1004,1.1368683772161603e-13,249,0,4709
F12022,10,c2only|orig,1005,5.632614374917466e-10,250,0,5815
F12022,10,c2only|orig,1006,1.7053025658242404e-13,249,0,3943
F12022,10,c2only|orig,1007,1.1368683772161603e-13,249,0,5158
F12022,10,c2only|orig,1008,7.389644451905042e-13,250,0,5337
F12022,10,c2only|orig,1009,2.8421709430404007e-13,250,0,5830
F12022,10,c2only|orig,1010,1.1368683772161603e-13,249,0,4770
F12022,10,c2only|orig,1011,2.8421709430404007e-13,249,0,4894
F12022,10,c2only|orig,1012,1.7053025658242404e-13,249,0,5002
F12022,10,c2only|orig,1013,1.1368683772161603e-13,249,0,5021
F12022,10,c2only|orig,1014,3.979039320256561e-13,249,0,4897
F12022,10,c2only|orig,1015,8.526512829121202e-13,250,0,5602
F12022,10,c2only|orig,1016,6.821210263296962e-13,250,0,5238
F12022,10,c2only|orig,1017,5.684341886080802e-14,249,0,4827
F12022,10,c2only|orig,1018,1.1368683772161603e-13,249,0,4730
F12022,10,c2only|orig,1019,6.252776074688882e-13,249,0,4953
F12022,10,c2only|orig,1020,2.2737367544323206e-13,249,0,5235
F12022,10,c2only|orig,1021,1.6484591469634324e-12,250,0,5848
F12022,10,c2only|orig,1022,5.684341886080802e-14,249,0,4953
F12022,10,c2only|orig,1023,3.410605131648481e-13,249,0,5441
F12022,10,c2only|orig,1024,2.2737367544323206e-13,250,0,5659
F12022,10,c2only|orig,1025,1.1368683772161603e-13,249,0,4296
F12022,10,c2only|orig,1026,3.410605131648481e-13,249,0,4213
F12022,10,c2only|orig,1027,2.5011104298755527e-12,250,0,5817
F12022,10,c2only|orig,1028,2.2737367544323206e-13,249,0,5395
F12022,10,c2only|orig,1029,3.115019353572279e-11,250,0,5816
F22022,10,code3|orig,1000,8.916102028550597,166,32,3779
F22022,10,code3|orig,1001,6.028928928073299,166,37,3179
F22022,10,code3|orig,1002,8.916101928768569,166,37,3776
F22022,10,code3|orig,1003,6.899807865824641,166,34,3726
F22022,10,code3|orig,1004,8.916101927801378,166,29,3663
F22022,10,code3|orig,1005,8.916101927782279,166,32,3676
F22022,10,code3|orig,1006,4.576264576873655,166,24,2862
F22022,10,code3|orig,1007,0.004909385179189485,166,23,3093
F22022,10,code3|orig,1008,0.006850131543330917,166,29,3386
F22022,10,code3|orig,1009,8.91610192785862,166,42,3258
F22022,10,code3|orig,1010,0.011816550606624787,166,32,3594
F22022,10,code3|orig,1011,6.460471930703989,166,30,3089
F22022,10,code3|orig,1012,5.866252444878285,166,32,3916
F22022,10,code3|orig,1013,8.91610205447273,166,27,3760
F22022,10,code3|orig,1014,8.916102001351874,166,24,3710
F22022,10,code3|orig,1015,8.916102040943997,166,41,3641
F22022,10,code3|orig,1016,5.253566213959573,166,33,3575
F22022,10,code3|orig,1017,0.0004545890373037764,166,31,3343
F22022,10,code3|orig,1018,0.2950476905313053,166,37,3335
F22022,10,code3|orig,1019,0.018916114249975635,166,30,3644
F22022,10,code3|orig,1020,4.383254463193737,166,30,3334
F22022,10,code3|orig,1021,4.039863575492575,166,33,2713
F22022,10,code3|orig,1022,8.916101927781767,166,25,3727
F22022,10,code3|orig,1023,8.916101927782847,166,29,3712
F22022,10,code3|orig,1024,6.67734534761513,166,29,3785
F22022,10,code3|orig,1025,8.916101929321428,166,31,3709
F22022,10,code3|orig,1026,6.029900178753678,166,28,3698
F22022,10,code3|orig,1027,5.482807573611524,166,23,3731
F22022,10,code3|orig,1028,8.916101928306603,166,42,3645
F22022,10,code3|orig,1029,8.916101930580567,166,35,3747
F22022,10,code3|centroid,1000,8.916101927781312,166,1436,1305
F22022,10,code3|centroid,1001,3.9865796353799965,166,2237,2127
F22022,10,code3|centroid,1002,8.91610192778137,166,1430,1314
F22022,10,code3|centroid,1003,8.916101927781483,166,1415,2169
F22022,10,code3|centroid,1004,3.9866271081160107,166,1380,2376
F22022,10,code3|centroid,1005,3.9974344235976673,166,1344,2471
F22022,10,code3|centroid,1006,3.9866166874354576,166,1638,2335
F22022,10,code3|centroid,1007,8.916101927781312,166,1566,1159
F22022,10,code3|centroid,1008,8.91610192778137,166,1397,1268
F22022,10,code3|centroid,1009,8.91610192778137,166,1326,1441
F22022,10,code3|centroid,1010,8.916101927782279,166,2744,1847
F22022,10,code3|centroid,1011,8.91610192778137,166,338,2680
F22022,10,code3|centroid,1012,3.986580782903218,166,2313,2067
F22022,10,code3|centroid,1013,8.91610192778137,166,1027,1859
F22022,10,code3|centroid,1014,8.916101927781426,166,259,2601
F22022,10,code3|centroid,1015,3.9865839041792697,166,1786,2313
F22022,10,code3|centroid,1016,3.4962040956543206e-05,166,2161,2167
F22022,10,code3|centroid,1017,3.9865791332480285,166,1916,2146
F22022,10,code3|centroid,1018,3.9866697444051624,166,2273,2158
F22022,10,code3|centroid,1019,8.91610192778137,166,1074,1834
F22022,10,code3|centroid,1020,4.009475129508587,166,1483,2365
F22022,10,code3|centroid,1021,4.084398464848448,166,822,2777
F22022,10,code3|centroid,1022,6.161140515814623e-05,166,2364,2028
F22022,10,code3|centroid,1023,8.916101927781312,166,1238,1424
F22022,10,code3|centroid,1024,4.107513601996857,166,970,2120
F22022,10,code3|centroid,1025,4.001659921405235,166,940,2460
F22022,10,code3|centroid,1026,3.9865804155804767,166,2175,2117
F22022,10,code3|centroid,1027,3.9865791135620725,166,2181,2138
F22022,10,code3|centroid,1028,3.9866083741136435,166,2348,2020
F22022,10,code3|centroid,1029,8.91610192778137,166,1438,1265
F22022,10,paper2|orig,1000,8.91610192778137,250,31,3459
F22022,10,paper2|orig,1001,8.916101927800128,250,32,2812
F22022,10,paper2|orig,1002,8.916101927783586,250,38,3463
F22022,10,paper2|orig,1003,5.659959916200876,250,31,3663
F22022,10,paper2|orig,1004,8.91610192778137,250,33,3417
F22022,10,paper2|orig,1005,5.160385029862994,250,32,1395
F22022,10,paper2|orig,1006,8.91610192778245,250,25,3383
F22022,10,paper2|orig,1007,5.15043249194963,250,33,2015
F22022,10,paper2|orig,1008,4.89882323027922,250,32,2631
F22022,10,paper2|orig,1009,8.916101927781312,249,40,3078
F22022,10,paper2|orig,1010,8.91610192778137,250,30,3261
F22022,10,paper2|orig,1011,4.286201651817464,250,35,1362
F22022,10,paper2|orig,1012,4.322409650430359,249,32,2154
F22022,10,paper2|orig,1013,0.0795870478376628,249,29,1513
F22022,10,paper2|orig,1014,6.8481745625798,250,27,3817
F22022,10,paper2|orig,1015,8.91610192778137,250,34,3478
F22022,10,paper2|orig,1016,8.916101927794216,250,35,2932
F22022,10,paper2|orig,1017,8.916101927781426,250,56,3509
F22022,10,paper2|orig,1018,8.91610192778137,249,41,3261
F22022,10,paper2|orig,1019,5.379676742249899,250,30,2448
F22022,10,paper2|orig,1020,8.91610192778137,250,35,3151
F22022,10,paper2|orig,1021,0.35591392592624516,250,40,3379
F22022,10,paper2|orig,1022,8.916101927781426,249,35,3096
F22022,10,paper2|orig,1023,4.1592025414304885,250,34,1315
F22022,10,paper2|orig,1024,4.84872886900655,250,27,2463
F22022,10,paper2|orig,1025,4.3099425368758375,250,38,2667
F22022,10,paper2|orig,1026,8.916101927799787,250,28,2673
F22022,10,paper2|orig,1027,4.617337396456662,250,38,1428
F22022,10,paper2|orig,1028,0.4048332624992099,250,37,3925
F22022,10,paper2|orig,1029,8.91610192778137,250,31,3323
F22022,10,paper2|centroid,1000,4.347825423839765,250,917,2635
F22022,10,paper2|centroid,1001,4.040867176775464,250,2047,2455
F22022,10,paper2|centroid,1002,4.114950625812867,250,1253,3095
F22022,10,paper2|centroid,1003,4.064974585548953,249,2153,1521
F22022,10,paper2|centroid,1004,5.318883683618765,250,167,2347
F22022,10,paper2|centroid,1005,4.040278176342099,250,2810,1620
F22022,10,paper2|centroid,1006,8.91610192778137,249,693,2440
F22022,10,paper2|centroid,1007,4.0198170040386,250,2258,2116
F22022,10,paper2|centroid,1008,8.916101927781312,248,1838,1343
F22022,10,paper2|centroid,1009,8.91610192778137,248,1973,1313
F22022,10,paper2|centroid,1010,0.03117226363320924,250,956,1799
F22022,10,paper2|centroid,1011,4.113256609863754,250,1992,1652
F22022,10,paper2|centroid,1012,4.073324139707495,250,1499,2481
F22022,10,paper2|centroid,1013,8.916101927781426,249,1664,1399
F22022,10,paper2|centroid,1014,4.018698200489212,250,1586,1754
F22022,10,paper2|centroid,1015,6.222810824514511,250,157,1650
F22022,10,paper2|centroid,1016,8.91610192778461,250,735,2754
F22022,10,paper2|centroid,1017,8.91610193116253,250,175,2150
F22022,10,paper2|centroid,1018,6.670300540374967,250,154,1860
F22022,10,paper2|centroid,1019,8.916101927781824,250,238,3063
F22022,10,paper2|centroid,1020,5.224337558355046,250,163,1651
F22022,10,paper2|centroid,1021,8.91610192778137,249,1540,1582
F22022,10,paper2|centroid,1022,8.91610192778137,248,1970,1381
F22022,10,paper2|centroid,1023,4.1667174102099125,250,1221,2610
F22022,10,paper2|centroid,1024,8.916101927781426,249,1968,1349
F22022,10,paper2|centroid,1025,8.916101927784268,250,203,2901
F22022,10,paper2|centroid,1026,8.916101927781312,248,1891,1323
F22022,10,paper2|centroid,1027,4.0402260060465665,250,2754,1993
F22022,10,paper2|centroid,1028,8.91610192778137,248,1846,1370
F22022,10,paper2|centroid,1029,8.916101927781312,248,2102,1377
F22022,10,c2only|orig,1000,8.91610192778677,250,0,5576
F22022,10,c2only|orig,1001,8.916101927781767,249,0,4620
F22022,10,c2only|orig,1002,5.760313913917969,250,0,5540
F22022,10,c2only|orig,1003,8.91610192778137,249,0,4720
F22022,10,c2only|orig,1004,0.04691168290656833,250,0,5737
F22022,10,c2only|orig,1005,8.916101995780537,250,0,5845
F22022,10,c2only|orig,1006,5.806335327615955,250,0,4940
F22022,10,c2only|orig,1007,5.320267547019114,250,0,5445
F22022,10,c2only|orig,1008,8.916101927879083,250,0,5186
F22022,10,c2only|orig,1009,0.0011540616392267111,250,0,4870
F22022,10,c2only|orig,1010,8.916101927830255,250,0,5608
F22022,10,c2only|orig,1011,5.675783302848799,250,0,5914
F22022,10,c2only|orig,1012,8.91610192778171,250,0,5109
F22022,10,c2only|orig,1013,3.9865840426925274,250,0,5358
F22022,10,c2only|orig,1014,8.91610192778137,249,0,4256
F22022,10,c2only|orig,1015,8.916109096525247,250,0,5899
F22022,10,c2only|orig,1016,8.916101927781426,249,0,4604
F22022,10,c2only|orig,1017,0.2849036989582032,250,0,5397
F22022,10,c2only|orig,1018,5.014300654693216e-07,250,0,5217
F22022,10,c2only|orig,1019,0.06244908230740975,250,0,5754
F22022,10,c2only|orig,1020,8.916101927782393,250,0,5520
F22022,10,c2only|orig,1021,0.14819216359194343,250,0,5672
F22022,10,c2only|orig,1022,6.422163826328244,250,0,5623
F22022,10,c2only|orig,1023,8.91610192778694,250,0,5611
F22022,10,c2only|orig,1024,3.9975884914820767,250,0,4677
F22022,10,c2only|orig,1025,4.138464021015864,250,0,5095
F22022,10,c2only|orig,1026,8.916101927781483,249,0,4239
F22022,10,c2only|orig,1027,5.824869492783193,250,0,5899
F22022,10,c2only|orig,1028,8.916101927781767,249,0,5393
F22022,10,c2only|orig,1029,8.91610192778171,249,0,5220
F32022,10,code3|orig,1000,1.1368683772161603e-13,166,33,2879
F32022,10,code3|orig,1001,0.0,166,33,2503
F32022,10,code3|orig,1002,1.1368683772161603e-13,166,27,2689
F32022,10,code3|orig,1003,1.1368683772161603e-13,166,29,3463
F32022,10,code3|orig,1004,4.547473508864641e-13,166,29,2953
F32022,10,code3|orig,1005,2.2737367544323206e-13,166,26,3222
F32022,10,code3|orig,1006,1.0231815394945443e-12,166,28,3143
F32022,10,code3|orig,1007,5.684341886080801e-13,166,31,3175
F32022,10,code3|orig,1008,6.821210263296962e-13,166,45,3650
F32022,10,code3|orig,1009,2.2737367544323206e-13,166,41,2927
F32022,10,code3|orig,1010,1.2846612662542611e-11,166,30,3535
F32022,10,code3|orig,1011,6.821210263296962e-13,166,34,2726
F32022,10,code3|orig,1012,5.684341886080801e-13,166,24,2629
F32022,10,code3|orig,1013,9.094947017729282e-13,166,35,2898
F32022,10,code3|orig,1014,5.684341886080801e-13,166,39,2776
F32022,10,code3|orig,1015,1.1368683772161603e-13,166,40,2783
F32022,10,code3|orig,1016,5.684341886080801e-13,166,24,3120
F32022,10,code3|orig,1017,3.410605131648481e-13,166,50,3296
F32022,10,code3|orig,1018,9.094947017729282e-13,166,28,3679
F32022,10,code3|orig,1019,1.1368683772161603e-13,166,29,3165
F32022,10,code3|orig,1020,4.547473508864641e-13,166,38,3744
F32022,10,code3|orig,1021,5.684341886080801e-13,166,32,3271
F32022,10,code3|orig,1022,3.410605131648481e-12,166,30,3813
F32022,10,code3|orig,1023,1.1368683772161603e-13,166,29,3000
F32022,10,code3|orig,1024,2.2737367544323206e-13,166,36,3016
F32022,10,code3|orig,1025,1.1368683772161603e-13,166,44,2963
F32022,10,code3|orig,1026,4.547473508864641e-13,166,36,2832
F32022,10,code3|orig,1027,3.410605131648481e-13,166,39,2765
F32022,10,code3|orig,1028,5.684341886080801e-13,166,28,3535
F32022,10,code3|orig,1029,4.547473508864641e-13,166,32,3239
F32022,10,code3|centroid,1000,1.1368683772161603e-13,166,1153,1128
F32022,10,code3|centroid,1001,0.0,166,1194,1104
F32022,10,code3|centroid,1002,0.0,166,1202,1093
F32022,10,code3|centroid,1003,1.1368683772161603e-13,166,1228,1166
F32022,10,code3|centroid,1004,0.0,166,1135,1234
F32022,10,code3|centroid,1005,1.1368683772161603e-13,166,1159,1127
F32022,10,code3|centroid,1006,0.0,166,1175,1172
F32022,10,code3|centroid,1007,1.1368683772161603e-13,166,1175,1163
F32022,10,code3|centroid,1008,1.1368683772161603e-13,166,1177,1175
F32022,10,code3|centroid,1009,0.0,166,1160,1118
F32022,10,code3|centroid,1010,1.1368683772161603e-13,166,1127,1116
F32022,10,code3|centroid,1011,0.0,166,1213,1188
F32022,10,code3|centroid,1012,0.0,166,1168,1164
F32022,10,code3|centroid,1013,1.1368683772161603e-13,166,1187,1169
F32022,10,code3|centroid,1014,0.0,166,1181,1178
F32022,10,code3|centroid,1015,1.1368683772161603e-13,166,1117,1206
F32022,10,code3|centroid,1016,0.0,166,1202,1163
F32022,10,code3|centroid,1017,0.0,166,1230,1175
F32022,10,code3|centroid,1018,1.1368683772161603e-13,166,1224,1136
F32022,10,code3|centroid,1019,0.0,166,1189,1144
F32022,10,code3|centroid,1020,0.0,166,1151,1151
F32022,10,code3|centroid,1021,1.1368683772161603e-13,166,1091,1124
F32022,10,code3|centroid,1022,0.0,166,1132,1174
F32022,10,code3|centroid,1023,0.0,166,1204,1125
F32022,10,code3|centroid,1024,0.0,166,1152,1135
F32022,10,code3|centroid,1025,0.0,166,1226,1150
F32022,10,code3|centroid,1026,0.0,166,1210,1106
F32022,10,code3|centroid,1027,1.1368683772161603e-13,166,1174,1174
F32022,10,code3|centroid,1028,1.1368683772161603e-13,166,1173,1095
F32022,10,code3|centroid,1029,1.1368683772161603e-13,166,1164,1128
F32022,10,paper2|orig,1000,0.0,249,49,2641
F32022,10,paper2|orig,1001,1.1368683772161603e-13,249,29,2690
F32022,10,paper2|orig,1002,0.0,249,28,2571
F32022,10,paper2|orig,1003,0.0,249,40,2631
F32022,10,paper2|orig,1004,0.0,249,46,2646
F32022,10,paper2|orig,1005,0.0,249,35,2573
F32022,10,paper2|orig,1006,0.0,249,29,2615
F32022,10,paper2|orig,1007,0.0,249,42,2625
F32022,10,paper2|orig,1008,0.0,249,40,2598
F32022,10,paper2|orig,1009,0.0,249,32,2647
F32022,10,paper2|orig,1010,0.0,249,26,2634
F32022,10,paper2|orig,1011,0.0,249,39,2671
F32022,10,paper2|orig,1012,1.1368683772161603e-13,249,32,2593
F32022,10,paper2|orig,1013,1.1368683772161603e-13,249,44,2593
F32022,10,paper2|orig,1014,0.0,249,45,2605
F32022,10,paper2|orig,1015,0.0,249,30,2559
F32022,10,paper2|orig,1016,0.0,249,33,2639
F32022,10,paper2|orig,1017,0.0,249,46,2624
F32022,10,paper2|orig,1018,0.0,249,44,2581
F32022,10,paper2|orig,1019,0.0,249,36,2755
F32022,10,paper2|orig,1020,0.0,249,44,2693
F32022,10,paper2|orig,1021,0.0,249,42,2618
F32022,10,paper2|orig,1022,0.0,249,43,2716
F32022,10,paper2|orig,1023,1.1368683772161603e-13,249,39,2600
F32022,10,paper2|orig,1024,1.1368683772161603e-13,249,35,2577
F32022,10,paper2|orig,1025,0.0,249,52,2621
F32022,10,paper2|orig,1026,0.0,249,32,2565
F32022,10,paper2|orig,1027,1.1368683772161603e-13,249,30,2594
F32022,10,paper2|orig,1028,0.0,249,36,2606
F32022,10,paper2|orig,1029,0.0,249,27,2598
F32022,10,paper2|centroid,1000,0.0,248,1797,1253
F32022,10,paper2|centroid,1001,1.1368683772161603e-13,248,1974,1287
F32022,10,paper2|centroid,1002,1.1368683772161603e-13,248,1755,1235
F32022,10,paper2|centroid,1003,1.1368683772161603e-13,248,1807,1203
F32022,10,paper2|centroid,1004,0.0,248,1829,1171
F32022,10,paper2|centroid,1005,0.0,248,1805,1220
F32022,10,paper2|centroid,1006,0.0,248,1760,1187
F32022,10,paper2|centroid,1007,0.0,248,1756,1243
F32022,10,paper2|centroid,1008,1.1368683772161603e-13,248,1828,1283
F32022,10,paper2|centroid,1009,0.0,248,1804,1199
F32022,10,paper2|centroid,1010,0.0,248,1723,1295
F32022,10,paper2|centroid,1011,0.0,248,1714,1203
F32022,10,paper2|centroid,1012,1.1368683772161603e-13,248,1735,1275
F32022,10,paper2|centroid,1013,2.2737367544323206e-13,248,1850,1226
F32022,10,paper2|centroid,1014,0.0,248,1816,1252
F32022,10,paper2|centroid,1015,0.0,248,1730,1278
F32022,10,paper2|centroid,1016,0.0,248,1742,1246
F32022,10,paper2|centroid,1017,1.1368683772161603e-13,248,1838,1212
F32022,10,paper2|centroid,1018,1.1368683772161603e-13,248,1761,1220
F32022,10,paper2|centroid,1019,0.0,248,1861,1246
F32022,10,paper2|centroid,1020,0.0,248,1805,1266
F32022,10,paper2|centroid,1021,0.0,248,1780,1184
F32022,10,paper2|centroid,1022,2.2737367544323206e-13,248,1779,1219
F32022,10,paper2|centroid,1023,0.0,248,1803,1268
F32022,10,paper2|centroid,1024,0.0,248,1890,1240
F32022,10,paper2|centroid,1025,0.0,248,1837,1251
F32022,10,paper2|centroid,1026,1.1368683772161603e-13,248,1776,1204
F32022,10,paper2|centroid,1027,0.0,248,1749,1192
F32022,10,paper2|centroid,1028,0.0,248,1828,1282
F32022,10,paper2|centroid,1029,1.1368683772161603e-13,248,1748,1292
F32022,10,c2only|orig,1000,1.1368683772161603e-13,249,0,3206
F32022,10,c2only|orig,1001,1.1368683772161603e-13,248,0,2972
F32022,10,c2only|orig,1002,3.410605131648481e-13,249,0,4088
F32022,10,c2only|orig,1003,5.684341886080801e-13,249,0,4453
F32022,10,c2only|orig,1004,5.684341886080801e-13,249,0,3646
F32022,10,c2only|orig,1005,0.0,249,0,4312
F32022,10,c2only|orig,1006,2.2737367544323206e-13,249,0,3949
F32022,10,c2only|orig,1007,1.1368683772161603e-13,249,0,4028
F32022,10,c2only|orig,1008,1.1368683772161603e-13,249,0,2977
F32022,10,c2only|orig,1009,1.1368683772161603e-13,249,0,3777
F32022,10,c2only|orig,1010,1.1368683772161603e-13,249,0,3704
F32022,10,c2only|orig,1011,1.1368683772161603e-13,249,0,3571
F32022,10,c2only|orig,1012,3.410605131648481e-13,249,0,3623
F32022,10,c2only|orig,1013,4.547473508864641e-13,249,0,3756
F32022,10,c2only|orig,1014,2.2737367544323206e-13,249,0,3102
F32022,10,c2only|orig,1015,2.2737367544323206e-13,249,0,4143
F32022,10,c2only|orig,1016,1.1368683772161603e-13,248,0,3052
F32022,10,c2only|orig,1017,1.1368683772161603e-13,249,0,4740
F32022,10,c2only|orig,1018,0.0,249,0,3389
F32022,10,c2only|orig,1019,1.1368683772161603e-13,249,0,3684
F32022,10,c2only|orig,1020,3.410605131648481e-13,249,0,3491
F32022,10,c2only|orig,1021,2.2737367544323206e-13,249,0,3575
F32022,10,c2only|orig,1022,2.2737367544323206e-13,248,0,3296
F32022,10,c2only|orig,1023,2.2737367544323206e-13,249,0,4309
F32022,10,c2only|orig,1024,2.2737367544323206e-13,248,0,2916
F32022,10,c2only|orig,1025,1.1368683772161603e-13,248,0,3344
F32022,10,c2only|orig,1026,2.2737367544323206e-13,249,0,3998
F32022,10,c2only|orig,1027,1.1368683772161603e-13,249,0,3739
F32022,10,c2only|orig,1028,4.547473508864641e-13,249,0,3449
F32022,10,c2only|orig,1029,5.684341886080801e-13,249,0,3776
F42022,10,code3|orig,1000,18.541310227691042,166,30,252
F42022,10,code3|orig,1001,54.0,166,30,237
F42022,10,code3|orig,1002,35.072852378252264,166,21,213
F42022,10,code3|orig,1003,48.99964507450625,166,20,234
F42022,10,code3|orig,1004,75.58946333603672,166,28,180
F42022,10,code3|orig,1005,37.79342529905239,166,30,230
F42022,10,code3|orig,1006,23.330082729909236,166,39,230
F42022,10,code3|orig,1007,39.69569901905561,166,33,212
F42022,10,code3|orig,1008,49.442639786713926,166,30,233
F42022,10,code3|orig,1009,24.949246855032357,166,18,228
F42022,10,code3|orig,1010,52.024533662033264,166,30,231
F42022,10,code3|orig,1011,33.46252655750334,166,30,235
F42022,10,code3|orig,1012,80.93348345912216,166,25,183
F42022,10,code3|orig,1013,70.17246268566532,166,31,204
F42022,10,code3|orig,1014,55.95025865041066,166,28,225
F42022,10,code3|orig,1015,27.873353281835193,166,27,225
F42022,10,code3|orig,1016,26.915782846112506,166,19,235
F42022,10,code3|orig,1017,32.95374900349066,166,32,221
F42022,10,code3|orig,1018,31.721427954772707,166,29,226
F42022,10,code3|orig,1019,27.895989073843907,166,39,241
F42022,10,code3|orig,1020,55.228786242253136,166,27,229
F42022,10,code3|orig,1021,44.0,166,15,245
F42022,10,code3|orig,1022,40.06691210059728,166,28,204
F42022,10,code3|orig,1023,44.136202755671775,166,25,233
F42022,10,code3|orig,1024,41.26233945947013,166,24,236
F42022,10,code3|orig,1025,58.90816451365322,166,30,232
F42022,10,code3|orig,1026,58.299591856351185,166,19,220
F42022,10,code3|orig,1027,51.072202346203426,166,20,205
F42022,10,code3|orig,1028,44.0,166,37,251
F42022,10,code3|orig,1029,42.376511254409365,166,27,222
F42022,10,code3|centroid,1000,20.472309858470226,166,60,169
F42022,10,code3|centroid,1001,56.89741046544714,166,63,177
F42022,10,code3|centroid,1002,53.25446619306422,166,64,158
F42022,10,code3|centroid,1003,33.34669342264283,166,51,191
F42022,10,code3|centroid,1004,35.530540595100206,166,54,196
F42022,10,code3|centroid,1005,22.082902737431823,166,50,191
F42022,10,code3|centroid,1006,30.060558146576568,166,57,193
F42022,10,code3|centroid,1007,46.57662102008658,166,55,208
F42022,10,code3|centroid,1008,48.71328870631942,166,51,198
F42022,10,code3|centroid,1009,48.0,166,51,173
F42022,10,code3|centroid,1010,66.0,166,51,172
F42022,10,code3|centroid,1011,56.403009698317646,166,69,196
F42022,10,code3|centroid,1012,54.0,166,61,150
F42022,10,code3|centroid,1013,58.4199014906045,166,62,195
F42022,10,code3|centroid,1014,32.9477659894236,166,57,204
F42022,10,code3|centroid,1015,49.26312422019021,166,60,198
F42022,10,code3|centroid,1016,41.47527025395732,166,48,187
F42022,10,code3|centroid,1017,44.39791328642684,166,59,155
F42022,10,code3|centroid,1018,25.657652687227937,166,59,216
F42022,10,code3|centroid,1019,59.0425178867672,166,48,182
F42022,10,code3|centroid,1020,33.676051370569326,166,54,205
F42022,10,code3|centroid,1021,47.109407209366054,166,45,198
F42022,10,code3|centroid,1022,39.35042887633779,166,52,200
F42022,10,code3|centroid,1023,38.185447582516645,166,54,177
F42022,10,code3|centroid,1024,40.16565526810257,166,71,194
F42022,10,code3|centroid,1025,57.35724362891756,166,51,190
F42022,10,code3|centroid,1026,44.447892895017844,166,48,182
F42022,10,code3|centroid,1027,40.5086761922455,166,54,188
F42022,10,code3|centroid,1028,41.657329747436165,166,60,198
F42022,10,code3|centroid,1029,23.725407585822836,166,46,209
F42022,10,paper2|orig,1000,57.03897919991459,250,31,208
F42022,10,paper2|orig,1001,44.03939444577122,250,42,234
F42022,10,paper2|orig,1002,50.55046612981664,250,27,206
F42022,10,paper2|orig,1003,80.00495592628954,250,31,210
F42022,10,paper2|orig,1004,53.23612383034367,250,49,197
F42022,10,paper2|orig,1005,50.379023181656294,250,31,239
F42022,10,paper2|orig,1006,23.3172714086827,250,52,191
F42022,10,paper2|orig,1007,64.48095608702727,250,36,219
F42022,10,paper2|orig,1008,61.538980001363825,250,44,207
F42022,10,paper2|orig,1009,52.64832845185106,250,19,226
F42022,10,paper2|orig,1010,50.0,250,31,241
F42022,10,paper2|orig,1011,64.15220330283705,250,33,189
F42022,10,paper2|orig,1012,56.185037841486405,250,32,214
F42022,10,paper2|orig,1013,58.07157272661493,250,41,208
F42022,10,paper2|orig,1014,50.098679461625125,250,29,216
F42022,10,paper2|orig,1015,72.0,250,51,187
F42022,10,paper2|orig,1016,67.29885553165445,250,31,216
F42022,10,paper2|orig,1017,53.90957091678422,250,39,223
F42022,10,paper2|orig,1018,48.54743800417191,250,36,209
F42022,10,paper2|orig,1019,44.44734357770767,250,48,191
F42022,10,paper2|orig,1020,65.60082074150523,250,45,186
F42022,10,paper2|orig,1021,35.003601894159715,250,29,225
F42022,10,paper2|orig,1022,27.765145014455356,250,40,179
F42022,10,paper2|orig,1023,44.0,250,29,201
F42022,10,paper2|orig,1024,45.08392977533765,250,35,225
F42022,10,paper2|orig,1025,63.93413811525295,250,35,216
F42022,10,paper2|orig,1026,66.87688800985643,250,26,209
F42022,10,paper2|orig,1027,49.55806282078515,250,34,171
F42022,10,paper2|orig,1028,52.80169362771335,250,44,192
F42022,10,paper2|orig,1029,76.5,250,41,189
F42022,10,paper2|centroid,1000,57.080935083846725,250,92,173
F42022,10,paper2|centroid,1001,57.74633572623418,250,82,159
F42022,10,paper2|centroid,1002,38.0,250,52,167
F42022,10,paper2|centroid,1003,63.84639158400455,250,79,198
F42022,10,paper2|centroid,1004,45.347287711536296,250,73,165
F42022,10,paper2|centroid,1005,65.97051197276267,250,87,155
F42022,10,paper2|centroid,1006,59.77598978371702,250,81,164
F42022,10,paper2|centroid,1007,47.73609108704636,250,83,168
F42022,10,paper2|centroid,1008,38.0,250,91,170
F42022,10,paper2|centroid,1009,78.87532891641445,250,68,146
F42022,10,paper2|centroid,1010,51.847124012574454,250,92,169
F42022,10,paper2|centroid,1011,32.0,250,72,160
F42022,10,paper2|centroid,1012,47.94929176634969,250,81,156
F42022,10,paper2|centroid,1013,37.127883069821905,250,89,134
F42022,10,paper2|centroid,1014,58.16250930635556,250,72,155
F42022,10,paper2|centroid,1015,61.40978232931491,250,90,172
F42022,10,paper2|centroid,1016,48.127830893145074,250,72,178
F42022,10,paper2|centroid,1017,71.3819111063948,250,79,168
F42022,10,paper2|centroid,1018,61.46328869322099,250,83,180
F42022,10,paper2|centroid,1019,67.89950928084193,250,86,148
F42022,10,paper2|centroid,1020,58.333570939719266,250,83,164
F42022,10,paper2|centroid,1021,82.67293781955948,250,57,159
F42022,10,paper2|centroid,1022,29.545793525481372,250,80,151
F42022,10,paper2|centroid,1023,61.170058640174716,250,84,136
F42022,10,paper2|centroid,1024,58.048500599869385,250,88,175
F42022,10,paper2|centroid,1025,36.10982733367166,250,96,149
F42022,10,paper2|centroid,1026,56.51512858184958,250,84,157
F42022,10,paper2|centroid,1027,68.31590827245088,250,83,112
F42022,10,paper2|centroid,1028,47.82109800324088,250,110,147
F42022,10,paper2|centroid,1029,60.0,250,94,157
F42022,10,c2only|orig,1000,54.918712093859426,250,0,283
F42022,10,c2only|orig,1001,21.59189211472551,250,0,267
F42022,10,c2only|orig,1002,31.59999839776674,250,0,285
F42022,10,c2only|orig,1003,76.96585115048515,250,0,292
F42022,10,c2only|orig,1004,43.78599407277227,250,0,269
F42022,10,c2only|orig,1005,29.25406616457792,250,0,251
F42022,10,c2only|orig,1006,45.91207214880126,250,0,267
F42022,10,c2only|orig,1007,30.01412906679957,250,0,291
F42022,10,c2only|orig,1008,47.25690944430096,250,0,274
F42022,10,c2only|orig,1009,47.15773746575701,250,0,272
F42022,10,c2only|orig,1010,35.18682467637518,250,0,265
F42022,10,c2only|orig,1011,33.983538449226444,250,0,284
F42022,10,c2only|orig,1012,44.53560115466894,250,0,266
F42022,10,c2only|orig,1013,60.19381487904093,250,0,282
F42022,10,c2only|orig,1014,23.414181976714076,250,0,290
F42022,10,c2only|orig,1015,29.25802007425102,250,0,314
F42022,10,c2only|orig,1016,38.0,250,0,264
F42022,10,c2only|orig,1017,27.49948933216774,250,0,308
F42022,10,c2only|orig,1018,43.385625035156295,250,0,302
F42022,10,c2only|orig,1019,42.0,250,0,269
F42022,10,c2only|orig,1020,32.587654728549865,250,0,272
F42022,10,c2only|orig,1021,37.54839165781743,250,0,276
F42022,10,c2only|orig,1022,26.791328116347586,250,0,274
F42022,10,c2only|orig,1023,33.21356176183383,250,0,270
F42022,10,c2only|orig,1024,63.27778625582198,250,0,304
F42022,10,c2only|orig,1025,22.386558601613956,250,0,314
F42022,10,c2only|orig,1026,38.0,250,0,251
F42022,10,c2only|orig,1027,27.08865941532372,250,0,295
F42022,10,c2only|orig,1028,47.82307754555757,250,0,258
F42022,10,c2only|orig,1029,54.0,250,0,279
F52022,10,code3|orig,1000,1.5854471939746873e-05,166,31,3339
F52022,10,code3|orig,1001,2.018715508711466e-05,166,28,3379
F52022,10,code3|orig,1002,1.4610452581109712e-07,166,34,3311
F52022,10,code3|orig,1003,9.30729561332555e-06,166,37,3254
F52022,10,code3|orig,1004,3.9543385810247855e-06,166,23,2976
F52022,10,code3|orig,1005,7.4643265861595864e-06,166,34,3322
F52022,10,code3|orig,1006,1.159004898454441e-05,166,28,3290
F52022,10,code3|orig,1007,0.0895282505450723,166,26,3233
F52022,10,code3|orig,1008,1.5776777217979543e-08,166,32,3284
F52022,10,code3|orig,1009,2.0865195438091177e-07,166,38,3223
F52022,10,code3|orig,1010,1.5766975252518023e-05,166,36,3341
F52022,10,code3|orig,1011,1.822216484015371e-05,166,32,3333
F52022,10,code3|orig,1012,0.08952825076471527,166,36,2974
F52022,10,code3|orig,1013,4.467729013413191e-07,166,38,3140
F52022,10,code3|orig,1014,6.561805321325664e-06,166,29,3383
F52022,10,code3|orig,1015,0.08952834999547576,166,34,3150
F52022,10,code3|orig,1016,0.08958648844691197,166,31,3137
F52022,10,code3|orig,1017,0.08954738197201095,166,40,3306
F52022,10,code3|orig,1018,5.540146867133444e-05,166,33,3318
F52022,10,code3|orig,1019,1.519970282970462e-08,166,42,3114
F52022,10,code3|orig,1020,3.940044734918047e-09,166,37,3096
F52022,10,code3|orig,1021,4.006742290130205e-05,166,42,3120
F52022,10,code3|orig,1022,1.968101059901528e-08,166,34,3235
F52022,10,code3|orig,1023,2.5290602252425742e-06,166,30,3367
F52022,10,code3|orig,1024,8.473806474285084e-07,166,20,3238
F52022,10,code3|orig,1025,3.955228487484419e-05,166,39,3306
F52022,10,code3|orig,1026,4.445314516487997e-07,166,25,3313
F52022,10,code3|orig,1027,0.00010616124757234502,166,39,3298
F52022,10,code3|orig,1028,2.8810288767999737e-06,166,41,3393
F52022,10,code3|orig,1029,8.511237410857575e-06,166,22,3311
F52022,10,code3|centroid,1000,1.1368683772161603e-13,166,828,1373
F52022,10,code3|centroid,1001,1.1368683772161603e-13,166,808,1434
F52022,10,code3|centroid,1002,3.410605131648481e-13,166,807,1349
F52022,10,code3|centroid,1003,2.2737367544323206e-13,166,1010,1208
F52022,10,code3|centroid,1004,0.0,166,944,1282
F52022,10,code3|centroid,1005,1.1368683772161603e-13,166,917,1253
F52022,10,code3|centroid,1006,1.1368683772161603e-13,166,751,1521
F52022,10,code3|centroid,1007,0.08952825041660617,166,858,1480
F52022,10,code3|centroid,1008,1.1368683772161603e-13,166,934,1163
F52022,10,code3|centroid,1009,3.410605131648481e-13,166,812,1365
F52022,10,code3|centroid,1010,1.1368683772161603e-13,166,1027,1389
F52022,10,code3|centroid,1011,0.0,166,880,1314
F52022,10,code3|centroid,1012,1.1368683772161603e-13,166,876,1296
F52022,10,code3|centroid,1013,2.2737367544323206e-13,166,959,1447
F52022,10,code3|centroid,1014,3.410605131648481e-13,166,768,1321
F52022,10,code3|centroid,1015,1.1368683772161603e-13,166,954,1299
F52022,10,code3|centroid,1016,1.1368683772161603e-13,166,877,1780
F52022,10,code3|centroid,1017,1.1368683772161603e-13,166,727,1424
F52022,10,code3|centroid,1018,1.1368683772161603e-13,166,841,1257
F52022,10,code3|centroid,1019,1.1368683772161603e-13,166,881,1463
F52022,10,code3|centroid,1020,0.0,166,885,1420
F52022,10,code3|centroid,1021,0.0,166,884,1237
F52022,10,code3|centroid,1022,2.2737367544323206e-13,166,1002,1239
F52022,10,code3|centroid,1023,2.2737367544323206e-13,166,722,1392
F52022,10,code3|centroid,1024,1.1368683772161603e-13,166,854,1257
F52022,10,code3|centroid,1025,0.0,166,996,1301
F52022,10,code3|centroid,1026,1.1368683772161603e-13,166,865,1368
F52022,10,code3|centroid,1027,1.1368683772161603e-13,166,871,1211
F52022,10,code3|centroid,1028,2.2737367544323206e-13,166,915,1311
F52022,10,code3|centroid,1029,1.1368683772161603e-13,166,840,1492
F52022,10,paper2|orig,1000,6.207301339600235e-11,250,42,2906
F52022,10,paper2|orig,1001,1.547959982417524e-08,250,48,3202
F52022,10,paper2|orig,1002,9.890754881780595e-12,250,49,3081
F52022,10,paper2|orig,1003,0.08952825041649248,250,35,2380
F52022,10,paper2|orig,1004,2.2737367544323206e-13,250,29,2569
F52022,10,paper2|orig,1005,3.586569619073998e-08,250,33,3241
F52022,10,paper2|orig,1006,3.410605131648481e-13,250,32,2622
F52022,10,paper2|orig,1007,9.624727681512013e-10,250,30,3068
F52022,10,paper2|orig,1008,9.67588675848674e-10,250,42,3168
F52022,10,paper2|orig,1009,1.1368683772161603e-13,249,45,2470
F52022,10,paper2|orig,1010,0.0,249,40,2386
F52022,10,paper2|orig,1011,1.1368683772161603e-13,249,60,2373
F52022,10,paper2|orig,1012,9.265818334824871e-09,250,27,2976
F52022,10,paper2|orig,1013,2.6132088351005223e-06,250,39,3523
F52022,10,paper2|orig,1014,3.4751201383187436e-07,250,33,3490
F52022,10,paper2|orig,1015,1.2653345038415864e-10,250,42,3244
F52022,10,paper2|orig,1016,2.8421709430404007e-12,250,34,3157
F52022,10,paper2|orig,1017,8.660663297632709e-10,250,42,3196
F52022,10,paper2|orig,1018,0.08952825043991197,250,49,2123
F52022,10,paper2|orig,1019,1.1368683772161603e-13,249,52,2547
F52022,10,paper2|orig,1020,5.377387424232438e-10,250,36,3230
F52022,10,paper2|orig,1021,1.1368683772161603e-13,249,35,2516
F52022,10,paper2|orig,1022,1.2505552149377763e-12,250,38,2675
F52022,10,paper2|orig,1023,4.547473508864641e-13,250,54,2847
F52022,10,paper2|orig,1024,1.2164491636212915e-11,250,29,3011
F52022,10,paper2|orig,1025,0.08952825041649248,249,47,2321
F52022,10,paper2|orig,1026,8.981260180007666e-11,250,38,3025
F52022,10,paper2|orig,1027,0.0,249,40,2453
F52022,10,paper2|orig,1028,1.2960299500264227e-11,250,49,2693
F52022,10,paper2|orig,1029,7.556764103355817e-10,250,37,3038
F52022,10,paper2|centroid,1000,1.1368683772161603e-13,249,1192,1379
F52022,10,paper2|centroid,1001,1.1368683772161603e-13,249,670,1692
F52022,10,paper2|centroid,1002,1.1368683772161603e-13,249,824,1629
F52022,10,paper2|centroid,1003,0.0,249,1158,1227
F52022,10,paper2|centroid,1004,2.2737367544323206e-13,249,745,1528
F52022,10,paper2|centroid,1005,1.1368683772161603e-13,249,1210,1170
F52022,10,paper2|centroid,1006,1.1368683772161603e-13,249,897,1509
F52022,10,paper2|centroid,1007,1.1368683772161603e-13,249,1166,1593
F52022,10,paper2|centroid,1008,1.1368683772161603e-13,249,1188,1480
F52022,10,paper2|centroid,1009,0.0,249,1102,1440
F52022,10,paper2|centroid,1010,1.1368683772161603e-13,249,1232,2014
F52022,10,paper2|centroid,1011,1.1368683772161603e-13,249,1158,1285
F52022,10,paper2|centroid,1012,0.0,249,1024,1467
F52022,10,paper2|centroid,1013,2.2737367544323206e-13,249,1075,1573
F52022,10,paper2|centroid,1014,1.1368683772161603e-13,249,780,1865
F52022,10,paper2|centroid,1015,2.2737367544323206e-13,249,896,1637
F52022,10,paper2|centroid,1016,1.1368683772161603e-13,249,1023,1298
F52022,10,paper2|centroid,1017,1.1368683772161603e-13,249,917,1796
F52022,10,paper2|centroid,1018,1.1368683772161603e-13,249,877,1543
F52022,10,paper2|centroid,1019,0.0,249,1002,1391
F52022,10,paper2|centroid,1020,1.1368683772161603e-13,249,1008,1464
F52022,10,paper2|centroid,1021,2.2737367544323206e-13,249,1244,1357
F52022,10,paper2|centroid,1022,2.2737367544323206e-13,249,1392,1259
F52022,10,paper2|centroid,1023,2.2737367544323206e-13,249,829,1591
F52022,10,paper2|centroid,1024,1.1368683772161603e-13,249,956,1533
F52022,10,paper2|centroid,1025,1.1368683772161603e-13,249,731,1796
F52022,10,paper2|centroid,1026,0.0,249,833,1916
F52022,10,paper2|centroid,1027,1.1368683772161603e-13,249,1157,1352
F52022,10,paper2|centroid,1028,0.0,249,1005,1451
F52022,10,paper2|centroid,1029,2.2737367544323206e-13,249,824,1688
F52022,10,c2only|orig,1000,3.389830794731097e-06,250,0,5091
F52022,10,c2only|orig,1001,7.048583938740194e-12,250,0,4595
F52022,10,c2only|orig,1002,3.960280992032494e-09,250,0,5057
F52022,10,c2only|orig,1003,7.475290431102621e-07,250,0,5363
F52022,10,c2only|orig,1004,5.764717343481607e-07,250,0,5134
F52022,10,c2only|orig,1005,1.4688573628518498e-06,250,0,4785
F52022,10,c2only|orig,1006,2.033868895523483e-08,250,0,5122
F52022,10,c2only|orig,1007,1.0110511766470154e-05,250,0,4999
F52022,10,c2only|orig,1008,0.08952825057576774,250,0,4672
F52022,10,c2only|orig,1009,4.1702821818034863e-07,250,0,5090
F52022,10,c2only|orig,1010,1.8899527276516892e-08,250,0,5220
F52022,10,c2only|orig,1011,9.388739954374614e-07,250,0,5054
F52022,10,c2only|orig,1012,8.842948773235548e-08,250,0,4796
F52022,10,c2only|orig,1013,1.6816056813695468e-07,250,0,4972
F52022,10,c2only|orig,1014,1.1799136586887471e-05,250,0,5161
F52022,10,c2only|orig,1015,2.18541559888763e-05,250,0,5210
F52022,10,c2only|orig,1016,8.901344017431256e-07,250,0,5230
F52022,10,c2only|orig,1017,1.1786932986979082e-05,250,0,5112
F52022,10,c2only|orig,1018,1.6109424905152991e-09,250,0,4729
F52022,10,c2only|orig,1019,6.227867288544076e-08,250,0,5265
F52022,10,c2only|orig,1020,6.344857865769882e-07,250,0,5127
F52022,10,c2only|orig,1021,1.8323589756619185e-08,250,0,5078
F52022,10,c2only|orig,1022,8.244744549301686e-07,250,0,4929
F52022,10,c2only|orig,1023,5.4569682106375694e-12,250,0,4921
F52022,10,c2only|orig,1024,5.843855888088001e-08,250,0,4913
F52022,10,c2only|orig,1025,9.094947017729282e-12,250,0,4908
F52022,10,c2only|orig,1026,4.7110688683460467e-08,250,0,4880
F52022,10,c2only|orig,1027,3.0468072509393096e-11,250,0,4912
F52022,10,c2only|orig,1028,3.399838988116244e-08,250,0,4900
F52022,10,c2only|orig,1029,6.785696768929483e-07,250,0,5202
F62022,10,code3|orig,1000,895.3058995089077,166,21,3313
F62022,10,code3|orig,1001,799.4055125635182,166,34,3122
F62022,10,code3|orig,1002,204.94561436666572,166,25,2359
F62022,10,code3|orig,1003,15500.30816424343,166,27,3520
F62022,10,code3|orig,1004,6194.52452653958,166,23,3177
F62022,10,code3|orig,1005,447.80623176072186,166,25,1947
F62022,10,code3|orig,1006,6369.695554239395,166,18,3273
F62022,10,code3|orig,1007,5950.6886145686885,166,35,3249
F62022,10,code3|orig,1008,2616.570793314342,166,20,3277
F62022,10,code3|orig,1009,800.0325440265842,166,29,3253
F62022,10,code3|orig,1010,3421.141413551828,166,22,2938
F62022,10,code3|orig,1011,7599.016777780935,166,23,3364
F62022,10,code3|orig,1012,7542.466790112434,166,23,3492
F62022,10,code3|orig,1013,119.54548241412863,166,26,2087
F62022,10,code3|orig,1014,1030.8059551587776,166,22,3236
F62022,10,code3|orig,1015,6996.1113080211835,166,26,3525
F62022,10,code3|orig,1016,3444.9880973417103,166,23,3355
F62022,10,code3|orig,1017,1246.8304678713398,166,20,3115
F62022,10,code3|orig,1018,2078.134723600544,166,24,2536
F62022,10,code3|orig,1019,698.6645016067991,166,24,3199
F62022,10,code3|orig,1020,1071.5918133551213,166,25,3276
F62022,10,code3|orig,1021,1354.3304303808113,166,25,2911
F62022,10,code3|orig,1022,1046.6548331422446,166,22,2951
F62022,10,code3|orig,1023,1176.9432537101252,166,25,3381
F62022,10,code3|orig,1024,10408.778570317201,166,23,3360
F62022,10,code3|orig,1025,1371.698034588123,166,25,3208
F62022,10,code3|orig,1026,514.0447394150688,166,21,3370
F62022,10,code3|orig,1027,2202.445953109067,166,27,3342
F62022,10,code3|orig,1028,3946.223032180049,166,24,2879
F62022,10,code3|orig,1029,3179.2944574430676,166,21,3348
F62022,10,code3|centroid,1000,573.824501228477,166,798,2945
F62022,10,code3|centroid,1001,610.3953574284533,166,1317,2558
F62022,10,code3|centroid,1002,560.7061979373166,166,735,2485
F62022,10,code3|centroid,1003,14505.937124886997,166,939,2877
F62022,10,code3|centroid,1004,1684.2487227341862,166,803,2876
F62022,10,code3|centroid,1005,43.3780781826149,166,538,2669
F62022,10,code3|centroid,1006,520.2563119331126,166,792,2773
F62022,10,code3|centroid,1007,415.3269104098881,166,722,2966
F62022,10,code3|centroid,1008,75.69164294416737,166,1008,2712
F62022,10,code3|centroid,1009,62.862272927909316,166,1095,2472
F62022,10,code3|centroid,1010,10906.368677674936,166,599,2652
F62022,10,code3|centroid,1011,752.640234533927,166,930,2769
F62022,10,code3|centroid,1012,472.12690273874796,166,989,2589
F62022,10,code3|centroid,1013,648.6075624075211,166,713,2800
F62022,10,code3|centroid,1014,205.78747532289344,166,1027,2559
F62022,10,code3|centroid,1015,2148.964474542149,166,959,2680
F62022,10,code3|centroid,1016,11759.053546822139,166,1008,2685
F62022,10,code3|centroid,1017,1056.7539549956082,166,623,2986
F62022,10,code3|centroid,1018,186.55585207886725,166,848,2662
F62022,10,code3|centroid,1019,1091.0938246663477,166,1027,2741
F62022,10,code3|centroid,1020,5.123851147191544,166,1102,2577
F62022,10,code3|centroid,1021,460.172556734949,166,385,1921
F62022,10,code3|centroid,1022,80.41706611389691,166,846,2815
F62022,10,code3|centroid,1023,641.888824354437,166,551,2957
F62022,10,code3|centroid,1024,1570.2101904109109,166,642,2956
F62022,10,code3|centroid,1025,96.19932277734779,166,716,2450
F62022,10,code3|centroid,1026,286.10855789341304,166,684,2551
F62022,10,code3|centroid,1027,1969.2050649080566,166,949,2755
F62022,10,code3|centroid,1028,356.20656686864913,166,784,2751
F62022,10,code3|centroid,1029,549.1769395618585,166,1183,2693
F62022,10,paper2|orig,1000,138614.77809172007,250,20,406
F62022,10,paper2|orig,1001,39895.66521434022,250,30,466
F62022,10,paper2|orig,1002,36637.285407186515,250,24,495
F62022,10,paper2|orig,1003,35118.819431503485,250,33,454
F62022,10,paper2|orig,1004,57833.75473527827,250,25,469
F62022,10,paper2|orig,1005,68700.19486815283,250,29,506
F62022,10,paper2|orig,1006,37455.36252652463,250,22,476
F62022,10,paper2|orig,1007,51138.314307027526,250,28,417
F62022,10,paper2|orig,1008,38213.4154980526,250,22,449
F62022,10,paper2|orig,1009,36664.637884465395,250,28,477
F62022,10,paper2|orig,1010,26874.147030964905,250,19,452
F62022,10,paper2|orig,1011,21806.75119050369,250,29,433
F62022,10,paper2|orig,1012,43315.83124714407,250,22,458
F62022,10,paper2|orig,1013,24717.027835408924,250,18,440
F62022,10,paper2|orig,1014,76944.91382228135,250,24,458
F62022,10,paper2|orig,1015,31772.647037845352,250,32,598
F62022,10,paper2|orig,1016,47101.88858801106,250,28,502
F62022,10,paper2|orig,1017,66212.85948537476,250,23,464
F62022,10,paper2|orig,1018,45268.04071402799,250,29,444
F62022,10,paper2|orig,1019,60287.299936853306,250,31,446
F62022,10,paper2|orig,1020,24672.2373617584,250,25,505
F62022,10,paper2|orig,1021,45719.86933545677,250,30,433
F62022,10,paper2|orig,1022,45018.56398023987,250,27,477
F62022,10,paper2|orig,1023,36565.89117821827,250,27,478
F62022,10,paper2|orig,1024,27473.875853800135,250,31,480
F62022,10,paper2|orig,1025,56418.73021317286,250,30,490
F62022,10,paper2|orig,1026,67138.61833725206,250,29,463
F62022,10,paper2|orig,1027,46443.54413616915,250,30,432
F62022,10,paper2|orig,1028,29665.957739470574,250,23,481
F62022,10,paper2|orig,1029,56073.71254630928,250,21,444
F62022,10,paper2|centroid,1000,15781.622476999117,250,642,247
F62022,10,paper2|centroid,1001,7576.567057963162,250,574,354
F62022,10,paper2|centroid,1002,17675.29013756877,250,691,207
F62022,10,paper2|centroid,1003,5399.697448613519,250,555,265
F62022,10,paper2|centroid,1004,15342.65891442724,250,620,247
F62022,10,paper2|centroid,1005,8192.914909153278,250,925,307
F62022,10,paper2|centroid,1006,48030.98667355829,250,564,272
F62022,10,paper2|centroid,1007,7223.4287955196305,250,666,321
F62022,10,paper2|centroid,1008,48416.57785526861,250,503,282
F62022,10,paper2|centroid,1009,7819.448194317087,250,597,291
F62022,10,paper2|centroid,1010,7944.724566092114,250,624,238
F62022,10,paper2|centroid,1011,3694.2933524051887,250,566,298
F62022,10,paper2|centroid,1012,33086.73788595773,250,643,235
F62022,10,paper2|centroid,1013,3752.0786816583395,250,732,257
F62022,10,paper2|centroid,1014,14103.926108034277,250,573,206
F62022,10,paper2|centroid,1015,15369.405495898245,250,853,217
F62022,10,paper2|centroid,1016,13926.952435465526,250,619,252
F62022,10,paper2|centroid,1017,62543.139646511554,250,592,246
F62022,10,paper2|centroid,1018,16345.25335330204,250,481,219
F62022,10,paper2|centroid,1019,62176.500148611754,250,688,351
F62022,10,paper2|centroid,1020,5188.516010777192,250,486,305
F62022,10,paper2|centroid,1021,12938.251250382877,250,589,234
F62022,10,paper2|centroid,1022,4391.939415544121,250,658,282
F62022,10,paper2|centroid,1023,7302.584933282535,250,749,237
F62022,10,paper2|centroid,1024,9974.161957093153,250,725,216
F62022,10,paper2|centroid,1025,10613.760636397841,250,661,261
F62022,10,paper2|centroid,1026,16624.197481686657,250,709,324
F62022,10,paper2|centroid,1027,12050.994771083859,250,654,315
F62022,10,paper2|centroid,1028,26414.000266643958,250,726,240
F62022,10,paper2|centroid,1029,37677.90227080697,250,552,308
F62022,10,c2only|orig,1000,36.44232858990313,250,0,4836
F62022,10,c2only|orig,1001,4440.821101450092,250,0,4647
F62022,10,c2only|orig,1002,228.82017681601792,250,0,5088
F62022,10,c2only|orig,1003,2090.4371482849638,250,0,5076
F62022,10,c2only|orig,1004,86.96435089629358,250,0,5300
F62022,10,c2only|orig,1005,473.59793983256486,250,0,4983
F62022,10,c2only|orig,1006,5582.670426029542,250,0,5115
F62022,10,c2only|orig,1007,156.48171487064383,250,0,5291
F62022,10,c2only|orig,1008,1534.6944064601175,250,0,5020
F62022,10,c2only|orig,1009,744.6457334207798,250,0,5171
F62022,10,c2only|orig,1010,426.2205846831989,250,0,4319
F62022,10,c2only|orig,1011,1618.5003233788116,250,0,5372
F62022,10,c2only|orig,1012,133.23541325096994,250,0,3933
F62022,10,c2only|orig,1013,926.7023031533076,250,0,4893
F62022,10,c2only|orig,1014,270.6870018750333,250,0,3815
F62022,10,c2only|orig,1015,434.07203051248507,250,0,5057
F62022,10,c2only|orig,1016,3715.9270962276432,250,0,4100
F62022,10,c2only|orig,1017,3561.06176687847,250,0,5109
F62022,10,c2only|orig,1018,253.9761699741075,250,0,4344
F62022,10,c2only|orig,1019,714.2236824151523,250,0,5340
F62022,10,c2only|orig,1020,1599.2231455535466,250,0,4993
F62022,10,c2only|orig,1021,3384.1480825571125,250,0,4831
F62022,10,c2only|orig,1022,166.24518266689847,250,0,4309
F62022,10,c2only|orig,1023,6465.131770601329,250,0,5352
F62022,10,c2only|orig,1024,3299.5544066557504,250,0,5129
F62022,10,c2only|orig,1025,6795.112552885552,250,0,5195
F62022,10,c2only|orig,1026,232.11261656885063,250,0,5074
F62022,10,c2only|orig,1027,378.23884380856725,250,0,5127
F62022,10,c2only|orig,1028,129.65423303620605,249,0,4133
F62022,10,c2only|orig,1029,468.94930767420146,250,0,4452
F72022,10,code3|orig,1000,39.06706416583711,166,18,418
F72022,10,code3|orig,1001,37.60742222379781,166,28,385
F72022,10,code3|orig,1002,40.725278488782806,166,19,414
F72022,10,code3|orig,1003,36.67015982362955,166,21,395
F72022,10,code3|orig,1004,38.872417964614215,166,29,427
F72022,10,code3|orig,1005,35.04579457212617,166,23,444
F72022,10,code3|orig,1006,25.649005553906136,166,25,439
F72022,10,code3|orig,1007,31.159130348255303,166,25,408
F72022,10,code3|orig,1008,39.48497520586466,166,33,390
F72022,10,code3|orig,1009,30.0950219040094,166,22,439
F72022,10,code3|orig,1010,40.712601089823465,166,32,429
F72022,10,code3|orig,1011,27.791764485923295,166,23,440
F72022,10,code3|orig,1012,36.08996308395194,166,24,414
F72022,10,code3|orig,1013,30.02738589972091,166,28,385
F72022,10,code3|orig,1014,34.96829206673965,166,24,406
F72022,10,code3|orig,1015,42.83498296845846,166,28,387
F72022,10,code3|orig,1016,34.09743261225253,166,30,424
F72022,10,code3|orig,1017,18.81836584343364,166,37,458
F72022,10,code3|orig,1018,31.805905159935037,166,27,434
F72022,10,code3|orig,1019,37.98799692636612,166,32,376
F72022,10,code3|orig,1020,35.56777253134442,166,23,459
F72022,10,code3|orig,1021,40.374444159489485,166,25,456
F72022,10,code3|orig,1022,36.31980854454832,166,29,419
F72022,10,code3|orig,1023,34.67584641757685,166,25,414
F72022,10,code3|orig,1024,36.30123341690978,166,20,435
F72022,10,code3|orig,1025,32.10263063779371,166,29,400
F72022,10,code3|orig,1026,28.47951163711582,166,25,426
F72022,10,code3|orig,1027,42.764252285625616,166,25,428
F72022,10,code3|orig,1028,38.85507540392996,166,31,450
F72022,10,code3|orig,1029,33.224260567670626,166,28,391
F72022,10,code3|centroid,1000,35.39356610759023,166,147,336
F72022,10,code3|centroid,1001,25.27078945970993,166,121,341
F72022,10,code3|centroid,1002,34.43416994939207,166,166,311
F72022,10,code3|centroid,1003,33.10569180484231,166,163,344
F72022,10,code3|centroid,1004,36.231450902045935,166,172,345
F72022,10,code3|centroid,1005,39.53579419180437,166,126,343
F72022,10,code3|centroid,1006,20.510145520460583,166,134,375
F72022,10,code3|centroid,1007,39.46595133507276,166,144,332
F72022,10,code3|centroid,1008,36.31385424209816,166,122,334
F72022,10,code3|centroid,1009,34.92933120277735,166,161,336
F72022,10,code3|centroid,1010,32.875601973781386,166,137,378
F72022,10,code3|centroid,1011,31.811172333999366,166,170,369
F72022,10,code3|centroid,1012,32.183217501534955,166,173,318
F72022,10,code3|centroid,1013,136.14534324837996,166,158,338
F72022,10,code3|centroid,1014,36.44040021360274,166,175,305
F72022,10,code3|centroid,1015,33.162475173574876,166,146,343
F72022,10,code3|centroid,1016,33.27102243269337,166,153,375
F72022,10,code3|centroid,1017,33.294364511888716,166,114,317
F72022,10,code3|centroid,1018,33.52345106871303,166,177,322
F72022,10,code3|centroid,1019,28.022725042198317,166,133,361
F72022,10,code3|centroid,1020,27.20718419302898,166,173,361
F72022,10,code3|centroid,1021,34.71654215696071,166,196,285
F72022,10,code3|centroid,1022,32.482768362626985,166,180,335
F72022,10,code3|centroid,1023,32.84841770692674,166,169,328
F72022,10,code3|centroid,1024,30.415317703033224,166,160,319
F72022,10,code3|centroid,1025,36.60211734514951,166,128,339
F72022,10,code3|centroid,1026,41.52821813378819,166,149,297
F72022,10,code3|centroid,1027,35.46776382450207,166,190,339
F72022,10,code3|centroid,1028,42.742606221929464,166,148,323
F72022,10,code3|centroid,1029,36.47463022158672,166,118,332
F72022,10,paper2|orig,1000,37.40495823417655,250,30,400
F72022,10,paper2|orig,1001,40.14452489073983,250,24,413
F72022,10,paper2|orig,1002,40.1283046642136,250,35,389
F72022,10,paper2|orig,1003,47.44330357772378,250,22,367
F72022,10,paper2|orig,1004,33.5098024767733,250,35,437
F72022,10,paper2|orig,1005,42.03086145133102,250,44,362
F72022,10,paper2|orig,1006,41.478316564801844,250,36,379
F72022,10,paper2|orig,1007,40.4791414614308,250,32,404
F72022,10,paper2|orig,1008,43.12325454558936,250,37,393
F72022,10,paper2|orig,1009,33.023883137851044,250,32,367
F72022,10,paper2|orig,1010,38.782712386388994,250,35,407
F72022,10,paper2|orig,1011,56.887835857749906,250,31,344
F72022,10,paper2|orig,1012,49.78422469208135,250,45,374
F72022,10,paper2|orig,1013,39.42559546759412,250,26,375
F72022,10,paper2|orig,1014,36.20589894592217,250,39,409
F72022,10,paper2|orig,1015,44.583483961251886,250,30,386
F72022,10,paper2|orig,1016,38.70938174021444,250,39,374
F72022,10,paper2|orig,1017,47.918742291675926,250,36,406
F72022,10,paper2|orig,1018,43.82260348522459,250,35,378
F72022,10,paper2|orig,1019,49.0522158272629,250,40,387
F72022,10,paper2|orig,1020,42.837476124085924,250,30,407
F72022,10,paper2|orig,1021,45.3594267814849,250,36,354
F72022,10,paper2|orig,1022,35.94745816230875,250,31,372
F72022,10,paper2|orig,1023,36.82605893657751,250,28,385
F72022,10,paper2|orig,1024,34.46214385879193,250,30,397
F72022,10,paper2|orig,1025,46.23467456726917,250,31,398
F72022,10,paper2|orig,1026,37.707229064565354,250,32,395
F72022,10,paper2|orig,1027,35.13960314367068,250,45,431
F72022,10,paper2|orig,1028,56.926803675870815,250,36,380
F72022,10,paper2|orig,1029,48.17272819397749,250,30,364
F72022,10,paper2|centroid,1000,51.35542076479396,250,167,313
F72022,10,paper2|centroid,1001,35.30281980614609,250,304,264
F72022,10,paper2|centroid,1002,33.53497470695925,250,246,295
F72022,10,paper2|centroid,1003,27.358464664304165,250,284,248
F72022,10,paper2|centroid,1004,30.09327908132809,250,323,282
F72022,10,paper2|centroid,1005,135.8030146581723,250,312,215
F72022,10,paper2|centroid,1006,37.38675803909996,250,187,289
F72022,10,paper2|centroid,1007,149.48569529238603,250,248,257
F72022,10,paper2|centroid,1008,25.807757674472896,250,308,241
F72022,10,paper2|centroid,1009,32.62693691272034,250,303,305
F72022,10,paper2|centroid,1010,34.53355472633211,250,260,273
F72022,10,paper2|centroid,1011,31.168076247553017,250,256,278
F72022,10,paper2|centroid,1012,38.65837828986605,250,282,274
F72022,10,paper2|centroid,1013,46.35703189785863,250,197,245
F72022,10,paper2|centroid,1014,49.260472972631305,250,163,286
F72022,10,paper2|centroid,1015,37.92451201852714,250,346,279
F72022,10,paper2|centroid,1016,30.737574338183776,250,275,247
F72022,10,paper2|centroid,1017,37.44059207693772,250,242,224
F72022,10,paper2|centroid,1018,31.8769555985873,250,301,277
F72022,10,paper2|centroid,1019,43.93306497938988,250,287,252
F72022,10,paper2|centroid,1020,133.98779299530906,250,265,244
F72022,10,paper2|centroid,1021,46.12456295939637,250,180,271
F72022,10,paper2|centroid,1022,37.41886708914535,250,242,296
F72022,10,paper2|centroid,1023,41.95699461306026,250,264,282
F72022,10,paper2|centroid,1024,24.532253424401233,250,276,266
F72022,10,paper2|centroid,1025,31.671875645018872,250,262,287
F72022,10,paper2|centroid,1026,41.00785866363344,250,242,277
F72022,10,paper2|centroid,1027,35.60989150873661,250,244,281
F72022,10,paper2|centroid,1028,37.62163668747394,250,203,276
F72022,10,paper2|centroid,1029,54.401153684325436,250,116,265
F72022,10,c2only|orig,1000,30.41585439042001,250,0,529
F72022,10,c2only|orig,1001,31.21919163176085,250,0,496
F72022,10,c2only|orig,1002,30.5263299668743,250,0,481
F72022,10,c2only|orig,1003,33.75558256642262,250,0,500
F72022,10,c2only|orig,1004,32.985171807657025,250,0,503
F72022,10,c2only|orig,1005,36.43109285150308,250,0,509
F72022,10,c2only|orig,1006,28.14886295960764,250,0,514
F72022,10,c2only|orig,1007,28.116561785405793,250,0,535
F72022,10,c2only|orig,1008,27.735985857503238,250,0,526
F72022,10,c2only|orig,1009,36.76221368652227,250,0,514
F72022,10,c2only|orig,1010,42.89437078633728,250,0,504
F72022,10,c2only|orig,1011,31.982016165261484,250,0,473
F72022,10,c2only|orig,1012,35.74805401629419,250,0,486
F72022,10,c2only|orig,1013,33.136661130947914,250,0,508
F72022,10,c2only|orig,1014,34.32205843156089,250,0,495
F72022,10,c2only|orig,1015,29.986066545100584,250,0,525
F72022,10,c2only|orig,1016,41.677057961546325,250,0,474
F72022,10,c2only|orig,1017,37.65710261186268,250,0,491
F72022,10,c2only|orig,1018,28.537255645675486,250,0,531
F72022,10,c2only|orig,1019,39.27510876539645,250,0,460
F72022,10,c2only|orig,1020,35.30547618601099,250,0,512
F72022,10,c2only|orig,1021,36.43386519885371,250,0,489
F72022,10,c2only|orig,1022,33.03954806989964,250,0,471
F72022,10,c2only|orig,1023,30.208061091018862,250,0,520
F72022,10,c2only|orig,1024,29.544389312764224,250,0,476
F72022,10,c2only|orig,1025,43.04195890625647,250,0,472
F72022,10,c2only|orig,1026,33.363848047579495,250,0,498
F72022,10,c2only|orig,1027,30.448755298419655,250,0,504
F72022,10,c2only|orig,1028,31.976178882616523,250,0,506
F72022,10,c2only|orig,1029,35.719015586926844,250,0,485
F82022,10,code3|orig,1000,25.238620092682595,166,23,690
F82022,10,code3|orig,1001,5.9807695050121765,166,23,769
F82022,10,code3|orig,1002,26.587973716650595,166,26,668
F82022,10,code3|orig,1003,25.52934042643801,166,23,674
F82022,10,code3|orig,1004,25.554188315296415,166,20,641
F82022,10,code3|orig,1005,24.624182790211307,166,26,667
F82022,10,code3|orig,1006,8.880328361462489,166,24,747
F82022,10,code3|orig,1007,16.16984855758301,166,23,670
F82022,10,code3|orig,1008,25.09546554536837,166,25,617
F82022,10,code3|orig,1009,13.529013055542237,166,22,708
F82022,10,code3|orig,1010,25.096540695924432,166,23,673
F82022,10,code3|orig,1011,24.29295586409853,166,21,671
F82022,10,code3|orig,1012,24.31283229868359,166,21,673
F82022,10,code3|orig,1013,25.196937037140287,166,22,677
F82022,10,code3|orig,1014,24.49660641874698,166,21,693
F82022,10,code3|orig,1015,25.08858369845757,166,20,640
F82022,10,code3|orig,1016,12.672451328389798,166,21,710
F82022,10,code3|orig,1017,25.670180837287262,166,20,635
F82022,10,code3|orig,1018,25.822450752193618,166,21,682
F82022,10,code3|orig,1019,8.565017134200843,166,19,772
F82022,10,code3|orig,1020,13.54788472142991,166,22,660
F82022,10,code3|orig,1021,24.189901378113973,166,23,681
F82022,10,code3|orig,1022,26.018349441565988,166,17,643
F82022,10,code3|orig,1023,26.085475149143804,166,24,646
F82022,10,code3|orig,1024,23.605469007333795,166,22,673
F82022,10,code3|orig,1025,7.369336317586203,166,19,739
F82022,10,code3|orig,1026,25.61841875090977,166,25,615
F82022,10,code3|orig,1027,26.55111714033137,166,17,663
F82022,10,code3|orig,1028,24.208535833485712,166,23,696
F82022,10,code3|orig,1029,6.721263687589271,166,24,720
F82022,10,code3|centroid,1000,8.347161295393107,166,339,553
F82022,10,code3|centroid,1001,10.655054897875743,166,288,494
F82022,10,code3|centroid,1002,6.1919526564206535,166,377,500
F82022,10,code3|centroid,1003,24.319166580879937,166,338,450
F82022,10,code3|centroid,1004,12.179362732399568,166,254,546
F82022,10,code3|centroid,1005,15.043604676551695,166,310,506
F82022,10,code3|centroid,1006,5.672418879231827,166,279,515
F82022,10,code3|centroid,1007,23.93891820698127,166,319,440
F82022,10,code3|centroid,1008,25.506945885739697,166,330,455
F82022,10,code3|centroid,1009,25.8345509461451,166,314,442
F82022,10,code3|centroid,1010,25.89741541504054,166,284,461
F82022,10,code3|centroid,1011,12.932438456473392,166,352,514
F82022,10,code3|centroid,1012,11.085377887762206,166,252,502
F82022,10,code3|centroid,1013,24.787914791471394,166,312,506
F82022,10,code3|centroid,1014,25.241211951372406,166,290,457
F82022,10,code3|centroid,1015,26.822991754684608,166,353,443
F82022,10,code3|centroid,1016,25.421905240266824,166,322,449
F82022,10,code3|centroid,1017,22.44597328757027,166,294,466
F82022,10,code3|centroid,1018,6.463652113336593,166,325,504
F82022,10,code3|centroid,1019,16.136602847989252,166,268,454
F82022,10,code3|centroid,1020,7.3168366757518015,166,329,546
F82022,10,code3|centroid,1021,24.154105132134646,166,339,448
F82022,10,code3|centroid,1022,25.35529534010493,166,319,476
F82022,10,code3|centroid,1023,26.07761077628311,166,271,480
F82022,10,code3|centroid,1024,123.82649932165259,166,374,559
F82022,10,code3|centroid,1025,24.4464042774307,166,294,453
F82022,10,code3|centroid,1026,25.11512675101585,166,311,463
F82022,10,code3|centroid,1027,25.824067611543796,166,293,474
F82022,10,code3|centroid,1028,24.891439511317458,166,332,476
F82022,10,code3|centroid,1029,10.00806432780837,166,289,512
F82022,10,paper2|orig,1000,28.51009930978853,250,27,613
F82022,10,paper2|orig,1001,29.1285296963606,250,25,609
F82022,10,paper2|orig,1002,28.43386467304117,250,28,610
F82022,10,paper2|orig,1003,26.50321005305068,250,23,606
F82022,10,paper2|orig,1004,30.774721758625674,250,23,547
F82022,10,paper2|orig,1005,17.457061099273687,250,23,565
F82022,10,paper2|orig,1006,27.893717125301464,250,29,633
F82022,10,paper2|orig,1007,25.94279569871287,250,22,604
F82022,10,paper2|orig,1008,26.524953382595868,250,25,580
F82022,10,paper2|orig,1009,32.341045410742936,250,22,571
F82022,10,paper2|orig,1010,27.2952427893988,250,21,602
F82022,10,paper2|orig,1011,31.726590201846193,250,25,594
F82022,10,paper2|orig,1012,28.08291082652522,250,25,624
F82022,10,paper2|orig,1013,27.53488763406176,250,33,609
F82022,10,paper2|orig,1014,28.983094603391237,250,26,597
F82022,10,paper2|orig,1015,29.46849487866257,250,18,587
F82022,10,paper2|orig,1016,29.096306635470228,250,20,583
F82022,10,paper2|orig,1017,27.118604265559952,250,22,642
F82022,10,paper2|orig,1018,26.435587544031932,250,28,603
F82022,10,paper2|orig,1019,25.211909468333488,250,21,577
F82022,10,paper2|orig,1020,16.673679080644433,250,21,626
F82022,10,paper2|orig,1021,30.34113409113479,250,25,586
F82022,10,paper2|orig,1022,25.082607365119657,250,22,629
F82022,10,paper2|orig,1023,28.93009627807669,250,26,603
F82022,10,paper2|orig,1024,27.02702511724101,250,27,614
F82022,10,paper2|orig,1025,20.17697224550693,250,25,620
F82022,10,paper2|orig,1026,31.188859588373816,250,18,549
F82022,10,paper2|orig,1027,29.372014620367736,250,21,580
F82022,10,paper2|orig,1028,27.29800643932458,250,23,574
F82022,10,paper2|orig,1029,29.745166763792895,250,25,656
F82022,10,paper2|centroid,1000,21.545161052984895,250,593,356
F82022,10,paper2|centroid,1001,26.690057045129834,250,684,346
F82022,10,paper2|centroid,1002,13.068131203808662,250,595,371
F82022,10,paper2|centroid,1003,24.405603673242695,250,516,342
F82022,10,paper2|centroid,1004,23.195717724378483,250,562,376
F82022,10,paper2|centroid,1005,25.136109182996734,250,511,359
F82022,10,paper2|centroid,1006,24.10840852188585,250,584,328
F82022,10,paper2|centroid,1007,27.802096323982823,250,557,343
F82022,10,paper2|centroid,1008,24.516158405769602,250,594,353
F82022,10,paper2|centroid,1009,24.3727607452156,250,491,353
F82022,10,paper2|centroid,1010,24.589727658027186,250,527,370
F82022,10,paper2|centroid,1011,25.61115574894484,250,620,338
F82022,10,paper2|centroid,1012,24.838579357610342,250,521,360
F82022,10,paper2|centroid,1013,25.205314188536704,250,609,356
F82022,10,paper2|centroid,1014,26.366655167008958,250,559,350
F82022,10,paper2|centroid,1015,26.777786131351604,250,595,361
F82022,10,paper2|centroid,1016,23.755347669644834,250,634,322
F82022,10,paper2|centroid,1017,11.041751710296921,250,510,410
F82022,10,paper2|centroid,1018,25.722737247730947,250,552,314
F82022,10,paper2|centroid,1019,25.484695361973536,250,572,325
F82022,10,paper2|centroid,1020,25.253361350792147,250,678,335
F82022,10,paper2|centroid,1021,10.211486724648239,250,643,368
F82022,10,paper2|centroid,1022,26.077454949400362,250,571,388
F82022,10,paper2|centroid,1023,12.862931090644906,250,576,433
F82022,10,paper2|centroid,1024,25.3263450873319,250,582,356
F82022,10,paper2|centroid,1025,23.637213718798648,250,574,309
F82022,10,paper2|centroid,1026,25.757100604687366,250,580,378
F82022,10,paper2|centroid,1027,25.55626337240119,250,592,342
F82022,10,paper2|centroid,1028,14.888610697833883,250,563,359
F82022,10,paper2|centroid,1029,18.278973387024962,250,584,368
F82022,10,c2only|orig,1000,25.682765899570313,250,0,741
F82022,10,c2only|orig,1001,25.464785047467103,250,0,768
F82022,10,c2only|orig,1002,24.784796012465904,250,0,801
F82022,10,c2only|orig,1003,8.141305601626755,250,0,902
F82022,10,c2only|orig,1004,12.10744192683569,250,0,766
F82022,10,c2only|orig,1005,7.757923227902211,250,0,863
F82022,10,c2only|orig,1006,25.18947764713039,250,0,760
F82022,10,c2only|orig,1007,24.50372432020731,250,0,764
F82022,10,c2only|orig,1008,24.560436732545895,250,0,762
F82022,10,c2only|orig,1009,25.118414920631494,250,0,752
F82022,10,c2only|orig,1010,24.57112712818798,250,0,723
F82022,10,c2only|orig,1011,8.104324383246421,250,0,888
F82022,10,c2only|orig,1012,10.617737275613308,250,0,831
F82022,10,c2only|orig,1013,23.61530705780615,250,0,759
F82022,10,c2only|orig,1014,6.642117094611422,250,0,929
F82022,10,c2only|orig,1015,8.465831277037523,250,0,847
F82022,10,c2only|orig,1016,7.516631478081763,250,0,847
F82022,10,c2only|orig,1017,24.557088640508027,250,0,763
F82022,10,c2only|orig,1018,24.146018714766797,250,0,724
F82022,10,c2only|orig,1019,10.843851700331015,250,0,862
F82022,10,c2only|orig,1020,15.047573140142504,250,0,815
F82022,10,c2only|orig,1021,6.791856279530748,250,0,868
F82022,10,c2only|orig,1022,7.555787877972307,250,0,879
F82022,10,c2only|orig,1023,24.174454498860996,250,0,793
F82022,10,c2only|orig,1024,24.6776656421157,250,0,744
F82022,10,c2only|orig,1025,7.472550651583333,250,0,816
F82022,10,c2only|orig,1026,25.6367806774565,250,0,744
F82022,10,c2only|orig,1027,25.807891348210887,250,0,733
F82022,10,c2only|orig,1028,25.623848764433205,250,0,748
F82022,10,c2only|orig,1029,25.659530601472852,250,0,732
F92022,10,code3|orig,1000,0.00027077197592006996,166,27,3268
F92022,10,code3|orig,1001,0.0005454200872918591,166,24,3563
F92022,10,code3|orig,1002,359.09438713180316,166,26,3749
F92022,10,code3|orig,1003,2.433944746371708e-05,166,23,3410
F92022,10,code3|orig,1004,0.0001612871506040392,166,33,3344
F92022,10,code3|orig,1005,2.6504720153752714e-05,166,43,3548
F92022,10,code3|orig,1006,0.0002788525785035745,166,32,2912
F92022,10,code3|orig,1007,7.298404761968413e-05,166,27,3480
F92022,10,code3|orig,1008,6.103193936723983e-05,166,21,3345
F92022,10,code3|orig,1009,0.00025517641006445047,166,24,3315
F92022,10,code3|orig,1010,1.9682865058712196e-05,166,23,3351
F92022,10,code3|orig,1011,4.362596837381716e-05,166,28,3411
F92022,10,code3|orig,1012,1.2168480679974891e-05,166,33,3421
F92022,10,code3|orig,1013,2.0592119653883856e-05,166,24,3384
F92022,10,code3|orig,1014,1.767278672559769e-05,166,25,3443
F92022,10,code3|orig,1015,4.264405833964702e-05,166,28,3410
F92022,10,code3|orig,1016,7.304288374143653e-06,166,36,3719
F92022,10,code3|orig,1017,0.001031893265007966,166,24,3653
F92022,10,code3|orig,1018,3.06262300000526e-05,166,33,3586
F92022,10,code3|orig,1019,8.542601335648214e-06,166,24,3623
F92022,10,code3|orig,1020,366.11569080349045,166,25,3829
F92022,10,code3|orig,1021,359.09435608450167,166,40,3417
F92022,10,code3|orig,1022,359.0957561546238,166,27,3823
F92022,10,code3|orig,1023,4.4200769480085e-06,166,22,3309
F92022,10,code3|orig,1024,359.0943454716016,166,28,3753
F92022,10,code3|orig,1025,1.942745984706562e-05,166,27,3431
F92022,10,code3|orig,1026,1.3031362868787255e-06,166,31,3498
F92022,10,code3|orig,1027,5.7773228945734445e-05,166,25,3464
F92022,10,code3|orig,1028,0.0001729909472487634,166,32,3390
F92022,10,code3|orig,1029,0.001609071178791055,166,26,3352
F92022,10,code3|centroid,1000,359.0943447803602,166,1808,1352
F92022,10,code3|centroid,1001,359.0943447803679,166,2463,1746
F92022,10,code3|centroid,1002,359.0943447803629,166,2448,1806
F92022,10,code3|centroid,1003,359.09434478036064,166,2084,1531
F92022,10,code3|centroid,1004,359.0943447803602,166,1546,1387
F92022,10,code3|centroid,1005,4.547473508864641e-13,166,1456,1741
F92022,10,code3|centroid,1006,359.0943447803602,166,1541,1402
F92022,10,code3|centroid,1007,359.0943447803602,166,1660,1336
F92022,10,code3|centroid,1008,9.094947017729282e-13,166,1735,1464
F92022,10,code3|centroid,1009,359.094344780362,166,1974,1552
F92022,10,code3|centroid,1010,359.09434478035973,166,1849,1513
F92022,10,code3|centroid,1011,359.0943447803643,166,2256,1530
F92022,10,code3|centroid,1012,359.09434478036064,166,1399,1356
F92022,10,code3|centroid,1013,359.0943447803611,166,1693,1455
F92022,10,code3|centroid,1014,359.0943447803602,166,1505,1270
F92022,10,code3|centroid,1015,359.09434478036655,166,1966,1470
F92022,10,code3|centroid,1016,1.3642420526593924e-12,166,1498,1780
F92022,10,code3|centroid,1017,359.09434478057665,166,2653,1899
F92022,10,code3|centroid,1018,359.0943447803593,166,1560,1287
F92022,10,code3|centroid,1019,359.094344780362,166,1543,1369
F92022,10,code3|centroid,1020,359.0943447803611,166,1634,1485
F92022,10,code3|centroid,1021,359.09434478036565,166,2250,1543
F92022,10,code3|centroid,1022,359.094344780362,166,2551,1877
F92022,10,code3|centroid,1023,359.094347953534,166,2643,1893
F92022,10,code3|centroid,1024,359.0943447803602,166,1359,1297
F92022,10,code3|centroid,1025,359.094344780362,166,1746,1376
F92022,10,code3|centroid,1026,359.19280567948226,166,2556,2001
F92022,10,code3|centroid,1027,359.094344780362,166,1697,1384
F92022,10,code3|centroid,1028,359.09434478035973,166,1634,1364
F92022,10,code3|centroid,1029,359.0943447803652,166,1964,1444
F92022,10,paper2|orig,1000,359.094384774693,250,39,1989
F92022,10,paper2|orig,1001,2.3024904294288717e-07,250,30,2883
F92022,10,paper2|orig,1002,359.0943448111211,250,26,2476
F92022,10,paper2|orig,1003,6.101213330111932e-07,250,36,2808
F92022,10,paper2|orig,1004,359.09434547279534,250,28,2576
F92022,10,paper2|orig,1005,2.1687856133212335e-07,250,50,2925
F92022,10,paper2|orig,1006,3.493187250569463e-08,250,48,3033
F92022,10,paper2|orig,1007,1.0559915608610027e-07,250,26,2768
F92022,10,paper2|orig,1008,2.8800377549487166e-07,250,22,2904
F92022,10,paper2|orig,1009,1.310972493229201e-06,250,28,2522
F92022,10,paper2|orig,1010,7.690341590205207e-07,250,36,2573
F92022,10,paper2|orig,1011,8.330125638167374e-07,250,35,2868
F92022,10,paper2|orig,1012,7.871949492255226e-08,250,35,3008
F92022,10,paper2|orig,1013,2.850561031664256e-07,250,24,2829
F92022,10,paper2|orig,1014,2.1351524992496707e-07,250,36,3063
F92022,10,paper2|orig,1015,5.687661541742273e-07,250,41,3125
F92022,10,paper2|orig,1016,9.4958068075357e-08,250,39,3024
F92022,10,paper2|orig,1017,359.0943449179922,249,35,2227
F92022,10,paper2|orig,1018,1.269329459319124e-06,250,36,2729
F92022,10,paper2|orig,1019,1.9556136976461858e-07,250,24,2809
F92022,10,paper2|orig,1020,4.750972948386334e-08,250,31,3001
F92022,10,paper2|orig,1021,2.552660589572042e-07,250,42,2836
F92022,10,paper2|orig,1022,9.898485586745664e-08,250,33,2614
F92022,10,paper2|orig,1023,2.581832632131409e-07,250,25,2944
F92022,10,paper2|orig,1024,8.281845111923758e-07,250,46,2697
F92022,10,paper2|orig,1025,6.806685632909648e-07,250,30,2772
F92022,10,paper2|orig,1026,359.0943447894588,249,43,2334
F92022,10,paper2|orig,1027,3.1373883757623844e-07,250,31,2997
F92022,10,paper2|orig,1028,359.09456893989545,250,29,2112
F92022,10,paper2|orig,1029,9.383074939250946e-08,250,37,2877
F92022,10,paper2|centroid,1000,359.0943447803602,248,2203,1208
F92022,10,paper2|centroid,1001,359.0943447806144,250,4183,1409
F92022,10,paper2|centroid,1002,359.09434478046705,250,3807,1549
F92022,10,paper2|centroid,1003,359.0943447803629,249,3871,1319
F92022,10,paper2|centroid,1004,359.094344780362,249,2557,1193
F92022,10,paper2|centroid,1005,359.09434478036064,249,3904,1422
F92022,10,paper2|centroid,1006,359.09434478036064,249,2907,1235
F92022,10,paper2|centroid,1007,359.0943447803634,248,2239,1138
F92022,10,paper2|centroid,1008,359.09434478035973,249,2606,1213
F92022,10,paper2|centroid,1009,359.09434478035973,249,2467,1222
F92022,10,paper2|centroid,1010,359.0943447803638,250,4326,1423
F92022,10,paper2|centroid,1011,359.0943447803602,249,2909,1217
F92022,10,paper2|centroid,1012,359.0943447803611,248,2313,1118
F92022,10,paper2|centroid,1013,359.0943447803602,248,2170,1144
F92022,10,paper2|centroid,1014,359.0943447803602,249,2981,1204
F92022,10,paper2|centroid,1015,359.09434478035973,248,2259,1205
F92022,10,paper2|centroid,1016,1.3642420526593924e-12,249,1326,2152
F92022,10,paper2|centroid,1017,359.09434478036565,249,3638,1308
F92022,10,paper2|centroid,1018,359.09505345438583,249,4111,1357
F92022,10,paper2|centroid,1019,359.0943447803602,249,3154,1270
F92022,10,paper2|centroid,1020,359.0943447803902,250,4558,1401
F92022,10,paper2|centroid,1021,359.0943447803602,248,2341,1125
F92022,10,paper2|centroid,1022,359.0943447803602,248,2303,1195
F92022,10,paper2|centroid,1023,359.09434478036655,249,2793,1221
F92022,10,paper2|centroid,1024,359.0943447803611,249,2842,1237
F92022,10,paper2|centroid,1025,359.0943447803611,249,2879,1237
F92022,10,paper2|centroid,1026,359.09434478035973,249,2579,1230
F92022,10,paper2|centroid,1027,359.0943447803793,249,2438,1887
F92022,10,paper2|centroid,1028,359.09434478035973,249,2522,1363
F92022,10,paper2|centroid,1029,359.09434478036064,249,3427,1321
F92022,10,c2only|orig,1000,1.318767317570746e-10,250,0,4791
F92022,10,c2only|orig,1001,1.9274011719971895e-08,250,0,5341
F92022,10,c2only|orig,1002,8.234837878262624e-08,250,0,5842
F92022,10,c2only|orig,1003,6.0592856243602e-07,250,0,5198
F92022,10,c2only|orig,1004,2.952992872451432e-08,250,0,5409
F92022,10,c2only|orig,1005,3.124159775325097e-08,250,0,5354
F92022,10,c2only|orig,1006,4.552020982373506e-10,250,0,5223
F92022,10,c2only|orig,1007,2.3519532987847924e-09,250,0,5282
F92022,10,c2only|orig,1008,6.704431143589318e-08,250,0,5564
F92022,10,c2only|orig,1009,359.0943453585078,250,0,5676
F92022,10,c2only|orig,1010,2.1098003344377503e-08,250,0,5433
F92022,10,c2only|orig,1011,6.275513442233205e-11,250,0,5324
F92022,10,c2only|orig,1012,2.660272002685815e-10,250,0,5168
F92022,10,c2only|orig,1013,8.161805453710258e-09,250,0,5402
F92022,10,c2only|orig,1014,359.0983651755482,250,0,5711
F92022,10,c2only|orig,1015,1.1154043022543192e-08,250,0,5424
F92022,10,c2only|orig,1016,1.4153101801639423e-08,250,0,5412
F92022,10,c2only|orig,1017,4.1109160520136356e-10,250,0,5331
F92022,10,c2only|orig,1018,2.6634552341420203e-09,250,0,5262
F92022,10,c2only|orig,1019,3.060131348320283e-08,250,0,5361
F92022,10,c2only|orig,1020,5.391029844759032e-09,250,0,5389
F92022,10,c2only|orig,1021,1.8153514247387648e-09,250,0,5609
F92022,10,c2only|orig,1022,7.839389581931755e-09,250,0,5341
F92022,10,c2only|orig,1023,359.09591083501255,250,0,5776
F92022,10,c2only|orig,1024,359.0950240137463,250,0,5393
F92022,10,c2only|orig,1025,1.7807906260713935e-09,250,0,5221
F92022,10,c2only|orig,1026,359.0943447970485,250,0,5322
F92022,10,c2only|orig,1027,1.4870238373987377e-10,250,0,4894
F92022,10,c2only|orig,1028,359.0951117532504,250,0,5825
F92022,10,c2only|orig,1029,1.4157649275148287e-08,250,0,5286
F102022,10,code3|orig,1000,222.1744017011806,166,28,3249
F102022,10,code3|orig,1001,223.34503252549848,166,29,3200
F102022,10,code3|orig,1002,221.3494277103664,166,27,3029
F102022,10,code3|orig,1003,222.68073990484982,166,29,2894
F102022,10,code3|orig,1004,221.12484366671333,166,26,3009
F102022,10,code3|orig,1005,223.7332364304266,166,25,3336
F102022,10,code3|orig,1006,226.86083373712836,166,31,2570
F102022,10,code3|orig,1007,326.33081638091744,166,22,1044
F102022,10,code3|orig,1008,222.47387669345335,166,28,3042
F102022,10,code3|orig,1009,223.458375268518,166,25,3526
F102022,10,code3|orig,1010,222.67177385726472,166,22,2887
F102022,10,code3|orig,1011,223.00446029555178,166,29,3353
F102022,10,code3|orig,1012,222.537687513322,166,28,3139
F102022,10,code3|orig,1013,222.4738766511823,166,30,2639
F102022,10,code3|orig,1014,328.4050657017201,166,28,2269
F102022,10,code3|orig,1015,220.8729810772561,166,36,2946
F102022,10,code3|orig,1016,223.07009206558587,166,37,3456
F102022,10,code3|orig,1017,220.87265085808758,166,31,3567
F102022,10,code3|orig,1018,223.23561086313748,166,25,2917
F102022,10,code3|orig,1019,221.1231963772957,166,24,3724
F102022,10,code3|orig,1020,229.92094813222502,166,31,3093
F102022,10,code3|orig,1021,222.53768757555918,166,21,3280
F102022,10,code3|orig,1022,221.12205755991135,166,28,2972
F102022,10,code3|orig,1023,221.34959479283862,166,27,3662
F102022,10,code3|orig,1024,220.87264975686503,166,27,2899
F102022,10,code3|orig,1025,222.17440078401341,166,34,3148
F102022,10,code3|orig,1026,223.00271123652146,166,38,2992
F102022,10,code3|orig,1027,222.53768749293795,166,26,3572
F102022,10,code3|orig,1028,228.16632138222212,166,28,3177
F102022,10,code3|orig,1029,222.47387664133657,166,28,3321
F102022,10,code3|centroid,1000,223.22724385304628,166,566,2619
F102022,10,code3|centroid,1001,221.625667771189,166,1004,2001
F102022,10,code3|centroid,1002,222.19800379326944,166,319,2762
F102022,10,code3|centroid,1003,220.9610006406415,166,743,1810
F102022,10,code3|centroid,1004,222.44094414026995,166,127,1796
F102022,10,code3|centroid,1005,223.00120911132944,166,791,2783
F102022,10,code3|centroid,1006,317.33271963962625,166,575,1593
F102022,10,code3|centroid,1007,223.00324332380933,166,836,2633
F102022,10,code3|centroid,1008,325.7591046932271,166,644,986
F102022,10,code3|centroid,1009,223.40429704105827,166,624,1977
F102022,10,code3|centroid,1010,318.2250259215716,166,729,1575
F102022,10,code3|centroid,1011,221.1220572825241,166,686,2057
F102022,10,code3|centroid,1012,222.06434591371817,166,358,2753
F102022,10,code3|centroid,1013,222.06295200101385,166,483,2264
F102022,10,code3|centroid,1014,222.06439505267144,166,284,2372
F102022,10,code3|centroid,1015,221.1220572825241,166,542,2208
F102022,10,code3|centroid,1016,222.5376874926992,166,805,2118
F102022,10,code3|centroid,1017,221.3494272349849,166,1088,1628
F102022,10,code3|centroid,1018,222.47387661441644,166,620,2036
F102022,10,code3|centroid,1019,221.3494272349849,166,1063,1397
F102022,10,code3|centroid,1020,222.15165065229667,166,947,1712
F102022,10,code3|centroid,1021,220.87264974898017,166,1224,1436
F102022,10,code3|centroid,1022,222.4324714761451,166,553,2610
F102022,10,code3|centroid,1023,223.13743887490773,166,454,2875
F102022,10,code3|centroid,1024,324.1099080704289,166,377,1717
F102022,10,code3|centroid,1025,221.19629065656363,166,669,2665
F102022,10,code3|centroid,1026,322.7382276901567,166,698,1039
F102022,10,code3|centroid,1027,222.4738766144169,166,1091,1400
F102022,10,code3|centroid,1028,221.1220572825241,166,1116,1335
F102022,10,code3|centroid,1029,223.73323643040703,166,711,1803
F102022,10,paper2|orig,1000,222.06886615778603,250,34,1223
F102022,10,paper2|orig,1001,221.42568006083638,250,32,1203
F102022,10,paper2|orig,1002,222.1037799992464,249,34,1544
F102022,10,paper2|orig,1003,220.8726497489797,250,41,2954
F102022,10,paper2|orig,1004,222.15165065229803,250,30,2459
F102022,10,paper2|orig,1005,222.07691861767944,249,32,1230
F102022,10,paper2|orig,1006,323.1911070435672,250,30,1424
F102022,10,paper2|orig,1007,222.47387661442053,250,26,2261
F102022,10,paper2|orig,1008,222.47387661441644,250,35,2608
F102022,10,paper2|orig,1009,220.8726497489797,249,33,2681
F102022,10,paper2|orig,1010,220.96100064192842,250,41,1972
F102022,10,paper2|orig,1011,221.12205728254503,250,28,2336
F102022,10,paper2|orig,1012,221.12205728252593,250,32,2517
F102022,10,paper2|orig,1013,222.0635850295539,250,38,1408
F102022,10,paper2|orig,1014,314.4966733257361,250,32,1353
F102022,10,paper2|orig,1015,314.9728282146384,250,43,1264
F102022,10,paper2|orig,1016,221.12205728252457,250,32,2643
F102022,10,paper2|orig,1017,221.58248600757224,249,41,1196
F102022,10,paper2|orig,1018,222.1516506522962,249,32,2728
F102022,10,paper2|orig,1019,222.4738766144169,250,37,2642
F102022,10,paper2|orig,1020,223.45837526833748,249,49,2659
F102022,10,paper2|orig,1021,222.53768749286928,250,34,3241
F102022,10,paper2|orig,1022,228.16632138199475,250,30,2494
F102022,10,paper2|orig,1023,222.15165065229576,249,32,2706
F102022,10,paper2|orig,1024,221.24653895388838,250,45,1059
F102022,10,paper2|orig,1025,220.87264974898017,250,44,2510
F102022,10,paper2|orig,1026,220.8726497489797,250,38,2565
F102022,10,paper2|orig,1027,222.5376874929434,250,36,2601
F102022,10,paper2|orig,1028,222.1516506522962,249,35,2810
F102022,10,paper2|orig,1029,222.1516506522962,250,28,2596
F102022,10,paper2|centroid,1000,220.8726497489797,249,359,2420
F102022,10,paper2|centroid,1001,221.1220572825241,249,537,2502
F102022,10,paper2|centroid,1002,220.87264974898198,250,330,2195
F102022,10,paper2|centroid,1003,222.1516506522962,249,479,2684
F102022,10,paper2|centroid,1004,220.87264974898017,249,1135,1750
F102022,10,paper2|centroid,1005,222.53768749269875,249,719,2165
F102022,10,paper2|centroid,1006,335.9782617001656,250,152,347
F102022,10,paper2|centroid,1007,314.9726276791266,250,883,1018
F102022,10,paper2|centroid,1008,323.2351244170259,250,157,802
F102022,10,paper2|centroid,1009,221.1220572825241,249,1212,2173
F102022,10,paper2|centroid,1010,221.12205728252457,249,324,2332
F102022,10,paper2|centroid,1011,220.8726497489797,249,1088,1935
F102022,10,paper2|centroid,1012,221.12205728252593,249,541,2461
F102022,10,paper2|centroid,1013,221.1220572825241,249,1504,2080
F102022,10,paper2|centroid,1014,324.20287016657494,250,125,536
F102022,10,paper2|centroid,1015,222.17440007751338,250,143,2803
F102022,10,paper2|centroid,1016,220.87264974898017,250,190,2502
F102022,10,paper2|centroid,1017,220.87264974898062,250,273,2508
F102022,10,paper2|centroid,1018,222.4738766144169,249,1137,1993
F102022,10,paper2|centroid,1019,220.8726497489797,249,1199,1808
F102022,10,paper2|centroid,1020,222.1516506522962,249,641,2232
F102022,10,paper2|centroid,1021,221.1220572825241,249,1107,1829
F102022,10,paper2|centroid,1022,220.8726497489797,249,799,2219
F102022,10,paper2|centroid,1023,222.47387661441644,248,1619,1414
F102022,10,paper2|centroid,1024,222.17440007749474,249,353,2377
F102022,10,paper2|centroid,1025,314.49667426595306,250,139,1292
F102022,10,paper2|centroid,1026,220.8726497489797,249,599,2250
F102022,10,paper2|centroid,1027,220.8726497489797,250,453,2434
F102022,10,paper2|centroid,1028,221.12205728252502,250,752,2378
F102022,10,paper2|centroid,1029,223.45837526833793,250,690,2860
F102022,10,c2only|orig,1000,222.1516506839048,250,0,4780
F102022,10,c2only|orig,1001,221.42374412869367,250,0,3604
F102022,10,c2only|orig,1002,223.07480260293687,250,0,4549
F102022,10,c2only|orig,1003,222.0631683491183,250,0,4125
F102022,10,c2only|orig,1004,221.4234918139,250,0,4000
F102022,10,c2only|orig,1005,223.45837526835203,250,0,4671
F102022,10,c2only|orig,1006,222.94744067489273,250,0,3601
F102022,10,c2only|orig,1007,222.1744000775061,250,0,4126
F102022,10,c2only|orig,1008,225.47336492590057,250,0,4621
F102022,10,c2only|orig,1009,222.53768749271512,250,0,4936
F102022,10,c2only|orig,1010,228.65507120635948,249,0,3776
F102022,10,c2only|orig,1011,223.22898099245685,250,0,4331
F102022,10,c2only|orig,1012,221.56867094246536,250,0,4194
F102022,10,c2only|orig,1013,223.3410186047954,250,0,4107
F102022,10,c2only|orig,1014,223.0009330134344,250,0,4189
F102022,10,c2only|orig,1015,222.5376874929384,250,0,5002
F102022,10,c2only|orig,1016,221.52375777746283,250,0,3839
F102022,10,c2only|orig,1017,222.10426765043485,250,0,4254
F102022,10,c2only|orig,1018,221.23776522841717,250,0,4607
F102022,10,c2only|orig,1019,222.19820125584783,250,0,4490
F102022,10,c2only|orig,1020,222.47387661442008,250,0,5257
F102022,10,c2only|orig,1021,222.15165065229758,249,0,4038
F102022,10,c2only|orig,1022,220.87264982753322,250,0,4885
F102022,10,c2only|orig,1023,223.45837526833793,249,0,3675
F102022,10,c2only|orig,1024,222.53768749350138,250,0,4447
F102022,10,c2only|orig,1025,223.07009206149996,250,0,4211
F102022,10,c2only|orig,1026,222.06407884251075,250,0,3934
F102022,10,c2only|orig,1027,221.12205728252684,249,0,3626
F102022,10,c2only|orig,1028,221.5249107861764,250,0,4859
F102022,10,c2only|orig,1029,221.12205728252457,249,0,2873
F112022,10,code3|orig,1000,9.585192856320646e-06,166,20,3711
F112022,10,code3|orig,1001,8.898273335944396e-07,166,35,3629
F112022,10,code3|orig,1002,876.0688983265504,166,31,3479
F112022,10,code3|orig,1003,2.060895803879248e-05,166,28,3852
F112022,10,code3|orig,1004,1.317437136094668e-05,166,20,3335
F112022,10,code3|orig,1005,7.344624464167282e-09,166,29,3301
F112022,10,code3|orig,1006,2.350693648622837e-07,166,43,3743
F112022,10,code3|orig,1007,2.3693991352047306e-05,166,23,3666
F112022,10,code3|orig,1008,0.011945248490974336,166,36,3565
F112022,10,code3|orig,1009,0.00013447733954308205,166,29,3667
F112022,10,code3|orig,1010,2.4431431029370287e-05,166,29,3863
F112022,10,code3|orig,1011,1.2181987585790921e-05,166,30,3435
F112022,10,code3|orig,1012,4.1178564515576e-05,166,45,3528
F112022,10,code3|orig,1013,3.0955879992689006e-07,166,28,3668
F112022,10,code3|orig,1014,1.0808566912601236e-06,166,24,3406
F112022,10,code3|orig,1015,6.243518737392151e-05,166,45,3508
F112022,10,code3|orig,1016,1.261732631974155e-05,166,40,3837
F112022,10,code3|orig,1017,5.181246933716466e-05,166,35,3865
F112022,10,code3|orig,1018,8.620295375294518e-07,166,36,3444
F112022,10,code3|orig,1019,4.1515760131005663e-05,166,26,3636
F112022,10,code3|orig,1020,6.87000510879443e-06,166,37,3495
F112022,10,code3|orig,1021,7.799867762514623e-05,166,49,3570
F112022,10,code3|orig,1022,1.3925300663686357e-06,166,28,3548
F112022,10,code3|orig,1023,6.130751944510848e-05,166,23,3572
F112022,10,code3|orig,1024,22.425596250340732,166,29,3450
F112022,10,code3|orig,1025,1.547962119730073e-05,166,31,3322
F112022,10,code3|orig,1026,1.395240360579919e-06,166,31,3610
F112022,10,code3|orig,1027,2.961161771963816e-05,166,25,3799
F112022,10,code3|orig,1028,0.00019469750668577035,166,31,3819
F112022,10,code3|orig,1029,1.9347534362168517e-05,166,29,3569
F112022,10,code3|centroid,1000,4.547473508864641e-13,166,1787,1567
F112022,10,code3|centroid,1001,9.094947017729282e-13,166,1725,1601
F112022,10,code3|centroid,1002,876.9248252571206,166,1091,1532
F112022,10,code3|centroid,1003,5.4569682106375694e-12,166,1782,1568
F112022,10,code3|centroid,1004,876.9933178731749,166,297,2656
F112022,10,code3|centroid,1005,877.2868931808684,166,235,2793
F112022,10,code3|centroid,1006,876.9932880498477,166,823,2854
F112022,10,code3|centroid,1007,9.094947017729282e-13,166,1834,1482
F112022,10,code3|centroid,1008,876.4586545161305,166,741,2449
F112022,10,code3|centroid,1009,9.094947017729282e-13,166,1752,1508
F112022,10,code3|centroid,1010,18.663738916603506,166,1568,1876
F112022,10,code3|centroid,1011,8.640199666842818e-12,166,942,2617
F112022,10,code3|centroid,1012,876.06889832655,166,920,1901
F112022,10,code3|centroid,1013,1.3642420526593924e-12,166,1782,1544
F112022,10,code3|centroid,1014,876.8461549324993,166,417,2478
F112022,10,code3|centroid,1015,1.3642420526593924e-12,166,1403,2160
F112022,10,code3|centroid,1016,1.3642420526593924e-12,166,1797,1523
F112022,10,code3|centroid,1017,1.3642420526593924e-12,166,1557,1705
F112022,10,code3|centroid,1018,876.924825257121,166,476,2255
F112022,10,code3|centroid,1019,4.547473508864641e-13,166,1776,1501
F112022,10,code3|centroid,1020,879.1472389878513,166,192,2374
F112022,10,code3|centroid,1021,877.2870530130249,166,221,2765
F112022,10,code3|centroid,1022,9.094947017729282e-13,166,1763,1559
F112022,10,code3|centroid,1023,1.3642420526593924e-12,166,1385,1910
F112022,10,code3|centroid,1024,1.3642420526593924e-12,166,1838,1527
F112022,10,code3|centroid,1025,876.0688983265495,166,584,2456
F112022,10,code3|centroid,1026,2.2737367544323206e-12,166,1823,1554
F112022,10,code3|centroid,1027,9.094947017729282e-13,166,1727,1496
F112022,10,code3|centroid,1028,876.9932866620784,166,764,2665
F112022,10,code3|centroid,1029,1.3642420526593924e-12,166,1777,1601
F112022,10,paper2|orig,1000,2.009528543567285e-09,250,33,3465
F112022,10,paper2|orig,1001,4.778394213644788e-08,250,31,2817
F112022,10,paper2|orig,1002,876.0688983265509,249,37,3527
F112022,10,paper2|orig,1003,4.975390766048804e-08,250,29,3052
F112022,10,paper2|orig,1004,3.171726348227821e-08,250,48,3023
F112022,10,paper2|orig,1005,1.982880348805338e-08,250,31,2945
F112022,10,paper2|orig,1006,3.984496288467199e-09,250,41,3505
F112022,10,paper2|orig,1007,7.327344064833596e-09,250,28,3231
F112022,10,paper2|orig,1008,6.663321983069181e-08,250,37,3076
F112022,10,paper2|orig,1009,8.262759365607053e-09,250,39,3079
F112022,10,paper2|orig,1010,1.0577423381619155e-09,250,27,3438
F112022,10,paper2|orig,1011,2.1978394215693697e-08,250,37,2913
F112022,10,paper2|orig,1012,1.420357875758782e-08,250,38,3061
F112022,10,paper2|orig,1013,2.418755684630014e-08,250,29,3108
F112022,10,paper2|orig,1014,3.0439878173638135e-08,250,34,2990
F112022,10,paper2|orig,1015,1.3124463293934241e-08,250,35,2951
F112022,10,paper2|orig,1016,8.672031981404871e-10,250,49,3413
F112022,10,paper2|orig,1017,9.24819687497802e-09,250,26,3164
F112022,10,paper2|orig,1018,3.936247594538145e-08,250,41,3006
F112022,10,paper2|orig,1019,1.9532308215275407e-08,250,32,3317
F112022,10,paper2|orig,1020,4.0018676372710615e-08,250,29,3051
F112022,10,paper2|orig,1021,4.06407707487233e-09,250,41,3202
F112022,10,paper2|orig,1022,2.9746843210887164e-08,250,34,3534
F112022,10,paper2|orig,1023,8.931237971410155e-09,250,30,3058
F112022,10,paper2|orig,1024,1.0486473911441863e-08,250,30,3555
F112022,10,paper2|orig,1025,882.3583237850889,249,34,3818
F112022,10,paper2|orig,1026,3.357763489475474e-08,250,28,3017
F112022,10,paper2|orig,1027,2.319211489520967e-09,250,36,3499
F112022,10,paper2|orig,1028,1.8905211618402973e-08,250,46,3095
F112022,10,paper2|orig,1029,6.860318535473198e-09,250,30,3450
F112022,10,paper2|centroid,1000,9.094947017729282e-13,249,2435,1534
F112022,10,paper2|centroid,1001,877.2869934495648,249,430,1211
F112022,10,paper2|centroid,1002,876.9935373100475,249,718,1503
F112022,10,paper2|centroid,1003,9.094947017729282e-13,249,2580,1525
F112022,10,paper2|centroid,1004,876.9248252571242,248,1931,1128
F112022,10,paper2|centroid,1005,1.8189894035458565e-12,249,2724,1507
F112022,10,paper2|centroid,1006,9.094947017729282e-13,249,2548,1531
F112022,10,paper2|centroid,1007,2.7284841053187847e-12,249,2559,1482
F112022,10,paper2|centroid,1008,876.0688983265477,248,1758,1182
F112022,10,paper2|centroid,1009,2.7284841053187847e-12,249,1250,2436
F112022,10,paper2|centroid,1010,1.8189894035458565e-12,249,2610,1413
F112022,10,paper2|centroid,1011,877.2869367205872,249,435,1202
F112022,10,paper2|centroid,1012,876.9248252571219,248,1696,1545
F112022,10,paper2|centroid,1013,9.094947017729282e-13,249,2611,1505
F112022,10,paper2|centroid,1014,876.0688983265482,249,1119,1464
F112022,10,paper2|centroid,1015,876.0688983265486,249,543,2761
F112022,10,paper2|centroid,1016,21.893922027527424,248,1744,1377
F112022,10,paper2|centroid,1017,4.547473508864641e-13,249,2609,1636
F112022,10,paper2|centroid,1018,876.924825257121,248,2020,1089
F112022,10,paper2|centroid,1019,4.547473508864641e-13,249,2516,1468
F112022,10,paper2|centroid,1020,1.3793851394439116e-08,250,120,3068
F112022,10,paper2|centroid,1021,876.4586879277244,250,1113,1289
F112022,10,paper2|centroid,1022,4.547473508864641e-13,249,2447,1413
F112022,10,paper2|centroid,1023,1.3642420526593924e-12,249,2559,1507
F112022,10,paper2|centroid,1024,9.094947017729282e-13,249,2506,1443
F112022,10,paper2|centroid,1025,876.0688983265522,249,870,2368
F112022,10,paper2|centroid,1026,9.094947017729282e-13,249,2829,1620
F112022,10,paper2|centroid,1027,1.3642420526593924e-12,249,2613,1504
F112022,10,paper2|centroid,1028,4.547473508864641e-13,249,2571,1520
F112022,10,paper2|centroid,1029,9.094947017729282e-13,249,2495,1485
F112022,10,c2only|orig,1000,5.497895472217351e-10,250,0,5551
F112022,10,c2only|orig,1001,1.9871094991685823e-08,250,0,5402
F112022,10,c2only|orig,1002,2.928572939708829e-10,250,0,5362
F112022,10,c2only|orig,1003,1.6681042325217277e-08,250,0,5493
F112022,10,c2only|orig,1004,2.647539076860994e-09,250,0,5533
F112022,10,c2only|orig,1005,9.276845958083868e-11,250,0,5367
F112022,10,c2only|orig,1006,3.761306288652122e-08,250,0,5410
F112022,10,c2only|orig,1007,2.191245584981516e-08,250,0,5409
F112022,10,c2only|orig,1008,8.595347935624886e-07,250,0,5437
F112022,10,c2only|orig,1009,8.08950062491931e-08,250,0,5260
F112022,10,c2only|orig,1010,3.3855940273497254e-09,250,0,5299
F112022,10,c2only|orig,1011,5.866240826435387e-11,250,0,5303
F112022,10,c2only|orig,1012,3.200966602889821e-09,250,0,5408
F112022,10,c2only|orig,1013,6.667232810286805e-08,250,0,5836
F112022,10,c2only|orig,1014,4.702496880781837e-08,250,0,5379
F112022,10,c2only|orig,1015,4.779394657816738e-10,250,0,5301
F112022,10,c2only|orig,1016,4.841240297537297e-09,250,0,5603
F112022,10,c2only|orig,1017,1.3061617210041732e-07,250,0,5346
F112022,10,c2only|orig,1018,4.547473508864641e-12,250,0,5609
F112022,10,c2only|orig,1019,3.57290446117986e-08,250,0,5456
F112022,10,c2only|orig,1020,3.865352482534945e-11,250,0,5173
F112022,10,c2only|orig,1021,1.2369127944111824e-10,250,0,5243
F112022,10,c2only|orig,1022,1.95900156541029e-07,250,0,5461
F112022,10,c2only|orig,1023,9.64064383879304e-10,250,0,5353
F112022,10,c2only|orig,1024,8.448705557384528e-08,250,0,5888
F112022,10,c2only|orig,1025,5.439892447611783e-07,250,0,5650
F112022,10,c2only|orig,1026,1.0340954759158194e-09,250,0,5399
F112022,10,c2only|orig,1027,1.800221980374772e-07,250,0,5718
F112022,10,c2only|orig,1028,2.968613443954382e-07,250,0,5682
F112022,10,c2only|orig,1029,1.0507665137993172e-07,250,0,5519
F122022,10,code3|orig,1000,165.4703388099797,166,39,2336
F122022,10,code3|orig,1001,166.98528013053465,166,33,3175
F122022,10,code3|orig,1002,164.89782891153664,166,40,2444
F122022,10,code3|orig,1003,166.42823118469505,166,38,2946
F122022,10,code3|orig,1004,167.4388133446605,166,29,2667
F122022,10,code3|orig,1005,170.57817442731084,166,43,2421
F122022,10,code3|orig,1006,164.47552952366186,166,33,2455
F122022,10,code3|orig,1007,165.91311811670903,166,43,1680
F122022,10,code3|orig,1008,163.92933476183634,166,29,2228
F122022,10,code3|orig,1009,164.47929230466434,166,31,2873
F122022,10,code3|orig,1010,168.55132776647588,166,33,3360
F122022,10,code3|orig,1011,166.5390926324858,166,33,2433
F122022,10,code3|orig,1012,164.90215311748034,166,29,2842
F122022,10,code3|orig,1013,166.7129294702181,166,49,2796
F122022,10,code3|orig,1014,166.72170506706516,166,31,3170
F122022,10,code3|orig,1015,166.4474018189162,166,28,3015
F122022,10,code3|orig,1016,166.44779973587447,166,33,3052
F122022,10,code3|orig,1017,166.5525940403918,166,37,2639
F122022,10,code3|orig,1018,168.9492258249902,166,33,2625
F122022,10,code3|orig,1019,166.46035719090014,166,30,2735
F122022,10,code3|orig,1020,167.03108439713924,166,29,3206
F122022,10,code3|orig,1021,166.2182094545724,166,36,2211
F122022,10,code3|orig,1022,165.84374553646285,166,36,2493
F122022,10,code3|orig,1023,164.89890926509133,166,39,2827
F122022,10,code3|orig,1024,166.98017024517867,166,30,2166
F122022,10,code3|orig,1025,166.57458897043216,166,30,3054
F122022,10,code3|orig,1026,166.38884963565079,166,30,2001
F122022,10,code3|orig,1027,166.44713400746923,166,31,2744
F122022,10,code3|orig,1028,164.54941376419993,166,36,3008
F122022,10,code3|orig,1029,166.46732813034714,166,35,2257
F122022,10,code3|centroid,1000,178.03192165054134,166,815,2201
F122022,10,code3|centroid,1001,167.43681746769607,166,423,2569
F122022,10,code3|centroid,1002,164.4987453210315,166,462,2501
F122022,10,code3|centroid,1003,171.84145462860397,166,473,3004
F122022,10,code3|centroid,1004,167.85234822532448,166,409,2304
F122022,10,code3|centroid,1005,214.00866653790672,166,959,1968
F122022,10,code3|centroid,1006,171.64241482667558,166,1203,2571
F122022,10,code3|centroid,1007,171.83287354325603,166,1789,2249
F122022,10,code3|centroid,1008,185.47465841645362,166,1159,2572
F122022,10,code3|centroid,1009,167.44684193114563,166,748,1875
F122022,10,code3|centroid,1010,167.44684193114563,166,637,1607
F122022,10,code3|centroid,1011,166.46092686940938,166,1263,2047
F122022,10,code3|centroid,1012,165.5222106672336,166,627,2196
F122022,10,code3|centroid,1013,165.93727191998778,166,508,2297
F122022,10,code3|centroid,1014,164.57105697685165,166,977,2284
F122022,10,code3|centroid,1015,166.41224549283606,166,588,2590
F122022,10,code3|centroid,1016,164.4838890736346,166,918,2355
F122022,10,code3|centroid,1017,168.25630934494893,166,560,2902
F122022,10,code3|centroid,1018,165.42907824786334,166,404,2562
F122022,10,code3|centroid,1019,165.92747664309263,166,322,2118
F122022,10,code3|centroid,1020,165.95270946912387,166,224,2177
F122022,10,code3|centroid,1021,165.9000647348007,166,496,2655
F122022,10,code3|centroid,1022,168.60004071910816,166,1080,2723
F122022,10,code3|centroid,1023,164.50300003358507,166,1161,2566
F122022,10,code3|centroid,1024,171.79504708581044,166,927,2491
F122022,10,code3|centroid,1025,164.9042553187628,166,475,2494
F122022,10,code3|centroid,1026,166.40220919857938,166,825,2382
F122022,10,code3|centroid,1027,170.30035671318956,166,881,1554
F122022,10,code3|centroid,1028,166.46568794973155,166,871,2337
F122022,10,code3|centroid,1029,171.246045178641,166,472,2593
F122022,10,paper2|orig,1000,166.54380198377248,249,31,1318
F122022,10,paper2|orig,1001,166.45392449904512,250,36,1127
F122022,10,paper2|orig,1002,166.37516975437302,249,47,1353
F122022,10,paper2|orig,1003,164.4912309030533,249,40,1300
F122022,10,paper2|orig,1004,166.3900639938256,249,29,1130
F122022,10,paper2|orig,1005,166.42293556473305,250,45,1643
F122022,10,paper2|orig,1006,167.48018976935055,249,30,1888
F122022,10,paper2|orig,1007,164.4838003848472,249,46,1716
F122022,10,paper2|orig,1008,163.82037933686024,250,50,1201
F122022,10,paper2|orig,1009,166.4477821168348,250,37,1348
F122022,10,paper2|orig,1010,166.44710400120903,250,36,1217
F122022,10,paper2|orig,1011,165.92463212930397,249,34,1540
F122022,10,paper2|orig,1012,166.49241977990823,249,46,1925
F122022,10,paper2|orig,1013,166.40832912790484,249,44,1327
F122022,10,paper2|orig,1014,165.9143618082103,249,48,1278
F122022,10,paper2|orig,1015,166.4019447096798,249,31,1250
F122022,10,paper2|orig,1016,166.42303365185853,249,28,1395
F122022,10,paper2|orig,1017,166.28372653144152,250,39,1288
F122022,10,paper2|orig,1018,164.49371429938628,249,35,1467
F122022,10,paper2|orig,1019,166.4487189545025,249,31,1197
F122022,10,paper2|orig,1020,166.4000572578807,249,33,1038
F122022,10,paper2|orig,1021,166.7684303177548,250,55,1238
F122022,10,paper2|orig,1022,166.40900102463274,249,54,1421
F122022,10,paper2|orig,1023,163.76996835755654,249,35,1536
F122022,10,paper2|orig,1024,166.45875740822294,249,29,1123
F122022,10,paper2|orig,1025,166.4478672205023,249,27,1690
F122022,10,paper2|orig,1026,166.4046133685497,249,28,1426
F122022,10,paper2|orig,1027,166.76930362765097,249,35,1039
F122022,10,paper2|orig,1028,164.51515517398366,250,35,1050
F122022,10,paper2|orig,1029,164.47858410320714,249,32,1592
F122022,10,paper2|centroid,1000,169.58399561671013,250,1154,1146
F122022,10,paper2|centroid,1001,164.47476125811227,249,1254,1088
F122022,10,paper2|centroid,1002,164.72380926486903,249,1051,1466
F122022,10,paper2|centroid,1003,165.46998811817593,249,880,776
F122022,10,paper2|centroid,1004,166.37372034410737,249,1445,942
F122022,10,paper2|centroid,1005,164.898672344666,249,527,1126
F122022,10,paper2|centroid,1006,169.89135671490794,249,863,975
F122022,10,paper2|centroid,1007,166.71615816331814,249,826,1080
F122022,10,paper2|centroid,1008,166.4342463987432,249,635,941
F122022,10,paper2|centroid,1009,164.51649068874258,250,627,1454
F122022,10,paper2|centroid,1010,166.44879401734033,249,253,792
F122022,10,paper2|centroid,1011,186.43160984271435,250,262,2020
F122022,10,paper2|centroid,1012,173.10949790822633,249,2042,977
F122022,10,paper2|centroid,1013,167.44684199113635,250,212,1618
F122022,10,paper2|centroid,1014,165.95788625218665,250,914,1372
F122022,10,paper2|centroid,1015,171.6473761067441,249,1173,1857
F122022,10,paper2|centroid,1016,164.89791042557317,249,577,1102
F122022,10,paper2|centroid,1017,164.89760193801385,250,749,1275
F122022,10,paper2|centroid,1018,171.79381073339573,249,1419,1159
F122022,10,paper2|centroid,1019,167.44684193114654,249,1087,1779
F122022,10,paper2|centroid,1020,164.89819094081076,249,458,1238
F122022,10,paper2|centroid,1021,165.94424571837408,250,283,920
F122022,10,paper2|centroid,1022,166.76343472374083,250,1545,1356
F122022,10,paper2|centroid,1023,171.79429267426895,249,1363,1156
F122022,10,paper2|centroid,1024,164.65152123419375,249,1783,1057
F122022,10,paper2|centroid,1025,165.8427392048884,249,1162,803
F122022,10,paper2|centroid,1026,171.24604517880334,250,322,2721
F122022,10,paper2|centroid,1027,167.48002815442987,249,954,1338
F122022,10,paper2|centroid,1028,166.21490795826503,250,206,1790
F122022,10,paper2|centroid,1029,166.37396500124896,249,1116,1123
F122022,10,c2only|orig,1000,166.4072969396393,250,0,4457
F122022,10,c2only|orig,1001,164.89805896362031,250,0,3816
F122022,10,c2only|orig,1002,166.46035719042266,249,0,2845
F122022,10,c2only|orig,1003,164.47602861643145,250,0,3044
F122022,10,c2only|orig,1004,166.40757140098367,250,0,4268
F122022,10,c2only|orig,1005,166.39650851502802,250,0,3994
F122022,10,c2only|orig,1006,164.54047147216124,250,0,4277
F122022,10,c2only|orig,1007,164.89955577757883,250,0,4226
F122022,10,c2only|orig,1008,164.48371930215217,250,0,4289
F122022,10,c2only|orig,1009,164.51477811821542,250,0,4637
F122022,10,c2only|orig,1010,165.47441684713976,250,0,4153
F122022,10,c2only|orig,1011,166.46605812577673,250,0,3659
F122022,10,c2only|orig,1012,166.70783696229273,250,0,4332
F122022,10,c2only|orig,1013,165.4785505832915,250,0,3428
F122022,10,c2only|orig,1014,166.2205172761328,250,0,3790
F122022,10,c2only|orig,1015,170.37829685462066,250,0,4034
F122022,10,c2only|orig,1016,168.5705432679897,250,0,4480
F122022,10,c2only|orig,1017,166.51015852765113,250,0,3608
F122022,10,c2only|orig,1018,166.42290754154646,250,0,3390
F122022,10,c2only|orig,1019,166.53745280338126,250,0,3769
F122022,10,c2only|orig,1020,164.52858129948572,250,0,3372
F122022,10,c2only|orig,1021,166.44711538552883,250,0,3474
F122022,10,c2only|orig,1022,163.77107072666604,250,0,3074
F122022,10,c2only|orig,1023,169.5819835037205,250,0,4656
F122022,10,c2only|orig,1024,166.44557939243305,250,0,4066
F122022,10,c2only|orig,1025,166.40855863693332,250,0,3472
F122022,10,c2only|orig,1026,164.48670917857726,250,0,4343
F122022,10,c2only|orig,1027,172.67877833388502,250,0,4707
F122022,10,c2only|orig,1028,166.7095888499657,250,0,3097
F122022,10,c2only|orig,1029,166.39496685795666,250,0,4125
F12022,20,code3|orig,1000,69.70056804218655,166,18,3891
F12022,20,code3|orig,1001,18.347650152515826,166,20,3863
F12022,20,code3|orig,1002,1.7347113829983414,166,19,3837
F12022,20,code3|orig,1003,1.9306677678860638,166,15,3785
F12022,20,code3|orig,1004,14.475584910456575,166,15,3885
F12022,20,code3|orig,1005,27.520410419064774,166,19,3885
F12022,20,code3|orig,1006,50.022498363334705,166,21,3884
F12022,20,code3|orig,1007,11.931795740126176,166,22,3842
F12022,20,code3|orig,1008,1.0389264898748252,166,17,3828
F12022,20,code3|orig,1009,9.40896053533487,166,15,3844
F12022,20,code3|orig,1010,59.10127085351809,166,22,3859
F12022,20,code3|orig,1011,13.62594916795507,166,14,3823
F12022,20,code3|orig,1012,9.74290238979313,166,22,3790
F12022,20,code3|orig,1013,8.748101322087791,166,14,3830
F12022,20,code3|orig,1014,5.73826122925982,166,21,3868
F12022,20,code3|orig,1015,187.65357951193698,166,14,3847
F12022,20,code3|orig,1016,1.0509301797487751,166,15,3870
F12022,20,code3|orig,1017,8.270159580761401,166,21,3915
F12022,20,code3|orig,1018,15.813370025680399,166,14,3872
F12022,20,code3|orig,1019,39.256284315155085,166,15,3889
F12022,20,code3|orig,1020,123.8247125628111,166,15,3864
F12022,20,code3|orig,1021,39.15510569300926,166,15,3872
F12022,20,code3|orig,1022,3.899269443065293,166,17,3861
F12022,20,code3|orig,1023,1.459228276935164,166,21,3899
F12022,20,code3|orig,1024,23.666970181719876,166,15,3922
F12022,20,code3|orig,1025,4.056749093273311,166,22,3875
F12022,20,code3|orig,1026,20.048166970596412,166,21,3852
F12022,20,code3|orig,1027,60.77341695040485,166,25,3901
F12022,20,code3|orig,1028,63.00761763172028,166,12,3872
F12022,20,code3|orig,1029,0.2973454083229399,166,20,3864
F12022,20,code3|centroid,1000,8.458300726488233e-11,166,2838,1796
F12022,20,code3|centroid,1001,1.1641532182693481e-10,166,2766,1802
F12022,20,code3|centroid,1002,3.987565833085682e-10,166,2885,1765
F12022,20,code3|centroid,1003,4.255483645465574e-07,166,2803,1801
F12022,20,code3|centroid,1004,1.6257217794191092e-11,166,2792,1790
F12022,20,code3|centroid,1005,1.2072767958670738e-06,166,2837,1791
F12022,20,code3|centroid,1006,1.3642420526593924e-11,166,2675,1939
F12022,20,code3|centroid,1007,5.684341886080801e-13,166,2612,1895
F12022,20,code3|centroid,1008,2.4277824195451103e-09,166,2730,1841
F12022,20,code3|centroid,1009,5.479137143993285e-10,166,2717,1829
F12022,20,code3|centroid,1010,3.080744158978632e-05,166,2700,1889
F12022,20,code3|centroid,1011,1.7924776329891756e-08,166,2700,1851
F12022,20,code3|centroid,1012,5.229594535194337e-10,166,2758,1841
F12022,20,code3|centroid,1013,4.730907221528469e-09,166,2830,1821
F12022,20,code3|centroid,1014,4.423930022312561e-08,166,2759,1819
F12022,20,code3|centroid,1015,1.4779288903810084e-12,166,2804,1803
F12022,20,code3|centroid,1016,2.3874235921539366e-11,166,2799,1862
F12022,20,code3|centroid,1017,4.916955731459893e-11,166,2701,1877
F12022,20,code3|centroid,1018,3.042259777430445e-10,166,2853,1795
F12022,20,code3|centroid,1019,6.17429805060965e-08,166,2758,1839
F12022,20,code3|centroid,1020,1.141415850725025e-10,166,2786,1848
F12022,20,code3|centroid,1021,3.7215386328171007e-10,166,2837,1779
F12022,20,code3|centroid,1022,3.119504299320397e-08,166,2756,1815
F12022,20,code3|centroid,1023,1.7621459846850485e-12,166,2834,1786
F12022,20,code3|centroid,1024,2.4863311409717426e-10,166,2758,1814
F12022,20,code3|centroid,1025,8.041877208597725e-08,166,2761,1800
F12022,20,code3|centroid,1026,7.264588930411264e-11,166,2815,1820
F12022,20,code3|centroid,1027,6.821210263296962e-13,166,2811,1817
F12022,20,code3|centroid,1028,1.5916157281026244e-11,166,2764,1865
F12022,20,code3|centroid,1029,7.389644451905042e-13,166,2766,1824
F12022,20,paper2|orig,1000,0.000984389194400137,250,19,2606
F12022,20,paper2|orig,1001,0.03139835043748462,250,18,2692
F12022,20,paper2|orig,1002,0.01934551827582709,250,21,2664
F12022,20,paper2|orig,1003,5.40329028240194e-05,250,20,2745
F12022,20,paper2|orig,1004,0.001411994303055053,250,18,2586
F12022,20,paper2|orig,1005,0.005715326460745018,250,17,2521
F12022,20,paper2|orig,1006,0.0033471724241849188,250,15,2546
F12022,20,paper2|orig,1007,0.0069866264011579915,250,25,2474
F12022,20,paper2|orig,1008,0.0011085402800290467,250,17,2559
F12022,20,paper2|orig,1009,0.07538277073780364,250,15,2396
F12022,20,paper2|orig,1010,0.03248661429159938,250,18,2221
F12022,20,paper2|orig,1011,0.0017493935736752064,250,15,2566
F12022,20,paper2|orig,1012,0.003142129718526121,250,22,2793
F12022,20,paper2|orig,1013,0.014211388747526144,250,15,2261
F12022,20,paper2|orig,1014,0.02638716064655,250,19,2267
F12022,20,paper2|orig,1015,0.014548582430848,250,15,2452
F12022,20,paper2|orig,1016,0.0009417093062324966,250,16,2419
F12022,20,paper2|orig,1017,0.05864926740508736,250,22,2533
F12022,20,paper2|orig,1018,0.00042784282027241716,250,15,2788
F12022,20,paper2|orig,1019,0.0007039403764679264,250,19,2447
F12022,20,paper2|orig,1020,0.02381301128400537,250,17,2716
F12022,20,paper2|orig,1021,0.01739424424141589,250,16,2440
F12022,20,paper2|orig,1022,0.030944890638863853,250,18,2359
F12022,20,paper2|orig,1023,0.000605794769228396,250,19,2394
F12022,20,paper2|orig,1024,0.039028001388885514,250,18,2346
F12022,20,paper2|orig,1025,0.01845071315261748,250,22,2362
F12022,20,paper2|orig,1026,0.03542557519210732,250,24,2200
F12022,20,paper2|orig,1027,0.015355523660900872,250,23,2337
F12022,20,paper2|orig,1028,0.013131732381395977,250,14,2393
F12022,20,paper2|orig,1029,0.003323117767763506,250,19,2411
F12022,20,paper2|centroid,1000,5.115907697472721e-13,249,3897,1643
F12022,20,paper2|centroid,1001,5.115907697472721e-13,249,4021,1647
F12022,20,paper2|centroid,1002,5.684341886080801e-13,249,3915,1610
F12022,20,paper2|centroid,1003,7.332801033044234e-12,249,4165,1601
F12022,20,paper2|centroid,1004,1.7053025658242404e-13,249,4104,1626
F12022,20,paper2|centroid,1005,2.0463630789890885e-12,249,4208,1557
F12022,20,paper2|centroid,1006,9.094947017729282e-13,249,4136,1655
F12022,20,paper2|centroid,1007,2.7921487344428897e-10,250,4586,1801
F12022,20,paper2|centroid,1008,5.684341886080801e-13,250,4429,1770
F12022,20,paper2|centroid,1009,3.979039320256561e-13,249,3864,1675
F12022,20,paper2|centroid,1010,2.8990143619012088e-12,249,4077,1711
F12022,20,paper2|centroid,1011,5.115907697472721e-13,249,4251,1605
F12022,20,paper2|centroid,1012,2.8421709430404007e-13,249,4286,1646
F12022,20,paper2|centroid,1013,4.547473508864641e-13,249,4028,1587
F12022,20,paper2|centroid,1014,4.831690603168681e-12,250,4528,1739
F12022,20,paper2|centroid,1015,1.3642420526593924e-12,249,4369,1622
F12022,20,paper2|centroid,1016,3.410605131648481e-13,250,4391,1706
F12022,20,paper2|centroid,1017,1.0800249583553523e-12,250,4232,1775
F12022,20,paper2|centroid,1018,1.4210854715202004e-12,250,4587,1683
F12022,20,paper2|centroid,1019,3.410605131648481e-13,249,4022,1613
F12022,20,paper2|centroid,1020,6.058371582184918e-10,250,4634,1747
F12022,20,paper2|centroid,1021,4.206412995699793e-12,250,4654,1750
F12022,20,paper2|centroid,1022,6.252776074688882e-13,250,4153,1664
F12022,20,paper2|centroid,1023,3.410605131648481e-13,249,3875,1632
F12022,20,paper2|centroid,1024,6.821210263296962e-13,249,4318,1660
F12022,20,paper2|centroid,1025,6.252776074688882e-13,250,4264,1685
F12022,20,paper2|centroid,1026,1.1652900866465643e-11,250,4597,1821
F12022,20,paper2|centroid,1027,5.115907697472721e-13,249,4353,1693
F12022,20,paper2|centroid,1028,1.4210854715202004e-12,249,4170,1639
F12022,20,paper2|centroid,1029,5.115907697472721e-13,249,4090,1673
F12022,20,c2only|orig,1000,0.08408856688868127,250,0,5946
F12022,20,c2only|orig,1001,0.04504697189884155,250,0,5854
F12022,20,c2only|orig,1002,0.07876909448214064,250,0,5884
F12022,20,c2only|orig,1003,8.255984352674375,250,0,5889
F12022,20,c2only|orig,1004,8.21231716978832,250,0,5887
F12022,20,c2only|orig,1005,4.7586448842588425,250,0,5941
F12022,20,c2only|orig,1006,0.7444285755793771,250,0,5915
F12022,20,c2only|orig,1007,0.5604992878855342,250,0,5952
F12022,20,c2only|orig,1008,3.600552942738773,250,0,5992
F12022,20,c2only|orig,1009,0.12564882212501516,250,0,5886
F12022,20,c2only|orig,1010,5.623417216003531,250,0,5923
F12022,20,c2only|orig,1011,1.2002170246000219,250,0,5925
F12022,20,c2only|orig,1012,1.3664491817082762,250,0,5971
F12022,20,c2only|orig,1013,0.09881721767533236,250,0,5918
F12022,20,c2only|orig,1014,0.054395274981857256,250,0,5879
F12022,20,c2only|orig,1015,1.758644773290996,250,0,5904
F12022,20,c2only|orig,1016,2.4521278078873365,250,0,5951
F12022,20,c2only|orig,1017,7.2109393538724476,250,0,5880
F12022,20,c2only|orig,1018,0.8948954639619728,250,0,5866
F12022,20,c2only|orig,1019,0.06926670884593022,250,0,5907
F12022,20,c2only|orig,1020,0.4858738915819458,250,0,5849
F12022,20,c2only|orig,1021,0.06802401911954803,250,0,5924
F12022,20,c2only|orig,1022,13.300706039979389,250,0,5866
F12022,20,c2only|orig,1023,0.30055282498955194,250,0,5874
F12022,20,c2only|orig,1024,1.540682131617018,250,0,5956
F12022,20,c2only|orig,1025,1.8208099911068416,250,0,5941
F12022,20,c2only|orig,1026,0.11010021794527347,250,0,5935
F12022,20,c2only|orig,1027,0.2363350588573212,250,0,5873
F12022,20,c2only|orig,1028,0.09598240780974265,250,0,5903
F12022,20,c2only|orig,1029,0.1388317203647489,250,0,5795
F22022,20,code3|orig,1000,59.67217722785324,166,25,3875
F22022,20,code3|orig,1001,49.305995463001295,166,40,3893
F22022,20,code3|orig,1002,53.30192708699178,166,33,3853
F22022,20,code3|orig,1003,40.172265268775845,166,25,3821
F22022,20,code3|orig,1004,69.55039242185183,166,30,3926
F22022,20,code3|orig,1005,64.32990291603875,166,33,3907
F22022,20,code3|orig,1006,79.313277187751,166,25,3810
F22022,20,code3|orig,1007,68.7477818036557,166,29,3846
F22022,20,code3|orig,1008,73.83137746125794,166,40,3818
F22022,20,code3|orig,1009,68.67103255773634,166,26,3815
F22022,20,code3|orig,1010,45.195353036559595,166,41,3913
F22022,20,code3|orig,1011,74.41545803720851,166,38,3794
F22022,20,code3|orig,1012,55.379381377168386,166,35,3862
F22022,20,code3|orig,1013,74.9054327326802,166,35,3846
F22022,20,code3|orig,1014,142.64130807690822,166,40,3877
F22022,20,code3|orig,1015,101.0854674572625,166,16,3875
F22022,20,code3|orig,1016,142.43673613255885,166,29,3827
F22022,20,code3|orig,1017,51.15891021193244,166,32,3884
F22022,20,code3|orig,1018,57.20040622991644,166,36,3938
F22022,20,code3|orig,1019,147.00149423624316,166,35,3876
F22022,20,code3|orig,1020,78.33142464088712,166,28,3836
F22022,20,code3|orig,1021,73.41878274344606,166,30,3839
F22022,20,code3|orig,1022,71.30381547653104,166,20,3866
F22022,20,code3|orig,1023,65.0124303917022,166,28,3882
F22022,20,code3|orig,1024,59.35734718184011,166,34,3858
F22022,20,code3|orig,1025,125.7823772410892,166,28,3856
F22022,20,code3|orig,1026,50.717220435841455,166,40,3894
F22022,20,code3|orig,1027,49.55768170710786,166,52,3852
F22022,20,code3|orig,1028,70.99108294778785,166,38,3836
F22022,20,code3|orig,1029,80.04245295550481,166,32,3807
F22022,20,code3|centroid,1000,44.895777376711976,166,2584,1851
F22022,20,code3|centroid,1001,44.89547406671119,166,2656,1834
F22022,20,code3|centroid,1002,68.72578732582019,166,2646,1842
F22022,20,code3|centroid,1003,15.53116154767963,166,2635,1873
F22022,20,code3|centroid,1004,49.08468277331923,166,2886,1752
F22022,20,code3|centroid,1005,44.89547014853491,166,2742,1821
F22022,20,code3|centroid,1006,72.74472497863394,166,2708,1825
F22022,20,code3|centroid,1007,49.084493053095116,166,2682,1851
F22022,20,code3|centroid,1008,73.15642370122447,166,2631,1799
F22022,20,code3|centroid,1009,4.389418612604459,166,2589,1915
F22022,20,code3|centroid,1010,69.08189356998537,166,2478,1935
F22022,20,code3|centroid,1011,49.08457219460968,166,2702,1817
F22022,20,code3|centroid,1012,44.89572807018271,166,2766,1829
F22022,20,code3|centroid,1013,67.9408445768496,166,2830,1755
F22022,20,code3|centroid,1014,28.944309382896392,166,2656,1844
F22022,20,code3|centroid,1015,1.2314433625883794,166,2480,1885
F22022,20,code3|centroid,1016,49.08460672772321,166,2698,1836
F22022,20,code3|centroid,1017,6.520497631900184,166,2855,1780
F22022,20,code3|centroid,1018,44.89546947455432,166,2659,1872
F22022,20,code3|centroid,1019,44.89546931964662,166,2724,1791
F22022,20,code3|centroid,1020,49.08469214288948,166,2765,1787
F22022,20,code3|centroid,1021,44.8954698890098,166,2885,1719
F22022,20,code3|centroid,1022,49.084479948461535,166,2803,1786
F22022,20,code3|centroid,1023,49.084480457467464,166,2700,1807
F22022,20,code3|centroid,1024,71.41687072963833,166,2670,1799
F22022,20,code3|centroid,1025,3.072406300008879,166,2519,1805
F22022,20,code3|centroid,1026,3.0877005363489616,166,2789,1789
F22022,20,code3|centroid,1027,71.68728983153812,166,2670,1828
F22022,20,code3|centroid,1028,49.08533443151288,166,2665,1866
F22022,20,code3|centroid,1029,72.7191298496839,166,2656,1843
F22022,20,paper2|orig,1000,74.31668263326219,250,48,2826
F22022,20,paper2|orig,1001,49.10441518050669,250,35,3474
F22022,20,paper2|orig,1002,49.092451108456316,250,40,3515
F22022,20,paper2|orig,1003,49.09311539289149,250,36,3433
F22022,20,paper2|orig,1004,49.76304601551146,250,33,3686
F22022,20,paper2|orig,1005,49.08547343919065,250,46,3076
F22022,20,paper2|orig,1006,49.16919026277594,250,51,3766
F22022,20,paper2|orig,1007,73.3949027581101,250,34,2913
F22022,20,paper2|orig,1008,65.14429300915037,250,44,3583
F22022,20,paper2|orig,1009,49.093421048084,250,39,3475
F22022,20,paper2|orig,1010,49.11745531854524,250,39,3589
F22022,20,paper2|orig,1011,49.14551498411794,250,38,3687
F22022,20,paper2|orig,1012,49.087680633655054,250,52,3377
F22022,20,paper2|orig,1013,44.90224091586913,250,49,3586
F22022,20,paper2|orig,1014,65.89628493798142,250,51,3086
F22022,20,paper2|orig,1015,49.085011095065624,250,39,3294
F22022,20,paper2|orig,1016,49.21133943063427,250,38,3857
F22022,20,paper2|orig,1017,44.89566366348811,250,42,3432
F22022,20,paper2|orig,1018,9.533477481807893,250,49,3388
F22022,20,paper2|orig,1019,49.08450565754168,250,41,3336
F22022,20,paper2|orig,1020,49.10434124205676,250,47,3597
F22022,20,paper2|orig,1021,44.8975552202794,250,40,3608
F22022,20,paper2|orig,1022,49.09036326896381,250,38,3566
F22022,20,paper2|orig,1023,49.174715695008274,250,31,3517
F22022,20,paper2|orig,1024,49.135607509202885,250,39,3884
F22022,20,paper2|orig,1025,49.232659783261965,250,26,3648
F22022,20,paper2|orig,1026,49.14399125299025,250,36,3447
F22022,20,paper2|orig,1027,49.08878206595847,250,30,3546
F22022,20,paper2|orig,1028,44.89556815948549,250,39,3239
F22022,20,paper2|orig,1029,49.09408831424412,250,38,3630
F22022,20,paper2|centroid,1000,71.59067051433453,250,2588,2207
F22022,20,paper2|centroid,1001,49.08448666685365,250,4314,1835
F22022,20,paper2|centroid,1002,49.084488761834336,250,4321,1857
F22022,20,paper2|centroid,1003,22.395287687798714,250,432,2123
F22022,20,paper2|centroid,1004,49.084619309580546,250,4433,1850
F22022,20,paper2|centroid,1005,5.247711488972925,250,4333,1790
F22022,20,paper2|centroid,1006,44.89546931745218,250,3776,1756
F22022,20,paper2|centroid,1007,44.89546931745326,250,4060,1756
F22022,20,paper2|centroid,1008,49.0844790055836,250,4271,1917
F22022,20,paper2|centroid,1009,49.08447899248995,250,4489,1807
F22022,20,paper2|centroid,1010,44.895469317488164,250,4833,1849
F22022,20,paper2|centroid,1011,49.084483057759655,250,4361,1865
F22022,20,paper2|centroid,1012,49.08447918040417,250,4368,1866
F22022,20,paper2|centroid,1013,69.71542101426496,250,4161,1639
F22022,20,paper2|centroid,1014,74.24654027923953,250,3743,1582
F22022,20,paper2|centroid,1015,66.777746368039,250,4348,1637
F22022,20,paper2|centroid,1016,49.08447899268896,250,4404,1836
F22022,20,paper2|centroid,1017,44.89546932067179,250,4010,1876
F22022,20,paper2|centroid,1018,70.34709305459796,250,4014,1669
F22022,20,paper2|centroid,1019,49.08462232220006,250,4090,1850
F22022,20,paper2|centroid,1020,50.738982874389876,250,4280,1766
F22022,20,paper2|centroid,1021,49.08448234567243,250,4739,1853
F22022,20,paper2|centroid,1022,49.08447908072253,250,4349,1783
F22022,20,paper2|centroid,1023,49.08447899959998,250,4215,1887
F22022,20,paper2|centroid,1024,68.51582445037138,250,4170,1666
F22022,20,paper2|centroid,1025,10.119064090334064,250,1699,2673
F22022,20,paper2|centroid,1026,49.08448157193084,250,4457,1863
F22022,20,paper2|centroid,1027,69.43467267842459,250,4109,1629
F22022,20,paper2|centroid,1028,49.08449412383908,250,4532,1825
F22022,20,paper2|centroid,1029,44.895469317488164,250,4235,1824
F22022,20,c2only|orig,1000,67.589431928809,250,0,5813
F22022,20,c2only|orig,1001,58.67828268219472,250,0,5959
F22022,20,c2only|orig,1002,49.30706976814457,250,0,5980
F22022,20,c2only|orig,1003,73.79155551662296,250,0,5815
F22022,20,c2only|orig,1004,66.33724810685203,250,0,5837
F22022,20,c2only|orig,1005,49.407973849650034,250,0,5958
F22022,20,c2only|orig,1006,76.09776090214791,250,0,5913
F22022,20,c2only|orig,1007,66.10303399218765,250,0,5991
F22022,20,c2only|orig,1008,74.56240582965097,250,0,5848
F22022,20,c2only|orig,1009,72.48541649549946,250,0,6006
F22022,20,c2only|orig,1010,74.42031116246073,250,0,5931
F22022,20,c2only|orig,1011,70.68551759333263,250,0,5926
F22022,20,c2only|orig,1012,49.21333357749165,250,0,5927
F22022,20,c2only|orig,1013,71.76375016813154,250,0,5798
F22022,20,c2only|orig,1014,57.8496562236416,250,0,5823
F22022,20,c2only|orig,1015,69.77227764726649,250,0,5890
F22022,20,c2only|orig,1016,50.62114026538109,250,0,5975
F22022,20,c2only|orig,1017,47.404390032524645,250,0,5995
F22022,20,c2only|orig,1018,62.050780222294634,250,0,5880
F22022,20,c2only|orig,1019,62.90841655175922,250,0,5874
F22022,20,c2only|orig,1020,74.7165528708577,250,0,5868
F22022,20,c2only|orig,1021,49.49087123106159,250,0,5960
F22022,20,c2only|orig,1022,52.07422454411102,250,0,5910
F22022,20,c2only|orig,1023,37.03794772024355,250,0,5994
F22022,20,c2only|orig,1024,51.02619475203909,250,0,5929
F22022,20,c2only|orig,1025,49.18045975213022,250,0,5920
F22022,20,c2only|orig,1026,49.58695590623353,250,0,5935
F22022,20,c2only|orig,1027,66.09163777393223,250,0,5941
F22022,20,c2only|orig,1028,72.94947431169669,250,0,5921
F22022,20,c2only|orig,1029,52.67002912711422,250,0,5934
F32022,20,code3|orig,1000,0.00035914764555400325,166,34,4016
F32022,20,code3|orig,1001,0.0001712822485160359,166,31,3968
F32022,20,code3|orig,1002,7.201779112619988e-05,166,34,3926
F32022,20,code3|orig,1003,0.00019344131362686312,166,44,3947
F32022,20,code3|orig,1004,4.476548872389685e-05,166,37,3916
F32022,20,code3|orig,1005,4.3028546542700497e-05,166,26,4027
F32022,20,code3|orig,1006,0.00014261905573675904,166,35,4009
F32022,20,code3|orig,1007,3.492529629056662e-05,166,26,3925
F32022,20,code3|orig,1008,0.0008386742192669772,166,26,4014
F32022,20,code3|orig,1009,3.1605126196154743e-06,166,35,3963
F32022,20,code3|orig,1010,7.234166571379319e-05,166,35,3927
F32022,20,code3|orig,1011,8.730641286547325e-05,166,49,3890
F32022,20,code3|orig,1012,1.1109798151665018e-05,166,39,3879
F32022,20,code3|orig,1013,0.0006803237733947753,166,36,3991
F32022,20,code3|orig,1014,4.3263788825242955e-05,166,25,4001
F32022,20,code3|orig,1015,0.00013617640991014923,166,32,4030
F32022,20,code3|orig,1016,4.7043867311913345e-05,166,26,3937
F32022,20,code3|orig,1017,0.00010052305765384517,166,37,3981
F32022,20,code3|orig,1018,3.286358662535349e-05,166,33,3963
F32022,20,code3|orig,1019,0.0002435501472746182,166,42,3996
F32022,20,code3|orig,1020,0.000349875396295829,166,29,3951
F32022,20,code3|orig,1021,9.648676427786995e-05,166,36,3956
F32022,20,code3|orig,1022,0.00020212624292526016,166,27,3958
F32022,20,code3|orig,1023,5.313291342190496e-05,166,49,3946
F32022,20,code3|orig,1024,8.464119559903338e-06,166,30,3921
F32022,20,code3|orig,1025,6.199271922469052e-05,166,43,3963
F32022,20,code3|orig,1026,5.602746944077808e-05,166,31,3909
F32022,20,code3|orig,1027,1.5784689935571805e-05,166,37,3958
F32022,20,code3|orig,1028,1.2536320355138741e-06,166,39,3958
F32022,20,code3|orig,1029,2.333556528810732e-05,166,40,3929
F32022,20,code3|centroid,1000,2.3874235921539366e-12,166,2663,1591
F32022,20,code3|centroid,1001,4.774847184307873e-12,166,2421,1547
F32022,20,code3|centroid,1002,9.094947017729282e-13,166,2345,1534
F32022,20,code3|centroid,1003,1.0231815394945443e-12,166,2335,1486
F32022,20,code3|centroid,1004,7.958078640513122e-13,166,2251,1455
F32022,20,code3|centroid,1005,1.9326762412674725e-12,166,2574,1688
F32022,20,code3|centroid,1006,1.2505552149377763e-12,166,2277,1553
F32022,20,code3|centroid,1007,7.958078640513122e-13,166,2295,1457
F32022,20,code3|centroid,1008,2.8762769943568856e-11,166,2774,1760
F32022,20,code3|centroid,1009,7.958078640513122e-13,166,2224,1569
F32022,20,code3|centroid,1010,3.183231456205249e-12,166,2691,1711
F32022,20,code3|centroid,1011,9.549694368615746e-12,166,2280,1476
F32022,20,code3|centroid,1012,3.865352482534945e-12,166,2522,1654
F32022,20,code3|centroid,1013,2.1600499167107046e-12,166,2327,1605
F32022,20,code3|centroid,1014,1.3642420526593924e-12,166,2844,1813
F32022,20,code3|centroid,1015,1.1368683772161603e-12,166,2631,1572
F32022,20,code3|centroid,1016,1.3642420526593924e-12,166,2412,1510
F32022,20,code3|centroid,1017,1.4779288903810084e-12,166,2633,1810
F32022,20,code3|centroid,1018,3.410605131648481e-13,166,2579,1696
F32022,20,code3|centroid,1019,1.0231815394945443e-12,166,2542,1573
F32022,20,code3|centroid,1020,1.4779288903810084e-12,166,2446,1620
F32022,20,code3|centroid,1021,1.0231815394945443e-12,166,2470,1609
F32022,20,code3|centroid,1022,2.0463630789890885e-12,166,2526,1595
F32022,20,code3|centroid,1023,7.958078640513122e-13,166,2415,1573
F32022,20,code3|centroid,1024,2.1600499167107046e-12,166,2339,1567
F32022,20,code3|centroid,1025,1.0231815394945443e-12,166,2146,1482
F32022,20,code3|centroid,1026,9.094947017729282e-13,166,2318,1603
F32022,20,code3|centroid,1027,1.2505552149377763e-12,166,2225,1456
F32022,20,code3|centroid,1028,3.637978807091713e-12,166,2670,1635
F32022,20,code3|centroid,1029,4.547473508864641e-13,166,2416,1450
F32022,20,paper2|orig,1000,2.3305801732931286e-11,250,40,3470
F32022,20,paper2|orig,1001,1.5506884665228426e-10,250,37,3589
F32022,20,paper2|orig,1002,3.069544618483633e-11,250,43,3419
F32022,20,paper2|orig,1003,2.9103830456733704e-11,250,46,3534
F32022,20,paper2|orig,1004,1.291482476517558e-10,250,38,3557
F32022,20,paper2|orig,1005,2.7284841053187847e-11,250,23,3576
F32022,20,paper2|orig,1006,1.0533085514907725e-09,250,49,3609
F32022,20,paper2|orig,1007,9.117684385273606e-11,250,41,3691
F32022,20,paper2|orig,1008,1.5916157281026244e-12,250,36,3417
F32022,20,paper2|orig,1009,4.388311936054379e-11,250,33,3479
F32022,20,paper2|orig,1010,1.4341594578581862e-09,250,37,3684
F32022,20,paper2|orig,1011,1.026251084113028e-09,250,46,3541
F32022,20,paper2|orig,1012,1.4495071809506044e-10,250,29,3510
F32022,20,paper2|orig,1013,6.268692231969908e-10,250,36,3597
F32022,20,paper2|orig,1014,5.718447937397286e-11,250,37,3678
F32022,20,paper2|orig,1015,1.333546606474556e-10,250,42,3556
F32022,20,paper2|orig,1016,3.387867764104158e-11,250,54,3601
F32022,20,paper2|orig,1017,1.646185410209e-10,250,42,3531
F32022,20,paper2|orig,1018,3.979039320256561e-12,249,31,3430
F32022,20,paper2|orig,1019,2.8990143619012088e-11,250,39,3448
F32022,20,paper2|orig,1020,2.474962457199581e-10,250,41,3738
F32022,20,paper2|orig,1021,3.9744918467476964e-10,250,37,3552
F32022,20,paper2|orig,1022,3.069544618483633e-12,250,42,3373
F32022,20,paper2|orig,1023,2.751221472863108e-11,250,39,3531
F32022,20,paper2|orig,1024,3.0468072509393096e-11,250,37,3425
F32022,20,paper2|orig,1025,2.0406787371030077e-10,250,59,3607
F32022,20,paper2|orig,1026,2.8342128643998876e-10,250,37,3494
F32022,20,paper2|orig,1027,9.515588317299262e-11,250,43,3622
F32022,20,paper2|orig,1028,3.376499080331996e-11,250,36,3627
F32022,20,paper2|orig,1029,9.322320693172514e-12,250,50,3466
F32022,20,paper2|centroid,1000,3.410605131648481e-13,249,3751,1660
F32022,20,paper2|centroid,1001,1.2846612662542611e-11,249,3767,1783
F32022,20,paper2|centroid,1002,5.684341886080801e-13,249,3384,1558
F32022,20,paper2|centroid,1003,6.821210263296962e-13,249,3272,1582
F32022,20,paper2|centroid,1004,3.410605131648481e-13,249,3583,1753
F32022,20,paper2|centroid,1005,4.547473508864641e-13,249,3155,1520
F32022,20,paper2|centroid,1006,4.547473508864641e-13,249,3531,1656
F32022,20,paper2|centroid,1007,7.958078640513122e-13,249,3057,1494
F32022,20,paper2|centroid,1008,3.410605131648481e-13,249,3139,1624
F32022,20,paper2|centroid,1009,3.410605131648481e-13,249,3704,1671
F32022,20,paper2|centroid,1010,1.5916157281026244e-12,249,3519,1591
F32022,20,paper2|centroid,1011,1.4779288903810084e-12,249,3455,1534
F32022,20,paper2|centroid,1012,1.1368683772161603e-12,249,3648,1621
F32022,20,paper2|centroid,1013,1.9326762412674725e-12,249,3499,1606
F32022,20,paper2|centroid,1014,1.7053025658242404e-12,249,3109,1523
F32022,20,paper2|centroid,1015,5.684341886080801e-13,249,3040,1513
F32022,20,paper2|centroid,1016,7.958078640513122e-13,249,3270,1555
F32022,20,paper2|centroid,1017,2.6147972675971687e-12,249,3359,1597
F32022,20,paper2|centroid,1018,2.5579538487363607e-11,250,4757,2008
F32022,20,paper2|centroid,1019,6.821210263296962e-13,249,3329,1608
F32022,20,paper2|centroid,1020,4.547473508864641e-13,249,3463,1549
F32022,20,paper2|centroid,1021,5.684341886080801e-13,249,3015,1464
F32022,20,paper2|centroid,1022,9.094947017729282e-13,249,3034,1500
F32022,20,paper2|centroid,1023,6.821210263296962e-13,249,2944,1596
F32022,20,paper2|centroid,1024,1.2505552149377763e-12,249,3193,1491
F32022,20,paper2|centroid,1025,6.821210263296962e-13,249,3372,1583
F32022,20,paper2|centroid,1026,1.2505552149377763e-12,249,3155,1558
F32022,20,paper2|centroid,1027,3.410605131648481e-13,249,3492,1574
F32022,20,paper2|centroid,1028,6.821210263296962e-13,249,3612,1700
F32022,20,paper2|centroid,1029,5.684341886080801e-13,249,3409,1612
F32022,20,c2only|orig,1000,2.2510504322781344e-06,250,0,6077
F32022,20,c2only|orig,1001,5.4513520808541216e-08,250,0,5980
F32022,20,c2only|orig,1002,9.185082490148488e-07,250,0,6025
F32022,20,c2only|orig,1003,2.1007565464969957e-07,250,0,6045
F32022,20,c2only|orig,1004,2.1884961824980564e-06,250,0,5988
F32022,20,c2only|orig,1005,2.758662958513014e-06,250,0,6007
F32022,20,c2only|orig,1006,4.644302862288896e-07,250,0,6083
F32022,20,c2only|orig,1007,4.886875217380293e-06,250,0,6082
F32022,20,c2only|orig,1008,1.1370678976163617e-06,250,0,6004
F32022,20,c2only|orig,1009,1.2738382793031633e-08,250,0,5978
F32022,20,c2only|orig,1010,2.4430926259810803e-07,250,0,6034
F32022,20,c2only|orig,1011,1.4036152151675196e-07,250,0,6088
F32022,20,c2only|orig,1012,3.3337287277390715e-06,250,0,6022
F32022,20,c2only|orig,1013,2.951992428279482e-09,250,0,5990
F32022,20,c2only|orig,1014,2.92453873953491e-05,250,0,6112
F32022,20,c2only|orig,1015,1.1046935810554714e-05,250,0,6055
F32022,20,c2only|orig,1016,4.5410524762701243e-07,250,0,6037
F32022,20,c2only|orig,1017,8.103129857772728e-06,250,0,6045
F32022,20,c2only|orig,1018,6.598146444503072e-05,250,0,6055
F32022,20,c2only|orig,1019,1.721880153127131e-06,250,0,6032
F32022,20,c2only|orig,1020,8.89402826942387e-08,250,0,5933
F32022,20,c2only|orig,1021,2.0523600596789038e-07,250,0,6035
F32022,20,c2only|orig,1022,9.474716534896288e-06,250,0,5944
F32022,20,c2only|orig,1023,2.533093834244937e-06,250,0,6032
F32022,20,c2only|orig,1024,9.757964107848238e-07,250,0,6085
F32022,20,c2only|orig,1025,1.6868482362042414e-06,250,0,6062
F32022,20,c2only|orig,1026,8.960438435678952e-07,250,0,6020
F32022,20,c2only|orig,1027,6.307345756795257e-09,250,0,5956
F32022,20,c2only|orig,1028,2.8006573074890184e-05,250,0,6045
F32022,20,c2only|orig,1029,5.293534286465729e-07,250,0,5936
F42022,20,code3|orig,1000,212.44972303553573,166,33,288
F42022,20,code3|orig,1001,212.3269576763887,166,35,279
F42022,20,code3|orig,1002,184.08529421595244,166,22,253
F42022,20,code3|orig,1003,177.74634821069947,166,27,278
F42022,20,code3|orig,1004,189.73522808511166,166,27,298
F42022,20,code3|orig,1005,195.22745993223907,166,30,276
F42022,20,code3|orig,1006,198.64957519857546,166,32,272
F42022,20,code3|orig,1007,207.0245780995706,166,21,298
F42022,20,code3|orig,1008,193.77728325037606,166,29,296
F42022,20,code3|orig,1009,220.39384589734004,166,27,257
F42022,20,code3|orig,1010,116.58147612052107,166,20,371
F42022,20,code3|orig,1011,165.4909854183379,166,31,317
F42022,20,code3|orig,1012,217.11192114336905,166,26,286
F42022,20,code3|orig,1013,184.87481736572272,166,38,269
F42022,20,code3|orig,1014,195.68524722108464,166,27,275
F42022,20,code3|orig,1015,216.37707671409623,166,28,305
F42022,20,code3|orig,1016,202.94782067683593,166,32,279
F42022,20,code3|orig,1017,191.69189538879937,166,28,278
F42022,20,code3|orig,1018,185.26578918186294,166,25,264
F42022,20,code3|orig,1019,271.60934706349076,166,24,270
F42022,20,code3|orig,1020,209.88032159504633,166,27,244
F42022,20,code3|orig,1021,178.81354785025746,166,33,249
F42022,20,code3|orig,1022,219.6197560822302,166,33,316
F42022,20,code3|orig,1023,158.37650347660838,166,24,301
F42022,20,code3|orig,1024,169.0742873672906,166,35,256
F42022,20,code3|orig,1025,225.01192758523507,166,37,283
F42022,20,code3|orig,1026,157.58863443307155,166,26,298
F42022,20,code3|orig,1027,229.95008143980704,166,36,275
F42022,20,code3|orig,1028,187.45511760303384,166,41,311
F42022,20,code3|orig,1029,206.04585888695192,166,24,273
F42022,20,code3|centroid,1000,115.43412335003313,166,104,289
F42022,20,code3|centroid,1001,209.12351934326375,166,67,217
F42022,20,code3|centroid,1002,176.3147688995914,166,96,204
F42022,20,code3|centroid,1003,217.4001648425857,166,94,187
F42022,20,code3|centroid,1004,204.53454356096995,166,65,219
F42022,20,code3|centroid,1005,195.94437786697063,166,72,189
F42022,20,code3|centroid,1006,256.9764713868435,166,82,178
F42022,20,code3|centroid,1007,210.15758048558587,166,97,190
F42022,20,code3|centroid,1008,261.88775034265404,166,92,256
F42022,20,code3|centroid,1009,192.30059584572302,166,57,222
F42022,20,code3|centroid,1010,235.276089687492,166,103,215
F42022,20,code3|centroid,1011,226.47512674223253,166,88,197
F42022,20,code3|centroid,1012,188.8854526317657,166,104,189
F42022,20,code3|centroid,1013,182.88006217542284,166,99,179
F42022,20,code3|centroid,1014,224.5652762572961,166,74,227
F42022,20,code3|centroid,1015,173.47331746531233,166,95,220
F42022,20,code3|centroid,1016,241.52502754919828,166,68,192
F42022,20,code3|centroid,1017,214.5925523886342,166,101,168
F42022,20,code3|centroid,1018,201.72970986131304,166,90,237
F42022,20,code3|centroid,1019,149.6162442581741,166,77,241
F42022,20,code3|centroid,1020,105.548316868352,166,77,232
F42022,20,code3|centroid,1021,224.53544297933422,166,77,223
F42022,20,code3|centroid,1022,258.677729074112,166,96,245
F42022,20,code3|centroid,1023,96.90727286118852,166,77,343
F42022,20,code3|centroid,1024,226.83699128908484,166,103,212
F42022,20,code3|centroid,1025,167.74297612799955,166,78,236
F42022,20,code3|centroid,1026,251.7100444110638,166,86,197
F42022,20,code3|centroid,1027,209.63934267436002,166,87,241
F42022,20,code3|centroid,1028,244.60704951532034,166,79,183
F42022,20,code3|centroid,1029,195.26365851117555,166,91,211
F42022,20,paper2|orig,1000,234.0475251722694,250,33,285
F42022,20,paper2|orig,1001,167.12372793135387,250,31,273
F42022,20,paper2|orig,1002,230.29947918818607,250,29,272
F42022,20,paper2|orig,1003,217.86406878597495,250,39,231
F42022,20,paper2|orig,1004,230.37740415092298,250,45,255
F42022,20,paper2|orig,1005,298.00658963628985,250,33,240
F42022,20,paper2|orig,1006,258.0023909863273,250,55,278
F42022,20,paper2|orig,1007,252.49393409949107,250,33,231
F42022,20,paper2|orig,1008,221.40666208960147,250,62,270
F42022,20,paper2|orig,1009,253.8837564825517,250,40,274
F42022,20,paper2|orig,1010,199.57566784088476,250,48,242
F42022,20,paper2|orig,1011,243.78695448770486,250,40,274
F42022,20,paper2|orig,1012,254.63673699777223,250,35,234
F42022,20,paper2|orig,1013,241.5811899967182,250,46,248
F42022,20,paper2|orig,1014,212.6746753719642,250,46,258
F42022,20,paper2|orig,1015,220.5714863857628,250,43,291
F42022,20,paper2|orig,1016,222.2579968479672,250,35,256
F42022,20,paper2|orig,1017,221.14076431000774,250,29,261
F42022,20,paper2|orig,1018,201.0459747539668,250,48,242
F42022,20,paper2|orig,1019,233.8015947174688,250,33,277
F42022,20,paper2|orig,1020,160.09182708412504,250,37,278
F42022,20,paper2|orig,1021,252.50311911619883,250,30,264
F42022,20,paper2|orig,1022,215.10492560536284,250,45,293
F42022,20,paper2|orig,1023,227.16235623781495,250,45,259
F42022,20,paper2|orig,1024,220.17717891893176,250,29,279
F42022,20,paper2|orig,1025,229.2968127655147,250,36,288
F42022,20,paper2|orig,1026,220.93177293468625,250,41,234
F42022,20,paper2|orig,1027,251.4477090406142,250,30,244
F42022,20,paper2|orig,1028,258.77637624836393,250,47,284
F42022,20,paper2|orig,1029,221.64799444804885,250,35,249
F42022,20,paper2|centroid,1000,230.04615295959707,250,141,180
F42022,20,paper2|centroid,1001,265.7783677610414,250,84,193
F42022,20,paper2|centroid,1002,244.0663417207138,250,84,196
F42022,20,paper2|centroid,1003,169.29403317471792,250,99,197
F42022,20,paper2|centroid,1004,239.62336870729155,250,90,187
F42022,20,paper2|centroid,1005,252.6614723369387,250,107,174
F42022,20,paper2|centroid,1006,261.49059065423535,250,105,173
F42022,20,paper2|centroid,1007,222.50834701942506,250,79,164
F42022,20,paper2|centroid,1008,187.38241329420748,250,130,203
F42022,20,paper2|centroid,1009,196.7341496934191,250,104,166
F42022,20,paper2|centroid,1010,227.53168426179673,250,135,173
F42022,20,paper2|centroid,1011,209.46037015953243,250,105,201
F42022,20,paper2|centroid,1012,191.21777881546552,250,131,175
F42022,20,paper2|centroid,1013,223.60941404100004,250,101,224
F42022,20,paper2|centroid,1014,259.9314167411653,250,116,168
F42022,20,paper2|centroid,1015,252.05079962872492,250,111,194
F42022,20,paper2|centroid,1016,175.06299610439896,250,96,160
F42022,20,paper2|centroid,1017,197.10755118570978,250,120,157
F42022,20,paper2|centroid,1018,201.69976377596822,250,132,204
F42022,20,paper2|centroid,1019,217.11550686454746,250,130,173
F42022,20,paper2|centroid,1020,194.16561828551062,250,139,188
F42022,20,paper2|centroid,1021,250.747034877101,250,98,172
F42022,20,paper2|centroid,1022,261.98559119141146,250,110,172
F42022,20,paper2|centroid,1023,182.44144164568002,250,121,138
F42022,20,paper2|centroid,1024,221.6849307759827,250,137,184
F42022,20,paper2|centroid,1025,229.83698372596632,250,151,159
F42022,20,paper2|centroid,1026,234.50980689410153,250,134,169
F42022,20,paper2|centroid,1027,270.55769752658716,250,80,220
F42022,20,paper2|centroid,1028,218.38389811756997,250,129,197
F42022,20,paper2|centroid,1029,245.65208175932707,250,111,186
F42022,20,c2only|orig,1000,176.56106806183675,250,0,356
F42022,20,c2only|orig,1001,229.7871511437868,250,0,330
F42022,20,c2only|orig,1002,59.025513315093235,250,0,596
F42022,20,c2only|orig,1003,182.66391898642905,250,0,353
F42022,20,c2only|orig,1004,178.1454139534128,250,0,371
F42022,20,c2only|orig,1005,151.1538030379246,250,0,338
F42022,20,c2only|orig,1006,178.42197510502592,250,0,336
F42022,20,c2only|orig,1007,175.07463480463446,250,0,370
F42022,20,c2only|orig,1008,231.64298318055717,250,0,354
F42022,20,c2only|orig,1009,225.7522113375926,250,0,323
F42022,20,c2only|orig,1010,139.49231038498237,250,0,406
F42022,20,c2only|orig,1011,183.93750806562218,250,0,361
F42022,20,c2only|orig,1012,222.10710106759439,250,0,309
F42022,20,c2only|orig,1013,237.08858226304528,250,0,354
F42022,20,c2only|orig,1014,217.99146319014608,250,0,373
F42022,20,c2only|orig,1015,180.58272699231134,250,0,363
F42022,20,c2only|orig,1016,197.13762095977154,250,0,313
F42022,20,c2only|orig,1017,198.07627246258812,250,0,362
F42022,20,c2only|orig,1018,149.28302456234803,250,0,379
F42022,20,c2only|orig,1019,136.35378544550986,250,0,388
F42022,20,c2only|orig,1020,215.03993748710866,250,0,283
F42022,20,c2only|orig,1021,190.80246558575163,250,0,342
F42022,20,c2only|orig,1022,187.51271834188674,250,0,358
F42022,20,c2only|orig,1023,180.23556104160605,250,0,335
F42022,20,c2only|orig,1024,200.6313800334924,250,0,322
F42022,20,c2only|orig,1025,204.35718721449416,250,0,350
F42022,20,c2only|orig,1026,32.316026372938495,250,0,627
F42022,20,c2only|orig,1027,140.57544668795822,250,0,353
F42022,20,c2only|orig,1028,144.98314138141882,250,0,396
F42022,20,c2only|orig,1029,155.83264353719255,250,0,336
F52022,20,code3|orig,1000,0.7235016412973891,166,29,3451
F52022,20,code3|orig,1001,1.269836592872366,166,32,3290
F52022,20,code3|orig,1002,1.0933867822196817,166,42,2793
F52022,20,code3|orig,1003,0.724420012242831,166,40,3423
F52022,20,code3|orig,1004,1.2053317752204293,166,31,3247
F52022,20,code3|orig,1005,1.2725862227609923,166,36,3378
F52022,20,code3|orig,1006,2.0066175453346204,166,28,3064
F52022,20,code3|orig,1007,3.443902883857618,166,24,2567
F52022,20,code3|orig,1008,1.6486748763866217,166,38,3098
F52022,20,code3|orig,1009,1.23507000605116,166,25,3317
F52022,20,code3|orig,1010,3.3079938562077587,166,30,3142
F52022,20,code3|orig,1011,1.183910595997986,166,25,2829
F52022,20,code3|orig,1012,0.29606417105230776,166,25,3548
F52022,20,code3|orig,1013,1.457369798700256,166,35,3308
F52022,20,code3|orig,1014,1.178949891145976,166,30,3309
F52022,20,code3|orig,1015,0.8136922351757221,166,37,2628
F52022,20,code3|orig,1016,0.1853949643972328,166,28,3340
F52022,20,code3|orig,1017,0.7347326261001399,166,34,3341
F52022,20,code3|orig,1018,0.091796896595838,166,33,3268
F52022,20,code3|orig,1019,0.48686758460689816,166,40,3491
F52022,20,code3|orig,1020,0.2714665719123559,166,37,3378
F52022,20,code3|orig,1021,0.8507206560308305,166,33,2979
F52022,20,code3|orig,1022,0.6352309405839378,166,43,3386
F52022,20,code3|orig,1023,0.9120521492997113,166,24,3286
F52022,20,code3|orig,1024,1.0904366517041808,166,23,3232
F52022,20,code3|orig,1025,0.4608539330241683,166,27,3163
F52022,20,code3|orig,1026,0.6372106657325958,166,37,3018
F52022,20,code3|orig,1027,1.2788202869818406,166,20,2886
F52022,20,code3|orig,1028,0.001986516110264347,166,30,3395
F52022,20,code3|orig,1029,1.0879492577353176,166,24,3151
F52022,20,code3|centroid,1000,0.08952825324911373,166,2284,1772
F52022,20,code3|centroid,1001,1.4525074551041826,166,1909,1729
F52022,20,code3|centroid,1002,2.5491941611887796,166,1088,1735
F52022,20,code3|centroid,1003,0.8124370244822785,166,2112,1613
F52022,20,code3|centroid,1004,0.1790565024159605,166,2259,1729
F52022,20,code3|centroid,1005,0.9981762885129228,166,2253,1699
F52022,20,code3|centroid,1006,1.7220080299711071,166,1132,2015
F52022,20,code3|centroid,1007,0.9019657021621015,166,1586,1857
F52022,20,code3|centroid,1008,1.8179841911983203,166,1251,1853
F52022,20,code3|centroid,1009,1.177244257936195,166,1432,1842
F52022,20,code3|centroid,1010,0.6333805216197561,166,2248,1680
F52022,20,code3|centroid,1011,1.187640918942634e-08,166,2382,1699
F52022,20,code3|centroid,1012,0.9511266543347574,166,1344,1939
F52022,20,code3|centroid,1013,0.5438522748690957,166,2185,1731
F52022,20,code3|centroid,1014,0.7229091446467919,166,1593,1994
F52022,20,code3|centroid,1015,0.45445461279075516,166,2111,1661
F52022,20,code3|centroid,1016,0.08952825060941905,166,2158,1774
F52022,20,code3|centroid,1017,1.5432981817700693,166,954,2045
F52022,20,code3|centroid,1018,0.6333805335311808,166,1863,1781
F52022,20,code3|centroid,1019,0.5438522698104862,166,2097,1677
F52022,20,code3|centroid,1020,2.0858892704072787,166,1464,1715
F52022,20,code3|centroid,1021,0.3581143274866463,166,1838,1745
F52022,20,code3|centroid,1022,0.543852279984776,166,2130,1546
F52022,20,code3|centroid,1023,0.7229088956131591,166,2219,1680
F52022,20,code3|centroid,1024,0.6333845198305426,166,1606,1949
F52022,20,code3|centroid,1025,0.5438526261194738,166,2199,1682
F52022,20,code3|centroid,1026,1.1772579457610846,166,1263,1975
F52022,20,code3|centroid,1027,1.1772359811548085,166,1901,1764
F52022,20,code3|centroid,1028,0.6333805202109488,166,2300,1738
F52022,20,code3|centroid,1029,0.9981771245611526,166,1854,1844
F52022,20,paper2|orig,1000,0.08952988993962663,250,41,2572
F52022,20,paper2|orig,1001,0.08967484558286287,250,34,2624
F52022,20,paper2|orig,1002,0.0003035369575172808,250,42,3000
F52022,20,paper2|orig,1003,0.00033510781850054627,250,32,2911
F52022,20,paper2|orig,1004,0.00021418642950266076,250,40,3151
F52022,20,paper2|orig,1005,0.08966016600618332,250,27,2607
F52022,20,paper2|orig,1006,0.0005024900810894906,250,32,2172
F52022,20,paper2|orig,1007,8.958638238709682e-05,250,40,3104
F52022,20,paper2|orig,1008,6.583864887943491e-06,250,40,2824
F52022,20,paper2|orig,1009,0.08973868829980347,250,41,2961
F52022,20,paper2|orig,1010,0.4543294310543615,250,22,2595
F52022,20,paper2|orig,1011,1.1160648227814818e-07,250,54,2805
F52022,20,paper2|orig,1012,0.08963373983306155,250,30,2854
F52022,20,paper2|orig,1013,0.08954772340996442,250,39,2633
F52022,20,paper2|orig,1014,0.45435550130628144,250,42,2335
F52022,20,paper2|orig,1015,0.0014130838660548761,250,47,2950
F52022,20,paper2|orig,1016,0.00012857198714755214,250,33,2597
F52022,20,paper2|orig,1017,0.08953076382147174,250,38,2880
F52022,20,paper2|orig,1018,1.6116305232571904e-06,250,38,2975
F52022,20,paper2|orig,1019,0.0010253727764393261,250,46,3046
F52022,20,paper2|orig,1020,0.2685857710075652,250,44,2814
F52022,20,paper2|orig,1021,0.5440625839172526,250,25,2717
F52022,20,paper2|orig,1022,0.08952838943991992,250,38,2793
F52022,20,paper2|orig,1023,4.099704938198556e-06,250,43,2972
F52022,20,paper2|orig,1024,0.2685849242511722,250,30,2759
F52022,20,paper2|orig,1025,0.0897065817201792,250,31,2860
F52022,20,paper2|orig,1026,0.0895672986533782,250,47,2634
F52022,20,paper2|orig,1027,8.080755833361764e-07,250,44,2888
F52022,20,paper2|orig,1028,0.35812406274737896,250,46,2683
F52022,20,paper2|orig,1029,0.0009433019973812407,250,39,3127
F52022,20,paper2|centroid,1000,0.08952825556752941,250,2092,1933
F52022,20,paper2|centroid,1001,2.0181789750495227e-07,250,2867,1566
F52022,20,paper2|centroid,1002,5.669107849826105e-09,250,3171,1657
F52022,20,paper2|centroid,1003,1.7621459846850485e-11,250,3614,1763
F52022,20,paper2|centroid,1004,0.08952853949790551,250,2509,1858
F52022,20,paper2|centroid,1005,1.2960299500264227e-10,250,2669,1702
F52022,20,paper2|centroid,1006,0.08952825070150539,250,2910,1630
F52022,20,paper2|centroid,1007,0.08952825041785673,250,2623,1746
F52022,20,paper2|centroid,1008,0.2685847623765767,250,2540,1514
F52022,20,paper2|centroid,1009,1.087704831215774,250,2450,1470
F52022,20,paper2|centroid,1010,1.475791577831842e-08,250,2702,1755
F52022,20,paper2|centroid,1011,5.7068518799496815e-08,250,2425,1877
F52022,20,paper2|centroid,1012,0.1790565462451923,250,2529,1948
F52022,20,paper2|centroid,1013,0.08953501984660761,250,3050,1772
F52022,20,paper2|centroid,1014,0.08952825439484968,250,3235,1659
F52022,20,paper2|centroid,1015,0.4543240192581379,250,3359,1760
F52022,20,paper2|centroid,1016,0.17905654352489364,250,2129,1918
F52022,20,paper2|centroid,1017,0.08952826913582612,250,2924,1747
F52022,20,paper2|centroid,1018,0.08953387793553702,250,1994,2137
F52022,20,paper2|centroid,1019,0.7229088143329818,250,2645,1497
F52022,20,paper2|centroid,1020,0.5438523237630761,250,2616,1484
F52022,20,paper2|centroid,1021,0.5438532076827869,250,2172,1793
F52022,20,paper2|centroid,1022,0.08952842166411301,250,3350,1593
F52022,20,paper2|centroid,1023,0.17905651492571906,250,1705,2056
F52022,20,paper2|centroid,1024,0.17905653313152925,250,2553,1687
F52022,20,paper2|centroid,1025,2.399033292022068e-07,250,3026,1555
F52022,20,paper2|centroid,1026,3.040372575924266e-08,250,2683,1577
F52022,20,paper2|centroid,1027,0.08952955130257578,250,1636,1829
F52022,20,paper2|centroid,1028,0.08954097999992428,250,1579,1793
F52022,20,paper2|centroid,1029,0.08952825042956647,250,2885,1609
F52022,20,c2only|orig,1000,1.4962821993634634,250,0,4681
F52022,20,c2only|orig,1001,0.08973029689991563,250,0,5301
F52022,20,c2only|orig,1002,0.9110286372758765,250,0,5119
F52022,20,c2only|orig,1003,0.6375703840619735,250,0,5010
F52022,20,c2only|orig,1004,0.44947404832862503,250,0,5123
F52022,20,c2only|orig,1005,0.545861263405186,250,0,5490
F52022,20,c2only|orig,1006,1.0881087009527164,250,0,4909
F52022,20,c2only|orig,1007,0.5462218383335085,250,0,5388
F52022,20,c2only|orig,1008,1.1777589731145781,250,0,5252
F52022,20,c2only|orig,1009,1.6363396691100434,250,0,4328
F52022,20,c2only|orig,1010,0.18021740049846358,250,0,5222
F52022,20,c2only|orig,1011,0.45980501559381537,250,0,5227
F52022,20,c2only|orig,1012,0.7409461663889942,250,0,5347
F52022,20,c2only|orig,1013,0.6424831167574894,250,0,4886
F52022,20,c2only|orig,1014,2.650688984465205,250,0,4276
F52022,20,c2only|orig,1015,0.6362941957642079,250,0,4948
F52022,20,c2only|orig,1016,0.6353330488120719,250,0,5568
F52022,20,c2only|orig,1017,0.1795403428689042,250,0,5270
F52022,20,c2only|orig,1018,0.5441916674683398,250,0,5109
F52022,20,c2only|orig,1019,0.6365558939334051,250,0,5029
F52022,20,c2only|orig,1020,1.6938374278036008,250,0,3407
F52022,20,c2only|orig,1021,0.26900944317492304,250,0,5225
F52022,20,c2only|orig,1022,0.09931706150098307,250,0,5287
F52022,20,c2only|orig,1023,0.0936105619373393,250,0,5138
F52022,20,c2only|orig,1024,2.0532791171857525,250,0,4262
F52022,20,c2only|orig,1025,0.2704668337534031,250,0,5357
F52022,20,c2only|orig,1026,0.5442745447804782,250,0,4847
F52022,20,c2only|orig,1027,0.3592475534634332,250,0,5144
F52022,20,c2only|orig,1028,0.820964341058243,250,0,4940
F52022,20,c2only|orig,1029,0.269978664502446,250,0,5269
F62022,20,code3|orig,1000,39383.15664790022,166,28,3377
F62022,20,code3|orig,1001,52323.78598495326,166,37,3316
F62022,20,code3|orig,1002,83917.28357255952,166,35,3354
F62022,20,code3|orig,1003,41602.45717515044,166,28,3244
F62022,20,code3|orig,1004,53639.00352910842,166,30,3349
F62022,20,code3|orig,1005,77639.38747015099,166,39,3380
F62022,20,code3|orig,1006,68558.94309006205,166,38,3269
F62022,20,code3|orig,1007,60396.15142666474,166,33,3272
F62022,20,code3|orig,1008,25909.25731257565,166,32,3213
F62022,20,code3|orig,1009,81061.6693067962,166,29,3347
F62022,20,code3|orig,1010,25386.508176434592,166,34,3292
F62022,20,code3|orig,1011,47009.76561121732,166,37,3257
F62022,20,code3|orig,1012,43470.67868573506,166,40,3262
F62022,20,code3|orig,1013,30020.55760834895,166,28,3294
F62022,20,code3|orig,1014,39700.258921015346,166,36,3186
F62022,20,code3|orig,1015,36753.99889909149,166,36,3243
F62022,20,code3|orig,1016,84457.9794922735,166,38,3340
F62022,20,code3|orig,1017,47652.20483707541,166,39,3360
F62022,20,code3|orig,1018,57169.16947736282,166,28,3298
F62022,20,code3|orig,1019,43652.642021467924,166,24,3285
F62022,20,code3|orig,1020,61539.35094190546,166,31,3373
F62022,20,code3|orig,1021,49064.19908916413,166,38,3256
F62022,20,code3|orig,1022,45306.65655678013,166,35,3390
F62022,20,code3|orig,1023,56304.16583666412,166,34,3332
F62022,20,code3|orig,1024,61870.33338071604,166,42,3333
F62022,20,code3|orig,1025,22455.89483484385,166,35,3270
F62022,20,code3|orig,1026,45096.14516300347,166,45,3229
F62022,20,code3|orig,1027,87244.02867929077,166,29,3368
F62022,20,code3|orig,1028,50443.015862848304,166,40,3289
F62022,20,code3|orig,1029,66177.6576471696,166,31,3280
F62022,20,code3|centroid,1000,93595.13313277361,166,902,2952
F62022,20,code3|centroid,1001,93278.54428944674,166,711,3051
F62022,20,code3|centroid,1002,85565.50148095006,166,878,2860
F62022,20,code3|centroid,1003,45993.55513693066,166,743,2996
F62022,20,code3|centroid,1004,60496.93055622297,166,716,3027
F62022,20,code3|centroid,1005,66804.45782153218,166,766,2941
F62022,20,code3|centroid,1006,46509.62715161566,166,858,2874
F62022,20,code3|centroid,1007,61955.88301260626,166,514,3056
F62022,20,code3|centroid,1008,8910.92334416123,166,462,3086
F62022,20,code3|centroid,1009,37200.59183688698,166,616,2960
F62022,20,code3|centroid,1010,57033.34397424499,166,529,2882
F62022,20,code3|centroid,1011,117416.78713584867,166,966,2781
F62022,20,code3|centroid,1012,22336.189915214476,166,558,3020
F62022,20,code3|centroid,1013,51798.45769463631,166,737,2916
F62022,20,code3|centroid,1014,53993.93351281845,166,766,2926
F62022,20,code3|centroid,1015,28371.767940948008,166,620,3017
F62022,20,code3|centroid,1016,96240.90804302508,166,922,2707
F62022,20,code3|centroid,1017,63593.16761215115,166,559,3107
F62022,20,code3|centroid,1018,53094.521490753934,166,632,2962
F62022,20,code3|centroid,1019,39782.45220273908,166,768,2909
F62022,20,code3|centroid,1020,72162.18723021893,166,681,3121
F62022,20,code3|centroid,1021,90120.74192796528,166,837,2948
F62022,20,code3|centroid,1022,21419.481907347916,166,576,2980
F62022,20,code3|centroid,1023,31936.4104152996,166,585,2957
F62022,20,code3|centroid,1024,83996.95620631229,166,874,2834
F62022,20,code3|centroid,1025,58235.50011716405,166,772,2828
F62022,20,code3|centroid,1026,68416.73405017455,166,466,2994
F62022,20,code3|centroid,1027,54396.60140334796,166,545,3069
F62022,20,code3|centroid,1028,48125.18671158162,166,599,3048
F62022,20,code3|centroid,1029,78193.37914393056,166,544,3115
F62022,20,paper2|orig,1000,28836659.617768824,250,37,433
F62022,20,paper2|orig,1001,5222479.0630660225,250,35,526
F62022,20,paper2|orig,1002,2289597.695453129,250,44,543
F62022,20,paper2|orig,1003,10959806.109904226,250,31,538
F62022,20,paper2|orig,1004,7077821.171363132,250,31,525
F62022,20,paper2|orig,1005,12466344.109681724,250,32,501
F62022,20,paper2|orig,1006,16366085.514454477,250,51,420
F62022,20,paper2|orig,1007,38872127.37380021,250,47,383
F62022,20,paper2|orig,1008,11430376.834638814,250,27,430
F62022,20,paper2|orig,1009,45821176.7791983,250,44,400
F62022,20,paper2|orig,1010,786866.6107568878,250,40,617
F62022,20,paper2|orig,1011,21117017.30484037,250,35,414
F62022,20,paper2|orig,1012,2485937.67570582,250,35,514
F62022,20,paper2|orig,1013,325675.92189019505,250,32,747
F62022,20,paper2|orig,1014,3202517.6718889875,250,44,537
F62022,20,paper2|orig,1015,6954827.133055555,250,48,538
F62022,20,paper2|orig,1016,9091828.46264146,250,42,546
F62022,20,paper2|orig,1017,9385383.176915735,250,35,466
F62022,20,paper2|orig,1018,10894834.238147752,250,41,474
F62022,20,paper2|orig,1019,22688800.63832638,250,44,443
F62022,20,paper2|orig,1020,5421591.4355795095,250,37,493
F62022,20,paper2|orig,1021,22323346.653626338,250,39,453
F62022,20,paper2|orig,1022,1111292.9833711376,250,30,614
F62022,20,paper2|orig,1023,8940729.932573656,250,46,548
F62022,20,paper2|orig,1024,15783350.103207948,250,41,451
F62022,20,paper2|orig,1025,1951507.3673025414,250,46,595
F62022,20,paper2|orig,1026,27621547.492932487,250,46,453
F62022,20,paper2|orig,1027,19669561.980601035,250,44,391
F62022,20,paper2|orig,1028,18164179.251084123,250,47,472
F62022,20,paper2|orig,1029,28786597.42165221,250,52,478
F62022,20,paper2|centroid,1000,69509.93034111455,250,1203,277
F62022,20,paper2|centroid,1001,73572.81267306322,250,1267,290
F62022,20,paper2|centroid,1002,109750.65840112344,250,991,345
F62022,20,paper2|centroid,1003,81867.74864221188,250,965,276
F62022,20,paper2|centroid,1004,57498.865195295904,250,1021,343
F62022,20,paper2|centroid,1005,68665.54403645397,250,1293,268
F62022,20,paper2|centroid,1006,85109.11983812589,250,1118,324
F62022,20,paper2|centroid,1007,81715.01095789725,250,970,243
F62022,20,paper2|centroid,1008,105844.89914027092,250,1017,304
F62022,20,paper2|centroid,1009,99237.63862845647,250,1146,241
F62022,20,paper2|centroid,1010,103362.55999716005,250,1202,236
F62022,20,paper2|centroid,1011,134181.52965983382,250,947,287
F62022,20,paper2|centroid,1012,56800.51293121084,250,1213,279
F62022,20,paper2|centroid,1013,57172.61387970839,250,1059,254
F62022,20,paper2|centroid,1014,47804.465512044524,250,1081,310
F62022,20,paper2|centroid,1015,62103.63208333794,250,1195,259
F62022,20,paper2|centroid,1016,153232.62287216305,250,919,291
F62022,20,paper2|centroid,1017,81629.07843523854,250,1166,324
F62022,20,paper2|centroid,1018,90498.78947794292,250,976,345
F62022,20,paper2|centroid,1019,85897.75323984839,250,1093,326
F62022,20,paper2|centroid,1020,94882.92741631324,250,1044,269
F62022,20,paper2|centroid,1021,95998.9225588298,248,1179,734
F62022,20,paper2|centroid,1022,58078.93014929078,250,1191,270
F62022,20,paper2|centroid,1023,83610.73969428902,250,1286,234
F62022,20,paper2|centroid,1024,135860.54467955095,250,981,283
F62022,20,paper2|centroid,1025,116726.67356662414,250,1125,284
F62022,20,paper2|centroid,1026,48851.65050674289,250,1138,295
F62022,20,paper2|centroid,1027,68108.12675833165,250,1117,248
F62022,20,paper2|centroid,1028,65067.8803692605,250,1224,249
F62022,20,paper2|centroid,1029,116315.78240064041,250,1233,342
F62022,20,c2only|orig,1000,26303.447753263426,250,0,5008
F62022,20,c2only|orig,1001,35379.163789740116,250,0,5054
F62022,20,c2only|orig,1002,69770.55998968692,250,0,5127
F62022,20,c2only|orig,1003,56059.8236589704,250,0,5163
F62022,20,c2only|orig,1004,40466.29856300464,250,0,4959
F62022,20,c2only|orig,1005,28163.2422089448,250,0,5163
F62022,20,c2only|orig,1006,27058.6429237954,250,0,5054
F62022,20,c2only|orig,1007,39576.338918246794,250,0,5213
F62022,20,c2only|orig,1008,23091.05846613373,250,0,5081
F62022,20,c2only|orig,1009,27756.213946483695,250,0,5118
F62022,20,c2only|orig,1010,32898.415016242354,250,0,5116
F62022,20,c2only|orig,1011,24127.573364875483,250,0,5060
F62022,20,c2only|orig,1012,51920.9895522914,250,0,5046
F62022,20,c2only|orig,1013,42349.08000078008,250,0,5091
F62022,20,c2only|orig,1014,36519.880768145966,250,0,5200
F62022,20,c2only|orig,1015,29088.57219161288,250,0,5105
F62022,20,c2only|orig,1016,57011.90427306434,250,0,5185
F62022,20,c2only|orig,1017,43228.221788097886,250,0,5079
F62022,20,c2only|orig,1018,23576.807227857444,250,0,5137
F62022,20,c2only|orig,1019,77009.38289049246,250,0,5069
F62022,20,c2only|orig,1020,47730.958449531114,250,0,5090
F62022,20,c2only|orig,1021,49425.62598244364,250,0,4956
F62022,20,c2only|orig,1022,39858.55002611408,250,0,5010
F62022,20,c2only|orig,1023,36764.05691456645,250,0,5181
F62022,20,c2only|orig,1024,52511.44551382084,250,0,5162
F62022,20,c2only|orig,1025,33247.34651577029,250,0,5152
F62022,20,c2only|orig,1026,38696.58390397299,250,0,5081
F62022,20,c2only|orig,1027,26793.76104577304,250,0,5068
F62022,20,c2only|orig,1028,24109.347162357055,250,0,4929
F62022,20,c2only|orig,1029,41209.817066990116,250,0,5164
F72022,20,code3|orig,1000,58.65147249485835,166,31,653
F72022,20,code3|orig,1001,78.22663400492456,166,36,542
F72022,20,code3|orig,1002,62.31941201706286,166,28,590
F72022,20,code3|orig,1003,66.53472061787215,166,32,536
F72022,20,code3|orig,1004,48.09067337491069,166,39,642
F72022,20,code3|orig,1005,74.37745920899624,166,45,542
F72022,20,code3|orig,1006,45.072966169907204,166,32,739
F72022,20,code3|orig,1007,78.38931719068887,166,40,507
F72022,20,code3|orig,1008,45.521012051360685,166,41,564
F72022,20,code3|orig,1009,49.67459409704907,166,36,621
F72022,20,code3|orig,1010,68.81334019988708,166,39,616
F72022,20,code3|orig,1011,44.83116696802995,166,27,638
F72022,20,code3|orig,1012,45.81064301308379,166,40,630
F72022,20,code3|orig,1013,77.73827159956636,166,39,624
F72022,20,code3|orig,1014,165.3295825801888,166,35,391
F72022,20,code3|orig,1015,53.08400401014569,166,32,619
F72022,20,code3|orig,1016,36.219427158452845,166,28,687
F72022,20,code3|orig,1017,55.074581643558304,166,24,608
F72022,20,code3|orig,1018,42.73895610457339,166,30,718
F72022,20,code3|orig,1019,34.4601107170497,166,28,809
F72022,20,code3|orig,1020,39.82670134995533,166,42,769
F72022,20,code3|orig,1021,51.21920141201417,166,37,644
F72022,20,code3|orig,1022,113.83838569961972,166,35,708
F72022,20,code3|orig,1023,60.86618345076931,166,28,716
F72022,20,code3|orig,1024,48.69420544546165,166,23,698
F72022,20,code3|orig,1025,42.85946702503702,166,32,633
F72022,20,code3|orig,1026,69.69077729575065,166,27,664
F72022,20,code3|orig,1027,55.18146841900898,166,35,675
F72022,20,code3|orig,1028,35.56211765127159,166,21,746
F72022,20,code3|orig,1029,75.95436495298145,166,50,529
F72022,20,code3|centroid,1000,51.51304295532918,166,234,462
F72022,20,code3|centroid,1001,106.65734795683329,166,214,382
F72022,20,code3|centroid,1002,39.743293828980086,166,253,468
F72022,20,code3|centroid,1003,86.56229540374716,166,206,389
F72022,20,code3|centroid,1004,55.53216183680888,166,239,388
F72022,20,code3|centroid,1005,160.54547175319476,166,224,366
F72022,20,code3|centroid,1006,45.98000161228288,166,287,475
F72022,20,code3|centroid,1007,45.51100375134956,166,245,494
F72022,20,code3|centroid,1008,77.75017758970671,166,193,383
F72022,20,code3|centroid,1009,68.49288311791497,166,198,400
F72022,20,code3|centroid,1010,111.68775185191043,166,180,399
F72022,20,code3|centroid,1011,80.82668823307131,166,215,345
F72022,20,code3|centroid,1012,55.765503165026985,166,247,417
F72022,20,code3|centroid,1013,53.4299108993182,166,274,416
F72022,20,code3|centroid,1014,46.97169894291346,166,255,458
F72022,20,code3|centroid,1015,46.87119212431935,166,243,430
F72022,20,code3|centroid,1016,40.083989060960675,166,295,451
F72022,20,code3|centroid,1017,53.430696077769426,166,213,438
F72022,20,code3|centroid,1018,53.5833995166895,166,269,404
F72022,20,code3|centroid,1019,42.56366469335853,166,202,462
F72022,20,code3|centroid,1020,124.1194332129844,166,205,392
F72022,20,code3|centroid,1021,47.83262681643214,166,246,475
F72022,20,code3|centroid,1022,65.58111512873029,166,185,410
F72022,20,code3|centroid,1023,560.0553314256945,166,197,446
F72022,20,code3|centroid,1024,69.92325614816355,166,197,384
F72022,20,code3|centroid,1025,56.54608846645897,166,193,375
F72022,20,code3|centroid,1026,57.31605538051417,166,230,409
F72022,20,code3|centroid,1027,36.59636477779213,166,273,524
F72022,20,code3|centroid,1028,70.92828560092676,166,202,455
F72022,20,code3|centroid,1029,129.20614060780372,166,182,333
F72022,20,paper2|orig,1000,120.16163236892316,250,56,437
F72022,20,paper2|orig,1001,154.16584783040207,250,46,477
F72022,20,paper2|orig,1002,152.59730175403774,250,42,440
F72022,20,paper2|orig,1003,201.56738608291516,250,26,407
F72022,20,paper2|orig,1004,79.29669057240608,250,44,548
F72022,20,paper2|orig,1005,148.62776521516707,250,53,495
F72022,20,paper2|orig,1006,221.9462902875748,250,39,451
F72022,20,paper2|orig,1007,88.46041932275102,250,38,534
F72022,20,paper2|orig,1008,90.66929129608752,250,45,507
F72022,20,paper2|orig,1009,147.18663126920455,250,36,393
F72022,20,paper2|orig,1010,234.79836646798412,250,36,329
F72022,20,paper2|orig,1011,79.75666623770758,250,46,465
F72022,20,paper2|orig,1012,60.81272578927246,250,53,602
F72022,20,paper2|orig,1013,155.30820624069156,250,49,452
F72022,20,paper2|orig,1014,70.92597125379916,250,48,582
F72022,20,paper2|orig,1015,96.52285250240811,250,40,504
F72022,20,paper2|orig,1016,94.97411686438818,250,39,469
F72022,20,paper2|orig,1017,86.70632862790626,250,33,558
F72022,20,paper2|orig,1018,90.30314756332564,250,41,507
F72022,20,paper2|orig,1019,64.07830772453826,250,51,660
F72022,20,paper2|orig,1020,105.02454947372189,250,43,563
F72022,20,paper2|orig,1021,98.25621948037315,250,39,484
F72022,20,paper2|orig,1022,99.08420247047479,250,36,479
F72022,20,paper2|orig,1023,156.23204612644076,250,44,454
F72022,20,paper2|orig,1024,79.58521403848044,250,29,563
F72022,20,paper2|orig,1025,317.3725146952602,250,40,361
F72022,20,paper2|orig,1026,115.3634820966713,250,37,460
F72022,20,paper2|orig,1027,163.6201571722704,250,43,480
F72022,20,paper2|orig,1028,114.92227738702331,250,39,457
F72022,20,paper2|orig,1029,74.89881474141339,250,51,540
F72022,20,paper2|centroid,1000,173.60988085046665,250,245,273
F72022,20,paper2|centroid,1001,76.00376280333967,250,315,346
F72022,20,paper2|centroid,1002,45.91089369085762,250,446,360
F72022,20,paper2|centroid,1003,54.42742257527016,250,400,345
F72022,20,paper2|centroid,1004,50.9317249440478,250,468,298
F72022,20,paper2|centroid,1005,96.90846412319206,250,396,273
F72022,20,paper2|centroid,1006,99.9901314066442,250,311,258
F72022,20,paper2|centroid,1007,47.580424865233454,250,487,318
F72022,20,paper2|centroid,1008,89.99674004901226,250,330,271
F72022,20,paper2|centroid,1009,63.36646906375108,250,296,318
F72022,20,paper2|centroid,1010,86.16041664778186,250,328,291
F72022,20,paper2|centroid,1011,146.79445856275242,250,277,243
F72022,20,paper2|centroid,1012,60.54301889234148,250,366,281
F72022,20,paper2|centroid,1013,64.90452339697413,250,464,385
F72022,20,paper2|centroid,1014,85.9163976973623,250,312,306
F72022,20,paper2|centroid,1015,55.41135808217541,250,349,342
F72022,20,paper2|centroid,1016,46.46640264740586,250,489,295
F72022,20,paper2|centroid,1017,51.552937518312774,250,403,261
F72022,20,paper2|centroid,1018,67.93497748261188,250,334,283
F72022,20,paper2|centroid,1019,38.414316493591514,250,508,314
F72022,20,paper2|centroid,1020,50.67087967123052,250,448,330
F72022,20,paper2|centroid,1021,57.10250439077936,250,443,356
F72022,20,paper2|centroid,1022,70.62958914321553,250,334,343
F72022,20,paper2|centroid,1023,70.94186173575463,250,388,317
F72022,20,paper2|centroid,1024,593.7521974178057,250,253,267
F72022,20,paper2|centroid,1025,67.34360290885888,250,318,287
F72022,20,paper2|centroid,1026,62.11978699467818,250,403,310
F72022,20,paper2|centroid,1027,65.68459550463967,250,409,307
F72022,20,paper2|centroid,1028,44.95418616436996,250,543,307
F72022,20,paper2|centroid,1029,52.72222933330477,250,430,320
F72022,20,c2only|orig,1000,32.46814020335046,249,0,837
F72022,20,c2only|orig,1001,66.31271031429787,250,0,683
F72022,20,c2only|orig,1002,39.9237447507046,250,0,802
F72022,20,c2only|orig,1003,56.64173904948984,250,0,682
F72022,20,c2only|orig,1004,50.703693985271,249,0,816
F72022,20,c2only|orig,1005,43.16361900586048,249,0,1045
F72022,20,c2only|orig,1006,52.63464452552489,249,0,796
F72022,20,c2only|orig,1007,55.00615511624801,250,0,732
F72022,20,c2only|orig,1008,40.7552132699152,250,0,715
F72022,20,c2only|orig,1009,59.31908361420983,250,0,670
F72022,20,c2only|orig,1010,40.3274109342849,250,0,764
F72022,20,c2only|orig,1011,50.158773941822346,250,0,733
F72022,20,c2only|orig,1012,44.72834242446379,249,0,802
F72022,20,c2only|orig,1013,36.059558580987186,249,0,819
F72022,20,c2only|orig,1014,83.77420870791366,250,0,623
F72022,20,c2only|orig,1015,59.62815327508497,250,0,709
F72022,20,c2only|orig,1016,49.87739169074439,250,0,665
F72022,20,c2only|orig,1017,42.50229319849632,249,0,898
F72022,20,c2only|orig,1018,41.48366834993408,250,0,682
F72022,20,c2only|orig,1019,43.00031392369351,249,0,923
F72022,20,c2only|orig,1020,38.23336625310685,249,0,908
F72022,20,c2only|orig,1021,60.493279489519864,250,0,688
F72022,20,c2only|orig,1022,40.83820888375567,249,0,995
F72022,20,c2only|orig,1023,51.58090051515819,250,0,750
F72022,20,c2only|orig,1024,34.30455033829094,249,0,1065
F72022,20,c2only|orig,1025,161.23655150943296,250,0,624
F72022,20,c2only|orig,1026,31.82527174182701,249,0,1166
F72022,20,c2only|orig,1027,39.929432415704696,249,0,831
F72022,20,c2only|orig,1028,65.90946444225256,250,0,545
F72022,20,c2only|orig,1029,35.507541515052935,249,0,866
F82022,20,code3|orig,1000,38.49039272458458,166,24,1180
F82022,20,code3|orig,1001,36.97344745814189,166,28,1337
F82022,20,code3|orig,1002,51.53545166297317,166,27,1512
F82022,20,code3|orig,1003,256.5047022747676,166,29,2654
F82022,20,code3|orig,1004,30.796995185687592,166,32,1118
F82022,20,code3|orig,1005,39.4876530384895,166,22,1242
F82022,20,code3|orig,1006,64.6154304860961,166,26,1869
F82022,20,code3|orig,1007,161.25542283657205,166,26,2128
F82022,20,code3|orig,1008,34.80621156348752,166,21,1816
F82022,20,code3|orig,1009,42.51603196100041,166,27,1303
F82022,20,code3|orig,1010,33.67831624746077,166,28,1441
F82022,20,code3|orig,1011,57.55243390998157,166,23,1877
F82022,20,code3|orig,1012,116.94168579941515,166,22,1992
F82022,20,code3|orig,1013,70.23500685336967,166,25,2781
F82022,20,code3|orig,1014,44.80048026481745,166,26,1424
F82022,20,code3|orig,1015,115.20365159633093,166,25,1961
F82022,20,code3|orig,1016,37.73587918267049,166,27,1620
F82022,20,code3|orig,1017,58.44974592159224,166,24,1707
F82022,20,code3|orig,1018,53.25643288504989,166,28,2138
F82022,20,code3|orig,1019,42.73067091863504,166,28,1272
F82022,20,code3|orig,1020,36.196924307459085,166,22,1243
F82022,20,code3|orig,1021,131.85865337559972,166,23,2199
F82022,20,code3|orig,1022,28.92713076240034,166,33,1146
F82022,20,code3|orig,1023,40.47791570957543,166,23,1203
F82022,20,code3|orig,1024,33.8877532811689,166,21,1196
F82022,20,code3|orig,1025,37.195461291822994,166,27,1115
F82022,20,code3|orig,1026,104.88472250749146,166,19,1899
F82022,20,code3|orig,1027,31.73886360657434,166,24,1196
F82022,20,code3|orig,1028,191.8876329037039,166,22,1971
F82022,20,code3|orig,1029,42.212350470144884,166,28,1395
F82022,20,code3|centroid,1000,31.498982522218284,166,433,949
F82022,20,code3|centroid,1001,40.04072593816272,166,529,993
F82022,20,code3|centroid,1002,40.87136380048014,166,696,1229
F82022,20,code3|centroid,1003,36.69484381465827,166,415,902
F82022,20,code3|centroid,1004,61.93787421035813,166,546,946
F82022,20,code3|centroid,1005,39.70996485895512,166,466,1108
F82022,20,code3|centroid,1006,366.65796281854637,166,940,1384
F82022,20,code3|centroid,1007,28.896415940733732,166,398,887
F82022,20,code3|centroid,1008,721.1545632789612,166,1159,1755
F82022,20,code3|centroid,1009,333.6701674501951,166,808,1314
F82022,20,code3|centroid,1010,30.274620519749533,166,389,945
F82022,20,code3|centroid,1011,883.5929471616137,166,668,1126
F82022,20,code3|centroid,1012,150.36704303120814,166,800,1254
F82022,20,code3|centroid,1013,27.57971868900404,166,453,971
F82022,20,code3|centroid,1014,53.24724813413286,166,402,831
F82022,20,code3|centroid,1015,45.688161648631194,166,440,941
F82022,20,code3|centroid,1016,28.465051655552543,166,305,654
F82022,20,code3|centroid,1017,31.61056271079542,166,524,933
F82022,20,code3|centroid,1018,57.284753133597405,166,619,1130
F82022,20,code3|centroid,1019,37.2319598285394,166,476,968
F82022,20,code3|centroid,1020,79.49960833509112,166,879,1362
F82022,20,code3|centroid,1021,30.946503897575894,166,423,900
F82022,20,code3|centroid,1022,67.12232215435506,166,865,1521
F82022,20,code3|centroid,1023,37.446391859360574,166,429,1082
F82022,20,code3|centroid,1024,46.23644738806115,166,707,1298
F82022,20,code3|centroid,1025,38.53421529043453,166,510,991
F82022,20,code3|centroid,1026,54.10742890461415,166,494,1053
F82022,20,code3|centroid,1027,28.469622626390446,166,456,861
F82022,20,code3|centroid,1028,60.90938142107825,166,641,1206
F82022,20,code3|centroid,1029,45.450281826573246,166,398,807
F82022,20,paper2|orig,1000,3766.315136024745,250,29,293
F82022,20,paper2|orig,1001,18175.018106990407,250,20,299
F82022,20,paper2|orig,1002,5866.494283058097,250,34,233
F82022,20,paper2|orig,1003,5664.149594410963,250,30,376
F82022,20,paper2|orig,1004,6266.507319522387,250,34,330
F82022,20,paper2|orig,1005,4233.709887328209,250,24,298
F82022,20,paper2|orig,1006,4188.967250176641,250,29,282
F82022,20,paper2|orig,1007,2412.8342487687387,250,32,300
F82022,20,paper2|orig,1008,8596.913142630327,250,25,327
F82022,20,paper2|orig,1009,3046.4167557529636,250,21,300
F82022,20,paper2|orig,1010,11202.97058542571,250,24,301
F82022,20,paper2|orig,1011,2667.4807168720345,250,29,326
F82022,20,paper2|orig,1012,7120.814962588254,250,29,340
F82022,20,paper2|orig,1013,12953.783122167117,250,30,301
F82022,20,paper2|orig,1014,4179.409065914435,250,32,285
F82022,20,paper2|orig,1015,2070.2929502923625,250,23,317
F82022,20,paper2|orig,1016,970.700116138225,250,30,300
F82022,20,paper2|orig,1017,2407.443599761993,250,24,361
F82022,20,paper2|orig,1018,7705.350503713362,250,29,335
F82022,20,paper2|orig,1019,3199.593266594219,250,33,344
F82022,20,paper2|orig,1020,5102.796544359101,250,24,351
F82022,20,paper2|orig,1021,81116.08350238432,250,25,256
F82022,20,paper2|orig,1022,9101.21472532191,250,31,257
F82022,20,paper2|orig,1023,4335.110624564921,250,29,341
F82022,20,paper2|orig,1024,18091.596385021927,250,29,297
F82022,20,paper2|orig,1025,10211.300014978748,250,31,351
F82022,20,paper2|orig,1026,3421.1207899957317,250,30,288
F82022,20,paper2|orig,1027,7448.777112548956,250,31,364
F82022,20,paper2|orig,1028,4924.0498107421645,250,18,326
F82022,20,paper2|orig,1029,7425.8378003906,250,30,292
F82022,20,paper2|centroid,1000,433.3605250402502,250,481,203
F82022,20,paper2|centroid,1001,1281.4517957750377,250,482,183
F82022,20,paper2|centroid,1002,137.46297962776953,250,838,183
F82022,20,paper2|centroid,1003,319.6484654266733,250,476,175
F82022,20,paper2|centroid,1004,1588.2641415397738,250,535,191
F82022,20,paper2|centroid,1005,332.41882736684875,250,536,160
F82022,20,paper2|centroid,1006,195.99858304622467,250,570,198
F82022,20,paper2|centroid,1007,932.0299680090334,250,445,186
F82022,20,paper2|centroid,1008,3525.2463658371526,250,449,151
F82022,20,paper2|centroid,1009,747.3353676787797,250,536,186
F82022,20,paper2|centroid,1010,184.58476974339874,250,762,219
F82022,20,paper2|centroid,1011,1849.9161969421425,250,594,182
F82022,20,paper2|centroid,1012,489.29421794564996,250,542,186
F82022,20,paper2|centroid,1013,1899.5638789629484,250,497,173
F82022,20,paper2|centroid,1014,1155.1790407901126,250,572,171
F82022,20,paper2|centroid,1015,1627.576937303067,250,589,207
F82022,20,paper2|centroid,1016,329.1040219405909,250,674,191
F82022,20,paper2|centroid,1017,182.49135785997987,250,685,167
F82022,20,paper2|centroid,1018,2127.7140639397694,250,554,190
F82022,20,paper2|centroid,1019,1337.7084085050005,250,554,200
F82022,20,paper2|centroid,1020,866.8492896872554,250,536,250
F82022,20,paper2|centroid,1021,1083.2730496505083,250,544,144
F82022,20,paper2|centroid,1022,2319.891505097903,250,605,151
F82022,20,paper2|centroid,1023,124.45052004195213,250,680,198
F82022,20,paper2|centroid,1024,3569.20626429175,250,453,255
F82022,20,paper2|centroid,1025,555.1663499389388,250,699,212
F82022,20,paper2|centroid,1026,1187.4845489382224,250,495,159
F82022,20,paper2|centroid,1027,1191.9179705794259,250,491,206
F82022,20,paper2|centroid,1028,2953.6329495570644,250,570,158
F82022,20,paper2|centroid,1029,251.6561211137673,250,679,227
F82022,20,c2only|orig,1000,41.778911811349644,249,0,2308
F82022,20,c2only|orig,1001,49.688289477251146,249,0,2108
F82022,20,c2only|orig,1002,31.402048015218497,249,0,1835
F82022,20,c2only|orig,1003,37.45122056137234,249,0,1802
F82022,20,c2only|orig,1004,29.749265027032834,248,0,1565
F82022,20,c2only|orig,1005,30.902399902663092,249,0,1863
F82022,20,c2only|orig,1006,43.414155714769095,248,0,1874
F82022,20,c2only|orig,1007,45.25836381978843,248,0,1763
F82022,20,c2only|orig,1008,50.72919032429854,249,0,2384
F82022,20,c2only|orig,1009,30.099210118425617,249,0,1583
F82022,20,c2only|orig,1010,42.69656037801542,249,0,1730
F82022,20,c2only|orig,1011,42.32584595755179,249,0,2358
F82022,20,c2only|orig,1012,33.678215444300804,249,0,1942
F82022,20,c2only|orig,1013,31.500525794737314,249,0,1576
F82022,20,c2only|orig,1014,28.76257755915958,249,0,1910
F82022,20,c2only|orig,1015,37.10263778975377,248,0,1835
F82022,20,c2only|orig,1016,40.709568636024414,249,0,2138
F82022,20,c2only|orig,1017,28.771396977666427,249,0,1678
F82022,20,c2only|orig,1018,35.00823313396904,248,0,1900
F82022,20,c2only|orig,1019,27.631759869637335,248,0,1431
F82022,20,c2only|orig,1020,58.33764928733444,249,0,1769
F82022,20,c2only|orig,1021,34.74154421732601,248,0,1689
F82022,20,c2only|orig,1022,28.973630281546775,249,0,1862
F82022,20,c2only|orig,1023,45.009525277348985,249,0,1667
F82022,20,c2only|orig,1024,31.411723153546973,248,0,1738
F82022,20,c2only|orig,1025,37.90136332066231,248,0,1684
F82022,20,c2only|orig,1026,39.86160511054595,249,0,1920
F82022,20,c2only|orig,1027,30.743909413414713,249,0,1620
F82022,20,c2only|orig,1028,34.02651486434297,249,0,1614
F82022,20,c2only|orig,1029,36.25356798390021,248,0,1820
F92022,20,code3|orig,1000,342.68041924492354,166,30,3961
F92022,20,code3|orig,1001,338.8026186113557,166,30,3879
F92022,20,code3|orig,1002,349.1319227107233,166,26,3888
F92022,20,code3|orig,1003,341.7381797948228,166,34,3824
F92022,20,code3|orig,1004,349.2064663111978,166,31,3853
F92022,20,code3|orig,1005,337.70510333738184,166,36,3873
F92022,20,code3|orig,1006,347.67910430068014,166,33,3928
F92022,20,code3|orig,1007,337.35322275638646,166,31,3855
F92022,20,code3|orig,1008,352.58803412849284,166,38,3875
F92022,20,code3|orig,1009,342.04329239228264,166,33,3804
F92022,20,code3|orig,1010,372.4085104565738,166,30,3933
F92022,20,code3|orig,1011,345.85684500636216,166,41,3765
F92022,20,code3|orig,1012,340.430493669106,166,31,3757
F92022,20,code3|orig,1013,354.4457754859718,166,35,3887
F92022,20,code3|orig,1014,337.35260262789734,166,29,3845
F92022,20,code3|orig,1015,348.41336127299064,166,29,3863
F92022,20,code3|orig,1016,341.45200830019076,166,34,3833
F92022,20,code3|orig,1017,345.3759050085846,166,30,3916
F92022,20,code3|orig,1018,336.93695075754977,166,36,3914
F92022,20,code3|orig,1019,342.1221950217159,166,30,3878
F92022,20,code3|orig,1020,345.9047179164736,166,35,3907
F92022,20,code3|orig,1021,340.0818469421283,166,30,3917
F92022,20,code3|orig,1022,343.3306001712217,166,30,3889
F92022,20,code3|orig,1023,337.44523564215524,166,42,3822
F92022,20,code3|orig,1024,375.03593594186805,166,29,3954
F92022,20,code3|orig,1025,336.0641676187106,166,31,3856
F92022,20,code3|orig,1026,339.74713597619575,166,28,3844
F92022,20,code3|orig,1027,339.4822373690022,166,32,3866
F92022,20,code3|orig,1028,346.8782590006331,166,36,3859
F92022,20,code3|orig,1029,342.2572592393317,166,36,3989
F92022,20,code3|centroid,1000,335.6397403906417,166,2610,1894
F92022,20,code3|centroid,1001,335.686495761086,166,2700,1941
F92022,20,code3|centroid,1002,335.63904172061075,166,2506,1948
F92022,20,code3|centroid,1003,335.74559868226606,166,2640,1923
F92022,20,code3|centroid,1004,335.6404378302177,166,2534,1930
F92022,20,code3|centroid,1005,335.63928163718265,166,2706,1846
F92022,20,code3|centroid,1006,335.6388903825591,166,2463,1969
F92022,20,code3|centroid,1007,343.3565550579319,166,2305,2080
F92022,20,code3|centroid,1008,335.64246760263086,166,2579,1947
F92022,20,code3|centroid,1009,335.65772435099416,166,2554,1972
F92022,20,code3|centroid,1010,335.63880016662597,166,2705,1815
F92022,20,code3|centroid,1011,335.63903010134254,166,2703,1833
F92022,20,code3|centroid,1012,335.638797236963,166,2679,1872
F92022,20,code3|centroid,1013,335.6387704331951,166,2566,1930
F92022,20,code3|centroid,1014,335.6388653355584,166,2528,1941
F92022,20,code3|centroid,1015,335.67772405785763,166,2683,1919
F92022,20,code3|centroid,1016,335.6388817108291,166,2785,1829
F92022,20,code3|centroid,1017,338.3438499539143,166,2483,2007
F92022,20,code3|centroid,1018,335.73537100592966,166,2714,1893
F92022,20,code3|centroid,1019,335.6566599786379,166,2651,1897
F92022,20,code3|centroid,1020,335.6392677526378,166,2595,1872
F92022,20,code3|centroid,1021,335.63981806346055,166,2688,1835
F92022,20,code3|centroid,1022,335.81497836964763,166,2724,1836
F92022,20,code3|centroid,1023,335.79172630065204,166,2651,1877
F92022,20,code3|centroid,1024,335.6675904673575,166,2740,1839
F92022,20,code3|centroid,1025,335.66860296737195,166,2697,1878
F92022,20,code3|centroid,1026,335.7910090158516,166,2807,1845
F92022,20,code3|centroid,1027,335.6397181102975,166,2677,1866
F92022,20,code3|centroid,1028,335.63884950384727,166,2472,1988
F92022,20,code3|centroid,1029,335.63939568943715,166,2676,1880
F92022,20,paper2|orig,1000,335.8129204395791,250,37,2727
F92022,20,paper2|orig,1001,336.1912313721177,250,40,2189
F92022,20,paper2|orig,1002,336.3804456203493,250,36,2481
F92022,20,paper2|orig,1003,335.69584354679137,250,35,2540
F92022,20,paper2|orig,1004,335.8788821952712,250,29,1984
F92022,20,paper2|orig,1005,336.31711147728447,250,40,2761
F92022,20,paper2|orig,1006,336.2247244558125,250,33,2353
F92022,20,paper2|orig,1007,336.0048345399073,250,38,2501
F92022,20,paper2|orig,1008,335.71367860598,250,42,2656
F92022,20,paper2|orig,1009,335.98100981348216,250,39,2609
F92022,20,paper2|orig,1010,335.7118347990913,250,50,1966
F92022,20,paper2|orig,1011,336.07366709752387,250,37,2460
F92022,20,paper2|orig,1012,336.7571358946898,250,40,2074
F92022,20,paper2|orig,1013,335.8560069899495,249,37,2386
F92022,20,paper2|orig,1014,335.6902507898658,250,31,1939
F92022,20,paper2|orig,1015,335.73353390665943,250,33,2295
F92022,20,paper2|orig,1016,335.86454745319315,250,37,2352
F92022,20,paper2|orig,1017,335.7123516481165,250,50,2900
F92022,20,paper2|orig,1018,335.6702965730733,250,46,2303
F92022,20,paper2|orig,1019,336.4317616122944,250,33,2465
F92022,20,paper2|orig,1020,335.7105716627125,250,36,2457
F92022,20,paper2|orig,1021,336.3717600283576,250,33,2307
F92022,20,paper2|orig,1022,336.1618139512302,249,35,2535
F92022,20,paper2|orig,1023,335.66655746417837,250,39,2491
F92022,20,paper2|orig,1024,335.7466627267363,250,32,2443
F92022,20,paper2|orig,1025,335.7526156979088,250,38,2681
F92022,20,paper2|orig,1026,336.4730979572828,250,38,3469
F92022,20,paper2|orig,1027,335.90185274918076,250,30,2657
F92022,20,paper2|orig,1028,335.7802798859984,250,30,2412
F92022,20,paper2|orig,1029,335.72206912084494,250,42,2113
F92022,20,paper2|centroid,1000,335.63877856193085,250,4359,1348
F92022,20,paper2|centroid,1001,335.63887093393623,250,4216,1372
F92022,20,paper2|centroid,1002,335.63877027441595,250,4449,1343
F92022,20,paper2|centroid,1003,335.63884152620267,250,4180,1370
F92022,20,paper2|centroid,1004,335.78515427490584,250,4547,1385
F92022,20,paper2|centroid,1005,335.63878059200806,250,4164,1287
F92022,20,paper2|centroid,1006,335.7778187734789,250,4066,1529
F92022,20,paper2|centroid,1007,339.5172789132007,250,4141,1370
F92022,20,paper2|centroid,1008,478.8453371906053,250,4147,1364
F92022,20,paper2|centroid,1009,335.6974811795817,250,3705,1217
F92022,20,paper2|centroid,1010,335.7917662621985,250,3891,1304
F92022,20,paper2|centroid,1011,335.6673140924149,250,4341,1390
F92022,20,paper2|centroid,1012,337.23509805900403,250,3654,1407
F92022,20,paper2|centroid,1013,335.66455255318124,250,4279,1342
F92022,20,paper2|centroid,1014,335.6388143002837,250,4398,1335
F92022,20,paper2|centroid,1015,337.3461489127126,250,4240,1348
F92022,20,paper2|centroid,1016,342.357363032319,250,4618,1602
F92022,20,paper2|centroid,1017,335.6388719878878,250,4309,1368
F92022,20,paper2|centroid,1018,335.63888449657725,250,4329,1474
F92022,20,paper2|centroid,1019,335.63963769550764,250,4347,1318
F92022,20,paper2|centroid,1020,335.6390035889508,250,4439,1370
F92022,20,paper2|centroid,1021,335.638771956802,250,4193,1482
F92022,20,paper2|centroid,1022,335.63884539678475,250,4100,1325
F92022,20,paper2|centroid,1023,335.63886948384334,250,4364,1439
F92022,20,paper2|centroid,1024,342.9948437941657,250,3627,1207
F92022,20,paper2|centroid,1025,335.63890879927703,250,4249,1402
F92022,20,paper2|centroid,1026,335.63877925757015,250,3721,1217
F92022,20,paper2|centroid,1027,335.6387712364731,250,4377,1216
F92022,20,paper2|centroid,1028,335.6412826865326,250,4379,1456
F92022,20,paper2|centroid,1029,335.6834522673653,250,4050,1383
F92022,20,c2only|orig,1000,338.212489789144,250,0,5829
F92022,20,c2only|orig,1001,336.2427561400009,250,0,5892
F92022,20,c2only|orig,1002,340.419311094603,250,0,5927
F92022,20,c2only|orig,1003,336.9507579568208,250,0,5919
F92022,20,c2only|orig,1004,337.6799144260831,250,0,5831
F92022,20,c2only|orig,1005,337.2154480731274,250,0,5948
F92022,20,c2only|orig,1006,337.14366647480074,250,0,5955
F92022,20,c2only|orig,1007,345.09192905306645,250,0,6051
F92022,20,c2only|orig,1008,338.38815932157513,250,0,5869
F92022,20,c2only|orig,1009,339.2094324299683,250,0,5847
F92022,20,c2only|orig,1010,340.8552537414789,250,0,5843
F92022,20,c2only|orig,1011,337.57200720438505,250,0,5932
F92022,20,c2only|orig,1012,338.5532666956815,250,0,5942
F92022,20,c2only|orig,1013,346.49191981827744,250,0,5890
F92022,20,c2only|orig,1014,338.7020866829821,250,0,5936
F92022,20,c2only|orig,1015,343.5504154807563,250,0,5908
F92022,20,c2only|orig,1016,338.6938034249124,250,0,5810
F92022,20,c2only|orig,1017,336.1536598507796,250,0,5919
F92022,20,c2only|orig,1018,338.1507741620312,250,0,5831
F92022,20,c2only|orig,1019,337.71913647678775,250,0,5865
F92022,20,c2only|orig,1020,336.1215686804544,250,0,5767
F92022,20,c2only|orig,1021,342.0717548428547,250,0,6009
F92022,20,c2only|orig,1022,338.97493499893835,250,0,5870
F92022,20,c2only|orig,1023,340.99560131196813,250,0,5979
F92022,20,c2only|orig,1024,340.20032911221506,250,0,5900
F92022,20,c2only|orig,1025,338.705108703547,250,0,5855
F92022,20,c2only|orig,1026,335.77888596648063,250,0,5858
F92022,20,c2only|orig,1027,338.98146621369597,250,0,5940
F92022,20,c2only|orig,1028,357.73325334804576,250,0,5918
F92022,20,c2only|orig,1029,336.41622794091654,250,0,5776
F102022,20,code3|orig,1000,421.11130765076496,166,48,2492
F102022,20,code3|orig,1001,408.955756643978,166,34,2865
F102022,20,code3|orig,1002,430.1165888164014,166,22,2072
F102022,20,code3|orig,1003,405.4195279425171,166,30,3019
F102022,20,code3|orig,1004,553.8768959401523,166,17,1302
F102022,20,code3|orig,1005,409.463447209007,166,44,3041
F102022,20,code3|orig,1006,4307.737543564797,166,14,130
F102022,20,code3|orig,1007,410.47886622867554,166,28,2337
F102022,20,code3|orig,1008,542.5970642406155,166,27,2404
F102022,20,code3|orig,1009,406.2465110719727,166,38,3124
F102022,20,code3|orig,1010,416.4979446658185,166,29,2504
F102022,20,code3|orig,1011,4376.8081183922295,166,20,159
F102022,20,code3|orig,1012,4938.350084117142,166,20,153
F102022,20,code3|orig,1013,417.66760361003026,166,23,2633
F102022,20,code3|orig,1014,4648.199040139307,166,20,144
F102022,20,code3|orig,1015,4172.591442465517,166,32,171
F102022,20,code3|orig,1016,494.7609675626727,166,20,2437
F102022,20,code3|orig,1017,410.3661605938596,166,28,3397
F102022,20,code3|orig,1018,408.39485096861426,166,28,2884
F102022,20,code3|orig,1019,4817.1373418603525,166,19,150
F102022,20,code3|orig,1020,412.4489386399023,166,20,2677
F102022,20,code3|orig,1021,411.0736070787948,166,25,3025
F102022,20,code3|orig,1022,409.72655552692277,166,28,3139
F102022,20,code3|orig,1023,4553.674504940347,166,31,133
F102022,20,code3|orig,1024,4748.091228343567,166,35,132
F102022,20,code3|orig,1025,3987.1992030809433,166,21,179
F102022,20,code3|orig,1026,417.6043137782631,166,21,2512
F102022,20,code3|orig,1027,4353.198768107172,166,19,123
F102022,20,code3|orig,1028,409.2202708266582,166,29,3650
F102022,20,code3|orig,1029,572.591596899354,166,30,2428
F102022,20,code3|centroid,1000,397.71869195164163,166,1270,2274
F102022,20,code3|centroid,1001,404.9356363427951,166,2226,1832
F102022,20,code3|centroid,1002,4339.85681149294,166,44,133
F102022,20,code3|centroid,1003,406.43537802593664,166,1982,2175
F102022,20,code3|centroid,1004,413.7058436253019,166,1379,1414
F102022,20,code3|centroid,1005,402.8286605520043,166,1641,2155
F102022,20,code3|centroid,1006,4514.829892869248,166,49,140
F102022,20,code3|centroid,1007,600.0080688283788,166,605,1475
F102022,20,code3|centroid,1008,411.50525427103594,166,1585,1889
F102022,20,code3|centroid,1009,404.1777893039184,166,1683,2163
F102022,20,code3|centroid,1010,4006.0929307084025,166,31,123
F102022,20,code3|centroid,1011,4981.882790187969,166,38,133
F102022,20,code3|centroid,1012,540.1281333116176,166,523,669
F102022,20,code3|centroid,1013,4336.538511383328,166,47,120
F102022,20,code3|centroid,1014,4435.456708734545,166,50,143
F102022,20,code3|centroid,1015,403.94866395957115,166,1346,1954
F102022,20,code3|centroid,1016,572.5910975698671,166,1228,1108
F102022,20,code3|centroid,1017,408.6006079459157,166,2287,1844
F102022,20,code3|centroid,1018,4278.673162113444,166,29,136
F102022,20,code3|centroid,1019,602.5495123920482,166,1314,1160
F102022,20,code3|centroid,1020,417.61167132304627,166,2308,1623
F102022,20,code3|centroid,1021,562.8803804279692,166,66,2524
F102022,20,code3|centroid,1022,402.11571758366244,166,1525,2005
F102022,20,code3|centroid,1023,577.2373456847472,166,1036,927
F102022,20,code3|centroid,1024,4947.504088991311,166,38,129
F102022,20,code3|centroid,1025,4401.752213679896,166,34,156
F102022,20,code3|centroid,1026,414.43886897300763,166,1049,2291
F102022,20,code3|centroid,1027,548.3761957424731,166,1466,1434
F102022,20,code3|centroid,1028,411.0812413692647,166,1429,2310
F102022,20,code3|centroid,1029,415.4266150473136,166,1574,1544
F102022,20,paper2|orig,1000,4324.66742778525,250,33,135
F102022,20,paper2|orig,1001,404.61620904204983,250,42,2532
F102022,20,paper2|orig,1002,4677.117271557944,250,26,130
F102022,20,paper2|orig,1003,530.1741906320794,250,28,625
F102022,20,paper2|orig,1004,408.8642589821252,250,48,2132
F102022,20,paper2|orig,1005,399.361556487077,250,41,1951
F102022,20,paper2|orig,1006,4626.532873449598,250,17,132
F102022,20,paper2|orig,1007,5121.292254672199,250,30,120
F102022,20,paper2|orig,1008,405.02948038398927,250,36,1098
F102022,20,paper2|orig,1009,400.74035237042335,250,40,2185
F102022,20,paper2|orig,1010,402.9307324470001,250,42,1079
F102022,20,paper2|orig,1011,404.4950140638225,250,40,2177
F102022,20,paper2|orig,1012,578.80334569568,250,35,591
F102022,20,paper2|orig,1013,403.8875683678589,250,28,2482
F102022,20,paper2|orig,1014,705.3507704823965,250,28,405
F102022,20,paper2|orig,1015,402.63674396949955,250,38,1755
F102022,20,paper2|orig,1016,4435.35534469989,250,35,155
F102022,20,paper2|orig,1017,404.4894734803829,250,39,1886
F102022,20,paper2|orig,1018,400.7739310662796,250,30,1968
F102022,20,paper2|orig,1019,402.1709937339965,250,35,2053
F102022,20,paper2|orig,1020,669.5769176051836,250,24,443
F102022,20,paper2|orig,1021,548.0462146799591,250,39,576
F102022,20,paper2|orig,1022,401.43898592053756,250,36,2055
F102022,20,paper2|orig,1023,4736.1702094400225,250,37,123
F102022,20,paper2|orig,1024,604.915341434215,250,32,507
F102022,20,paper2|orig,1025,408.4887955955537,250,46,3032
F102022,20,paper2|orig,1026,407.77203608916625,250,41,1271
F102022,20,paper2|orig,1027,4354.981037795801,250,29,144
F102022,20,paper2|orig,1028,406.0610073191151,250,56,2214
F102022,20,paper2|orig,1029,4457.163916318656,250,39,147
F102022,20,paper2|centroid,1000,504.57504832612767,250,732,911
F102022,20,paper2|centroid,1001,4723.53428923812,250,47,113
F102022,20,paper2|centroid,1002,406.2017324447211,250,2956,1848
F102022,20,paper2|centroid,1003,402.72713832575937,250,1726,1611
F102022,20,paper2|centroid,1004,399.16954512283655,250,1888,1454
F102022,20,paper2|centroid,1005,405.0808347921552,250,2106,1362
F102022,20,paper2|centroid,1006,413.7298525222059,250,2400,1484
F102022,20,paper2|centroid,1007,404.65110682330214,250,1611,1455
F102022,20,paper2|centroid,1008,491.7632381346866,250,293,883
F102022,20,paper2|centroid,1009,403.0572856259746,250,1021,1825
F102022,20,paper2|centroid,1010,4721.094001206975,250,45,138
F102022,20,paper2|centroid,1011,400.51769989789227,250,2109,1265
F102022,20,paper2|centroid,1012,402.05080732890156,250,1673,1531
F102022,20,paper2|centroid,1013,4989.862773439585,250,52,117
F102022,20,paper2|centroid,1014,4647.1912588715795,250,45,114
F102022,20,paper2|centroid,1015,490.85866170810186,250,280,1045
F102022,20,paper2|centroid,1016,580.635816371615,250,158,478
F102022,20,paper2|centroid,1017,5046.67856498835,250,53,111
F102022,20,paper2|centroid,1018,4220.640772556221,250,50,105
F102022,20,paper2|centroid,1019,403.967317174227,250,1094,1245
F102022,20,paper2|centroid,1020,990.7223843933252,250,51,154
F102022,20,paper2|centroid,1021,402.9629827028534,250,421,1211
F102022,20,paper2|centroid,1022,402.90605133802273,250,2617,1266
F102022,20,paper2|centroid,1023,4161.745861671151,250,43,109
F102022,20,paper2|centroid,1024,4590.1292449035345,250,47,130
F102022,20,paper2|centroid,1025,4785.8027289408565,250,54,114
F102022,20,paper2|centroid,1026,4277.037763149182,250,53,115
F102022,20,paper2|centroid,1027,4640.398511145905,250,44,114
F102022,20,paper2|centroid,1028,398.8693586900763,250,1728,1524
F102022,20,paper2|centroid,1029,599.2762018972808,250,178,486
F102022,20,c2only|orig,1000,414.0775344331023,250,0,4224
F102022,20,c2only|orig,1001,407.9855671109308,250,0,3881
F102022,20,c2only|orig,1002,410.6173935947745,250,0,4207
F102022,20,c2only|orig,1003,406.55671159909343,250,0,4514
F102022,20,c2only|orig,1004,409.11074970552363,250,0,4365
F102022,20,c2only|orig,1005,414.6679914523438,250,0,4007
F102022,20,c2only|orig,1006,3913.0557700927784,250,0,158
F102022,20,c2only|orig,1007,4209.23115473862,250,0,178
F102022,20,c2only|orig,1008,597.5603191448954,250,0,3779
F102022,20,c2only|orig,1009,405.75382784255,250,0,4347
F102022,20,c2only|orig,1010,415.7783087868688,250,0,3934
F102022,20,c2only|orig,1011,418.4668339580753,250,0,4704
F102022,20,c2only|orig,1012,644.0928148897019,250,0,3660
F102022,20,c2only|orig,1013,417.2300081648127,250,0,1954
F102022,20,c2only|orig,1014,417.46065901199427,250,0,3751
F102022,20,c2only|orig,1015,423.2431585435306,250,0,1013
F102022,20,c2only|orig,1016,3996.0522157630294,250,0,171
F102022,20,c2only|orig,1017,4618.881534242426,250,0,185
F102022,20,c2only|orig,1018,414.07568201503045,250,0,4077
F102022,20,c2only|orig,1019,601.1804281685854,250,0,3955
F102022,20,c2only|orig,1020,405.0751813858683,250,0,4204
F102022,20,c2only|orig,1021,413.6845525914705,250,0,3702
F102022,20,c2only|orig,1022,409.4489094707342,250,0,4638
F102022,20,c2only|orig,1023,4508.5915580845385,250,0,185
F102022,20,c2only|orig,1024,550.7220827454603,250,0,2444
F102022,20,c2only|orig,1025,526.7933142139273,250,0,3872
F102022,20,c2only|orig,1026,419.86398788077577,250,0,4055
F102022,20,c2only|orig,1027,543.2407618168936,250,0,3734
F102022,20,c2only|orig,1028,405.8750854691557,250,0,4099
F102022,20,c2only|orig,1029,4523.706559579978,250,0,160
F112022,20,code3|orig,1000,19.842365986003642,166,38,3943
F112022,20,code3|orig,1001,16.465014187840552,166,34,3933
F112022,20,code3|orig,1002,6.645102757792301,166,31,3891
F112022,20,code3|orig,1003,15.673277032239184,166,28,3846
F112022,20,code3|orig,1004,11.806212330513517,166,21,3960
F112022,20,code3|orig,1005,10.987253578418859,166,30,3941
F112022,20,code3|orig,1006,10.294976726118875,166,27,3973
F112022,20,code3|orig,1007,0.32652509655099493,166,29,3865
F112022,20,code3|orig,1008,10.050619122350327,166,43,3938
F112022,20,code3|orig,1009,8.593432272521568,166,32,3932
F112022,20,code3|orig,1010,0.2560191129005034,166,26,3899
F112022,20,code3|orig,1011,0.17684731487634053,166,32,3911
F112022,20,code3|orig,1012,2.3982276240549254,166,30,3853
F112022,20,code3|orig,1013,0.469386725606455,166,28,3897
F112022,20,code3|orig,1014,1.9369645572278387,166,32,3981
F112022,20,code3|orig,1015,0.9318323377392517,166,32,3878
F112022,20,code3|orig,1016,0.09371107863171346,166,53,3784
F112022,20,code3|orig,1017,9.714579130763468,166,36,3769
F112022,20,code3|orig,1018,18.966425375450854,166,33,3953
F112022,20,code3|orig,1019,0.5637381747251311,166,31,3984
F112022,20,code3|orig,1020,0.4622731601762098,166,39,3912
F112022,20,code3|orig,1021,31.410896914769182,166,36,3954
F112022,20,code3|orig,1022,0.5585268136219383,166,31,3831
F112022,20,code3|orig,1023,27.361116531382777,166,38,3899
F112022,20,code3|orig,1024,1550.5518934681959,166,37,3913
F112022,20,code3|orig,1025,0.2999656501924619,166,25,3910
F112022,20,code3|orig,1026,16.53419381408503,166,39,3826
F112022,20,code3|orig,1027,5.732673312309089,166,34,3882
F112022,20,code3|orig,1028,14.757633837331014,166,39,3938
F112022,20,code3|orig,1029,4.242319160957322,166,32,3954
F112022,20,code3|centroid,1000,0.004484272347781371,166,2746,1914
F112022,20,code3|centroid,1001,181.1255468959871,166,2420,2133
F112022,20,code3|centroid,1002,5.975371095701121e-07,166,2774,1878
F112022,20,code3|centroid,1003,2.4710540949354254,166,2745,1889
F112022,20,code3|centroid,1004,3.869751708407421e-06,166,2785,1817
F112022,20,code3|centroid,1005,318.17013666518005,166,2569,2061
F112022,20,code3|centroid,1006,3.213391006695929,166,2727,1923
F112022,20,code3|centroid,1007,7.321173598029418e-06,166,2811,1807
F112022,20,code3|centroid,1008,6.910709089424927e-06,166,2810,1842
F112022,20,code3|centroid,1009,1494.8623428249548,166,2652,1964
F112022,20,code3|centroid,1010,3.343223761476111e-05,166,2817,1839
F112022,20,code3|centroid,1011,6.49332150715054e-06,166,2747,1822
F112022,20,code3|centroid,1012,5.930758093568784,166,2776,1867
F112022,20,code3|centroid,1013,47.75675397032501,166,1521,2637
F112022,20,code3|centroid,1014,22.184549951101417,166,2677,1968
F112022,20,code3|centroid,1015,331.7098445643678,166,2523,2105
F112022,20,code3|centroid,1016,1256.6561863096076,166,2536,2073
F112022,20,code3|centroid,1017,749.8827609441269,166,2522,2092
F112022,20,code3|centroid,1018,1.2983383385289926e-05,166,2846,1794
F112022,20,code3|centroid,1019,225.32973536838563,166,2581,2038
F112022,20,code3|centroid,1020,2.623191903694533e-07,166,2802,1837
F112022,20,code3|centroid,1021,46.89712789253372,166,2545,2040
F112022,20,code3|centroid,1022,1491.784907911764,166,2682,1960
F112022,20,code3|centroid,1023,1302.5590487282602,166,2740,1934
F112022,20,code3|centroid,1024,12.357248521116162,166,2781,1857
F112022,20,code3|centroid,1025,1.8622263269207906e-06,166,2854,1776
F112022,20,code3|centroid,1026,1093.5174632052203,166,2705,2002
F112022,20,code3|centroid,1027,1345.4425895388376,166,2601,2019
F112022,20,code3|centroid,1028,1341.106363140164,166,2679,2003
F112022,20,code3|centroid,1029,0.0014191498867148766,166,2668,1936
F112022,20,paper2|orig,1000,0.001922402436775883,250,35,3682
F112022,20,paper2|orig,1001,0.0019549039438970794,250,41,3520
F112022,20,paper2|orig,1002,0.021596915195459587,250,41,3848
F112022,20,paper2|orig,1003,0.003213012189462461,250,46,3532
F112022,20,paper2|orig,1004,0.0536864700256956,250,30,3810
F112022,20,paper2|orig,1005,0.0015002226264186902,250,39,3545
F112022,20,paper2|orig,1006,0.0046916258752389695,250,28,3666
F112022,20,paper2|orig,1007,0.0008906914090403006,250,31,3507
F112022,20,paper2|orig,1008,0.0006771184644094319,250,40,3777
F112022,20,paper2|orig,1009,0.0016951616207734332,250,36,3552
F112022,20,paper2|orig,1010,0.0031094883888727054,250,54,3566
F112022,20,paper2|orig,1011,0.00033201821679540444,250,33,3530
F112022,20,paper2|orig,1012,0.006410933837287303,250,34,3764
F112022,20,paper2|orig,1013,4.791278910175151,250,31,4010
F112022,20,paper2|orig,1014,0.0010015049606408866,250,40,3627
F112022,20,paper2|orig,1015,0.0016240665208897553,250,42,3573
F112022,20,paper2|orig,1016,0.004135651754495484,250,55,3760
F112022,20,paper2|orig,1017,0.0034267193473169755,250,35,3410
F112022,20,paper2|orig,1018,0.0010974299866575166,250,43,3362
F112022,20,paper2|orig,1019,0.002918211331234488,250,37,3565
F112022,20,paper2|orig,1020,0.0011666034602058062,250,56,3608
F112022,20,paper2|orig,1021,0.0013108151765663933,250,46,3628
F112022,20,paper2|orig,1022,0.01844232039320559,250,35,3569
F112022,20,paper2|orig,1023,0.011800013859556202,250,33,3535
F112022,20,paper2|orig,1024,0.00032223955986410147,250,33,3490
F112022,20,paper2|orig,1025,0.002317787716492603,250,41,3610
F112022,20,paper2|orig,1026,0.006304236459072854,250,41,3561
F112022,20,paper2|orig,1027,0.00046527650101779727,250,49,3457
F112022,20,paper2|orig,1028,0.001618905917439406,250,39,3809
F112022,20,paper2|orig,1029,0.002215552524830855,250,66,3653
F112022,20,paper2|centroid,1000,0.0006340414124679228,250,4522,2104
F112022,20,paper2|centroid,1001,669.1599179565997,250,3862,2298
F112022,20,paper2|centroid,1002,2.546585164964199e-10,250,4558,2037
F112022,20,paper2|centroid,1003,1.3916860552853905e-07,250,4576,2034
F112022,20,paper2|centroid,1004,1.088028511730954e-08,250,4372,2035
F112022,20,paper2|centroid,1005,238.15069306736586,250,3957,2204
F112022,20,paper2|centroid,1006,9.349605534225702e-10,250,4636,1922
F112022,20,paper2|centroid,1007,1.2096279533579946e-09,250,4658,1944
F112022,20,paper2|centroid,1008,7.09405867382884e-11,250,4581,2049
F112022,20,paper2|centroid,1009,239.8587346515901,250,3882,2330
F112022,20,paper2|centroid,1010,1.344233169220388e-09,250,4517,2068
F112022,20,paper2|centroid,1011,9.772520570550114e-10,250,4668,2004
F112022,20,paper2|centroid,1012,7.379519502137555e-05,250,4614,1997
F112022,20,paper2|centroid,1013,380.06579615344435,250,4035,2334
F112022,20,paper2|centroid,1014,51.54404246147624,250,4098,2292
F112022,20,paper2|centroid,1015,205.54044036719733,250,3926,2302
F112022,20,paper2|centroid,1016,1557.0757866362383,249,4286,1922
F112022,20,paper2|centroid,1017,19.129503182925873,250,4239,2190
F112022,20,paper2|centroid,1018,1.6278363546007313e-06,250,4518,1924
F112022,20,paper2|centroid,1019,39.02105592715816,250,4149,2182
F112022,20,paper2|centroid,1020,0.0001613536801414739,250,4478,2077
F112022,20,paper2|centroid,1021,39.70293180989893,250,4358,2104
F112022,20,paper2|centroid,1022,1183.923532389697,250,4195,2204
F112022,20,paper2|centroid,1023,3.7570410205821645,250,4528,2106
F112022,20,paper2|centroid,1024,708.5058194818134,250,4106,2343
F112022,20,paper2|centroid,1025,5.79569586989237e-07,250,4478,2073
F112022,20,paper2|centroid,1026,1557.0255631554646,250,3885,1865
F112022,20,paper2|centroid,1027,0.00013248486175143626,250,4526,2112
F112022,20,paper2|centroid,1028,456.1174224094684,250,4072,2320
F112022,20,paper2|centroid,1029,1.1214069672860205e-09,250,4492,2051
F112022,20,c2only|orig,1000,0.19060919606408788,250,0,5937
F112022,20,c2only|orig,1001,2.7292014554241177,250,0,5781
F112022,20,c2only|orig,1002,12.354680568561434,250,0,6001
F112022,20,c2only|orig,1003,9.717869927703305,250,0,5886
F112022,20,c2only|orig,1004,0.036783587411719054,250,0,5886
F112022,20,c2only|orig,1005,5.526734683742234,250,0,5716
F112022,20,c2only|orig,1006,14.21698279604243,250,0,6041
F112022,20,c2only|orig,1007,0.5632591984026476,250,0,6012
F112022,20,c2only|orig,1008,0.5267096377169764,250,0,6000
F112022,20,c2only|orig,1009,0.0385836280802323,250,0,5953
F112022,20,c2only|orig,1010,11.638946517763543,250,0,5998
F112022,20,c2only|orig,1011,0.23747547240009226,250,0,5992
F112022,20,c2only|orig,1012,8.070959484285595,250,0,6046
F112022,20,c2only|orig,1013,0.020066609022251214,250,0,5952
F112022,20,c2only|orig,1014,0.0160693276307029,250,0,6004
F112022,20,c2only|orig,1015,8.879802380310139,250,0,6017
F112022,20,c2only|orig,1016,0.04581683868627806,250,0,5812
F112022,20,c2only|orig,1017,0.3570650729393492,250,0,5964
F112022,20,c2only|orig,1018,0.2705422290932802,250,0,5898
F112022,20,c2only|orig,1019,0.023091551082870865,250,0,5938
F112022,20,c2only|orig,1020,0.14470837968701744,250,0,5933
F112022,20,c2only|orig,1021,16.17070114549597,250,0,5893
F112022,20,c2only|orig,1022,0.8015747070398902,250,0,5947
F112022,20,c2only|orig,1023,9.408936804473797,250,0,5972
F112022,20,c2only|orig,1024,1.4483191675012677,250,0,5991
F112022,20,c2only|orig,1025,9.294143312532924,250,0,5960
F112022,20,c2only|orig,1026,1.1081152941346772,250,0,5946
F112022,20,c2only|orig,1027,0.05594900628329924,250,0,5978
F112022,20,c2only|orig,1028,1557.018018120556,250,0,6061
F112022,20,c2only|orig,1029,38.641101633566905,250,0,6010
F122022,20,code3|orig,1000,319.3646420086093,166,30,2692
F122022,20,code3|orig,1001,324.8794674196524,166,29,3519
F122022,20,code3|orig,1002,256.46077445491164,166,31,2333
F122022,20,code3|orig,1003,359.3732604743227,166,45,2201
F122022,20,code3|orig,1004,252.86141035672472,166,30,3317
F122022,20,code3|orig,1005,259.30064602556513,166,40,3192
F122022,20,code3|orig,1006,260.2785249833023,166,35,3065
F122022,20,code3|orig,1007,302.35749246333444,166,59,3339
F122022,20,code3|orig,1008,300.125713503759,166,31,3101
F122022,20,code3|orig,1009,332.11921749274916,166,34,2904
F122022,20,code3|orig,1010,276.8485123733649,166,32,2981
F122022,20,code3|orig,1011,311.180627199049,166,40,3292
F122022,20,code3|orig,1012,258.1032182694221,166,37,1743
F122022,20,code3|orig,1013,371.2286236010191,166,45,3266
F122022,20,code3|orig,1014,272.8187514088395,166,35,3370
F122022,20,code3|orig,1015,291.3560401047589,166,39,3196
F122022,20,code3|orig,1016,296.5085795442146,166,43,3295
F122022,20,code3|orig,1017,317.1826012907745,166,35,2493
F122022,20,code3|orig,1018,239.37497876640964,166,31,2828
F122022,20,code3|orig,1019,263.00984989346216,166,35,2600
F122022,20,code3|orig,1020,259.123678704369,166,40,3356
F122022,20,code3|orig,1021,246.02947207470652,166,46,2703
F122022,20,code3|orig,1022,381.3079663660951,166,27,2928
F122022,20,code3|orig,1023,356.45296312309074,166,39,3137
F122022,20,code3|orig,1024,247.23013687552566,166,44,3237
F122022,20,code3|orig,1025,252.43631814507853,166,27,2893
F122022,20,code3|orig,1026,264.0591364036982,166,38,3250
F122022,20,code3|orig,1027,265.1356865213511,166,33,2680
F122022,20,code3|orig,1028,288.10955597008433,166,31,2814
F122022,20,code3|orig,1029,263.17379400518666,166,34,2836
F122022,20,code3|centroid,1000,386.9187176522446,166,1736,1570
F122022,20,code3|centroid,1001,285.7364232487789,166,1749,2082
F122022,20,code3|centroid,1002,266.67472851306,166,1098,2140
F122022,20,code3|centroid,1003,322.0627054970928,166,1579,2095
F122022,20,code3|centroid,1004,291.06912447483865,166,2620,1469
F122022,20,code3|centroid,1005,244.54110250675012,166,1716,2183
F122022,20,code3|centroid,1006,271.206306546208,166,1972,2124
F122022,20,code3|centroid,1007,442.9231461333193,166,1001,1704
F122022,20,code3|centroid,1008,385.7159488295888,166,1759,2146
F122022,20,code3|centroid,1009,376.8410731113263,166,1637,2086
F122022,20,code3|centroid,1010,389.2580988888076,166,1596,2141
F122022,20,code3|centroid,1011,311.880192141768,166,2269,1971
F122022,20,code3|centroid,1012,393.64098670502244,166,1582,2154
F122022,20,code3|centroid,1013,284.6395048453769,166,2859,1769
F122022,20,code3|centroid,1014,269.1136470569004,166,2077,2027
F122022,20,code3|centroid,1015,288.7429304341581,166,1176,2001
F122022,20,code3|centroid,1016,290.5085150224231,166,1753,1940
F122022,20,code3|centroid,1017,274.36079661043004,166,1365,1596
F122022,20,code3|centroid,1018,255.95358079847028,166,1083,2288
F122022,20,code3|centroid,1019,290.50062914421596,166,2114,2019
F122022,20,code3|centroid,1020,292.09902305012974,166,2197,1963
F122022,20,code3|centroid,1021,348.56574356603596,166,1933,1392
F122022,20,code3|centroid,1022,341.56216611419677,166,1138,2515
F122022,20,code3|centroid,1023,292.5606260299219,166,1449,2275
F122022,20,code3|centroid,1024,281.97540451677696,166,2248,1682
F122022,20,code3|centroid,1025,281.442014060769,166,1697,1937
F122022,20,code3|centroid,1026,289.47385180982064,166,1713,2050
F122022,20,code3|centroid,1027,278.2321088435747,166,1364,2210
F122022,20,code3|centroid,1028,288.1194140239927,166,1185,1820
F122022,20,code3|centroid,1029,285.58458833190934,166,572,1867
F122022,20,paper2|orig,1000,264.3557896114253,250,44,2010
F122022,20,paper2|orig,1001,272.1281389097885,250,29,1700
F122022,20,paper2|orig,1002,263.3184648901929,250,31,1845
F122022,20,paper2|orig,1003,240.7178198909305,250,45,1582
F122022,20,paper2|orig,1004,241.44177557866396,249,30,2208
F122022,20,paper2|orig,1005,290.07062387438646,250,38,1454
F122022,20,paper2|orig,1006,239.326985562353,250,33,2831
F122022,20,paper2|orig,1007,318.2581102699228,250,49,1870
F122022,20,paper2|orig,1008,281.48261986403486,250,32,3458
F122022,20,paper2|orig,1009,271.63322882709645,250,42,2227
F122022,20,paper2|orig,1010,249.25619398603476,250,37,2956
F122022,20,paper2|orig,1011,262.3234017541931,250,44,2388
F122022,20,paper2|orig,1012,349.55272475296306,250,39,1957
F122022,20,paper2|orig,1013,243.34851326920352,249,42,2645
F122022,20,paper2|orig,1014,284.3028401017232,249,34,2011
F122022,20,paper2|orig,1015,243.87963325565033,250,47,1856
F122022,20,paper2|orig,1016,239.29200705672247,250,48,2573
F122022,20,paper2|orig,1017,259.00144776703337,250,46,1874
F122022,20,paper2|orig,1018,277.5207762539103,249,57,1697
F122022,20,paper2|orig,1019,240.2577664765422,250,42,2415
F122022,20,paper2|orig,1020,410.52582126993457,250,39,1640
F122022,20,paper2|orig,1021,245.81532002601398,250,48,2250
F122022,20,paper2|orig,1022,267.90457660668335,250,28,3201
F122022,20,paper2|orig,1023,273.18272481011354,250,44,1860
F122022,20,paper2|orig,1024,241.24244470990925,250,35,3016
F122022,20,paper2|orig,1025,242.37166537723533,250,28,2204
F122022,20,paper2|orig,1026,269.94831148106323,250,35,2264
F122022,20,paper2|orig,1027,243.7892890500234,250,35,2232
F122022,20,paper2|orig,1028,250.30469488023073,250,32,2501
F122022,20,paper2|orig,1029,248.88592731889548,250,37,2141
F122022,20,paper2|centroid,1000,331.96418245350924,250,1696,1148
F122022,20,paper2|centroid,1001,300.01528620536146,250,2355,1196
F122022,20,paper2|centroid,1002,266.86509620277684,250,2908,1113
F122022,20,paper2|centroid,1003,242.3062144461287,249,2245,1420
F122022,20,paper2|centroid,1004,262.6540253729763,250,1492,985
F122022,20,paper2|centroid,1005,276.78654955569755,249,3626,1293
F122022,20,paper2|centroid,1006,309.1005044737017,249,2127,1212
F122022,20,paper2|centroid,1007,301.5048904216037,249,2458,1313
F122022,20,paper2|centroid,1008,305.5676689852726,249,4253,1561
F122022,20,paper2|centroid,1009,246.12833302774834,250,2311,1390
F122022,20,paper2|centroid,1010,247.3636316290358,250,1845,1573
F122022,20,paper2|centroid,1011,302.073831933159,250,2697,1337
F122022,20,paper2|centroid,1012,298.1972243288701,250,2799,1833
F122022,20,paper2|centroid,1013,343.7953936333615,250,1402,1730
F122022,20,paper2|centroid,1014,314.5044767605423,250,1759,1442
F122022,20,paper2|centroid,1015,253.2109970682095,250,1912,1423
F122022,20,paper2|centroid,1016,256.6999026116673,250,1479,1312
F122022,20,paper2|centroid,1017,290.2847054730173,249,2937,1605
F122022,20,paper2|centroid,1018,383.1980923483793,250,1900,1455
F122022,20,paper2|centroid,1019,315.33057331978216,250,2416,1545
F122022,20,paper2|centroid,1020,304.6657847530755,250,1102,1933
F122022,20,paper2|centroid,1021,269.4127084351312,250,2070,1554
F122022,20,paper2|centroid,1022,481.14921339711964,250,2037,1430
F122022,20,paper2|centroid,1023,249.0033761109812,250,2053,1431
F122022,20,paper2|centroid,1024,238.2850342651368,249,3419,1718
F122022,20,paper2|centroid,1025,286.4314432607571,250,2627,1105
F122022,20,paper2|centroid,1026,296.86732948029794,250,1924,2179
F122022,20,paper2|centroid,1027,262.5513406111286,250,623,1505
F122022,20,paper2|centroid,1028,249.67083703012122,250,2063,1471
F122022,20,paper2|centroid,1029,262.1369081610037,250,1676,1355
F122022,20,c2only|orig,1000,288.31093927776647,250,0,4634
F122022,20,c2only|orig,1001,245.1728562004978,250,0,4199
F122022,20,c2only|orig,1002,277.1097182582798,250,0,4745
F122022,20,c2only|orig,1003,274.66150958264643,250,0,3805
F122022,20,c2only|orig,1004,275.3419312374135,250,0,4305
F122022,20,c2only|orig,1005,250.49634724202542,250,0,4996
F122022,20,c2only|orig,1006,294.9139658504482,250,0,5508
F122022,20,c2only|orig,1007,386.590161582943,250,0,4699
F122022,20,c2only|orig,1008,270.33324849094424,250,0,5037
F122022,20,c2only|orig,1009,298.2365945899528,250,0,4135
F122022,20,c2only|orig,1010,255.11672220754417,250,0,4382
F122022,20,c2only|orig,1011,282.7620815849782,250,0,3674
F122022,20,c2only|orig,1012,270.52816055074663,250,0,4651
F122022,20,c2only|orig,1013,300.8927143409969,250,0,5141
F122022,20,c2only|orig,1014,269.6299615112912,250,0,3899
F122022,20,c2only|orig,1015,319.3654338504175,250,0,4070
F122022,20,c2only|orig,1016,253.13809881106135,250,0,5288
F122022,20,c2only|orig,1017,281.2896484360881,250,0,5105
F122022,20,c2only|orig,1018,277.11794511862945,250,0,4787
F122022,20,c2only|orig,1019,276.6273307783963,250,0,5124
F122022,20,c2only|orig,1020,325.19561320889125,250,0,5218
F122022,20,c2only|orig,1021,290.57581021319265,250,0,5340
F122022,20,c2only|orig,1022,260.4679319372799,250,0,5369
F122022,20,c2only|orig,1023,304.49320385217925,250,0,4971
F122022,20,c2only|orig,1024,283.5000233472301,250,0,3185
F122022,20,c2only|orig,1025,272.3447483109926,250,0,4826
F122022,20,c2only|orig,1026,262.46130887226354,250,0,4950
F122022,20,c2only|orig,1027,243.95950326580441,250,0,4030
F122022,20,c2only|orig,1028,337.02196707138773,250,0,4087
F122022,20,c2only|orig,1029,272.19112591064595,250,0,4970
